game_id,date,home_team,away_team,home_team_id,away_team_id,home_pitcher_id,home_pitcher_name,away_pitcher_id,away_pitcher_name,status
778742,2025-02-23,Washington Nationals,New York Mets,120,121,829272.0,Shinnosuke Ogasawara,686654.0,Ty Adcock,Final
779085,2025-02-23,St. Louis Cardinals,Houston Astros,138,117,571945.0,Miles Mikolas,681293.0,Spencer Arrighetti,Final
778778,2025-02-23,Boston Red Sox,Toronto Blue Jays,111,141,676979.0,Garrett Crochet,684320.0,Yariel Rodríguez,Final
779039,2025-02-23,Pittsburgh Pirates,Minnesota Twins,134,142,656605.0,Mitch Keller,701581.0,David Festa,Final
778915,2025-02-23,Philadelphia Phillies,Baltimore Orioles,143,110,663969.0,Tyler Phillips,700249.0,Cade Povich,Final
778705,2025-02-23,Atlanta Braves,Tampa Bay Rays,144,139,666120.0,Ian Anderson,697812.0,Joe Rock,Final
779054,2025-02-23,New York Yankees,Detroit Tigers,147,116,682044.0,Sean Boyle,663554.0,Casey Mize,Final
778897,2025-02-23,New York Mets,Miami Marlins,121,146,668820.0,Max Kranick,645261.0,Sandy Alcantara,Final
778842,2025-02-23,Cleveland Guardians,Los Angeles Angels,114,108,594902.0,Ben Lively,672282.0,Reid Detmers,Final
779143,2025-02-23,Athletics,Colorado Rockies,133,115,605488.0,Jeffrey Springs,663765.0,Jake Woodford,Final
778864,2025-02-23,Los Angeles Dodgers,San Diego Padres,119,135,669160.0,Dustin May,804556.0,Braden Nett,Final
778993,2025-02-23,San Francisco Giants,Cincinnati Reds,137,113,657277.0,Logan Webb,607259.0,Nick Martinez,Final
778755,2025-02-23,Chicago Cubs,Texas Rangers,112,140,607067.0,Colin Rea,674003.0,Cody Bradford,Final
778941,2025-02-23,Kansas City Royals,Chicago White Sox,118,145,663460.0,Kris Bubic,656457.0,Tyler Gilbert,Final
779020,2025-02-23,Seattle Mariners,Arizona Diamondbacks,136,109,676106.0,Emerson Hancock,674072.0,Tommy Henry,Final
778807,2025-02-23,Colorado Rockies,Milwaukee Brewers,115,158,607536.0,Kyle Freeland,676879.0,Aaron Ashby,Final
779082,2025-02-24,St. Louis Cardinals,New York Mets,138,121,571927.0,Steven Matz,694918.0,Blade Tidwell,Final
778837,2025-02-24,Cincinnati Reds,Los Angeles Dodgers,113,119,663903.0,Brady Singer,607192.0,Tyler Glasnow,Final
778943,2025-02-24,Kansas City Royals,Athletics,118,133,666142.0,Cole Ragans,674370.0,Osvaldo Bido,Final
778994,2025-02-24,San Francisco Giants,Colorado Rockies,137,115,434378.0,Justin Verlander,801403.0,Chase Dollander,Final
778865,2025-02-24,Chicago White Sox,Texas Rangers,145,140,681343.0,Shane Smith,592351.0,Jon Gray,Final
778806,2025-02-24,Arizona Diamondbacks,Cleveland Guardians,109,114,668678.0,Zac Gallen,676282.0,Joey Cantillo,Final
779019,2025-02-24,San Diego Padres,Chicago Cubs,135,112,681190.0,Randy Vásquez,571510.0,Matthew Boyd,Final
779159,2025-02-24,Los Angeles Angels,San Francisco Giants,108,137,543294.0,Kyle Hendricks,696131.0,Mason Black,Final
779104,2025-02-24,Milwaukee Brewers,Seattle Mariners,158,136,694477.0,Chad Patrick,669302.0,Logan Gilbert,Final
779114,2025-02-24,Detroit Tigers,Toronto Blue Jays,116,141,672456.0,Keider Montero,670102.0,Bowden Francis,Cancelled
778978,2025-02-24,Tampa Bay Rays,Minnesota Twins,139,142,641793.0,Zack Littell,663978.0,Chris Paddack,Cancelled
778913,2025-02-24,Philadelphia Phillies,Pittsburgh Pirates,143,134,650911.0,Cristopher Sánchez,694973.0,Paul Skenes,Cancelled
778737,2025-02-24,Houston Astros,Miami Marlins,117,146,669854.0,Ronel Blanco,677960.0,Ryan Weathers,Cancelled
779134,2025-02-24,Baltimore Orioles,Atlanta Braves,110,144,665152.0,Dean Kremer,625643.0,Reynaldo López,Cancelled
778771,2025-02-24,Boston Red Sox,New York Yankees,111,147,656557.0,Tanner Houck,471911.0,Carlos Carrasco,Cancelled
779130,2025-02-25,Baltimore Orioles,Detroit Tigers,110,116,450203.0,Charlie Morton,695549.0,Jackson Jobe,Final
778739,2025-02-25,Houston Astros,New York Mets,117,121,669854.0,Ronel Blanco,681810.0,Austin Warren,Final
778975,2025-02-25,Tampa Bay Rays,Philadelphia Phillies,139,143,671737.0,Taj Bradley,650911.0,Cristopher Sánchez,Final
778703,2025-02-25,Atlanta Braves,Boston Red Sox,144,111,625643.0,Reynaldo López,656794.0,Sean Newcomb,Final
779038,2025-02-25,Pittsburgh Pirates,Atlanta Braves,134,144,683003.0,Jared Jones,680885.0,Spencer Schwellenbach,Final
778882,2025-02-25,Minnesota Twins,New York Yankees,142,147,680573.0,Simeon Woods Richardson,471911.0,Carlos Carrasco,Final
778958,2025-02-25,Toronto Blue Jays,St. Louis Cardinals,141,138,453286.0,Max Scherzer,687273.0,Quinn Mathews,Final
779084,2025-02-25,Miami Marlins,Washington Nationals,146,120,665795.0,Edward Cabrera,592866.0,Trevor Williams,Final
778758,2025-02-25,Chicago Cubs,Arizona Diamondbacks,112,109,592791.0,Jameson Taillon,573009.0,Joe Mantiply,Final
778866,2025-02-25,Los Angeles Dodgers,Seattle Mariners,119,136,605483.0,Blake Snell,622491.0,Luis Castillo,Final
779144,2025-02-25,Athletics,San Francisco Giants,133,137,676664.0,JP Sears,592662.0,Robbie Ray,Final
778942,2025-02-25,Texas Rangers,Kansas City Royals,140,118,677958.0,Kumar Rocker,607625.0,Seth Lugo,Final
778832,2025-02-25,Cleveland Guardians,Milwaukee Brewers,114,158,682847.0,Luis Ortiz,694819.0,Jacob Misiorowski,Final
779021,2025-02-25,San Diego Padres,Los Angeles Angels,135,108,663568.0,Stephen Kolek,667755.0,José Soriano,Final
778805,2025-02-25,Colorado Rockies,Chicago White Sox,115,145,608566.0,Germán Márquez,663436.0,Davis Martin,Final
778741,2025-02-26,Washington Nationals,Houston Astros,120,117,687792.0,DJ Herz,664285.0,Framber Valdez,Final
779037,2025-02-26,Pittsburgh Pirates,Baltimore Orioles,134,110,663559.0,Bailey Falter,608372.0,Tomoyuki Sugano,Final
778772,2025-02-26,Boston Red Sox,Tampa Bay Rays,111,139,690928.0,Hunter Dobbins,693855.0,Ian Seymour,Final
779116,2025-02-26,Detroit Tigers,Minnesota Twins,116,142,669373.0,Tarik Skubal,702193.0,Andrew Morris,Final
778707,2025-02-26,Atlanta Braves,Pittsburgh Pirates,144,134,700363.0,AJ Smith-Shawver,681347.0,Mike Burrows,Final
779053,2025-02-26,New York Yankees,St. Louis Cardinals,147,138,701542.0,Will Warren,700241.0,Michael McGreevy,Final
778960,2025-02-26,Toronto Blue Jays,Philadelphia Phillies,141,143,621244.0,José Berríos,605452.0,Joe Ross,Final
779083,2025-02-26,Miami Marlins,New York Mets,146,121,676974.0,Max Meyer,621112.0,Paul Blackburn,Final
778939,2025-02-26,Kansas City Royals,Colorado Rockies,118,115,608379.0,Michael Wacha,663372.0,Ryan Feltner,Final
778991,2025-02-26,San Francisco Giants,Chicago Cubs,137,112,663855.0,Jordan Hicks,684007.0,Shota Imanaga,Final
778835,2025-02-26,Cleveland Guardians,Texas Rangers,114,140,668909.0,Gavin Williams,543135.0,Nathan Eovaldi,Final
778863,2025-02-26,Chicago White Sox,San Diego Padres,145,135,680732.0,Sean Burke,686701.0,Ryan Bergert,Final
779160,2025-02-26,Los Angeles Angels,Cincinnati Reds,108,113,542881.0,Tyler Anderson,666157.0,Nick Lodolo,Final
779023,2025-02-26,Seattle Mariners,Athletics,136,133,669923.0,George Kirby,683155.0,Joey Estes,Final
778803,2025-02-26,Arizona Diamondbacks,Milwaukee Brewers,109,158,669203.0,Corbin Burnes,641302.0,Tyler Alexander,Final
779102,2025-02-26,Milwaukee Brewers,Los Angeles Dodgers,158,119,623381.0,Thomas Pannone,808967.0,Yoshinobu Yamamoto,Final
779115,2025-02-27,Detroit Tigers,Boston Red Sox,116,111,656427.0,Jack Flaherty,682990.0,Quinn Priester,Final
778972,2025-02-27,Tampa Bay Rays,Detroit Tigers,139,116,678024.0,Mike Vasil,666159.0,Matt Manning,Final
779132,2025-02-27,Baltimore Orioles,Toronto Blue Jays,110,141,680570.0,Grayson Rodriguez,687922.0,Easton Lucas,Final
778883,2025-02-27,Minnesota Twins,Pittsburgh Pirates,142,134,641154.0,Pablo López,657571.0,Caleb Ferguson,Final
779081,2025-02-27,St. Louis Cardinals,Miami Marlins,138,146,669467.0,Andre Pallante,615698.0,Cal Quantrill,Final
778914,2025-02-27,Philadelphia Phillies,New York Yankees,143,147,554430.0,Zack Wheeler,607074.0,Carlos Rodón,Final
778896,2025-02-27,New York Mets,Houston Astros,121,117,605280.0,Clay Holmes,676467.0,Colton Gordon,Final
778759,2025-02-27,Chicago Cubs,Los Angeles Angels,112,108,696136.0,Jordan Wicks,702674.0,Caden Dana,Final
778836,2025-02-27,Cincinnati Reds,Arizona Diamondbacks,113,109,668933.0,Graham Ashcraft,694297.0,Brandon Pfaadt,Final
779145,2025-02-27,Athletics,San Diego Padres,133,135,622663.0,Luis Severino,663362.0,Matt Waldron,Final
778938,2025-02-27,Texas Rangers,Seattle Mariners,140,136,641816.0,Tyler Mahle,646242.0,Jhonathan Díaz,Final
778862,2025-02-27,Chicago White Sox,Cleveland Guardians,145,114,527048.0,Martín Pérez,671106.0,Logan Allen,Final
778804,2025-02-27,Colorado Rockies,Los Angeles Dodgers,115,119,687134.0,Bradley Blalock,689017.0,Landon Knack,Final
779022,2025-02-27,Seattle Mariners,San Francisco Giants,136,137,682243.0,Bryce Miller,694738.0,Landen Roupp,Final
779098,2025-02-27,Milwaukee Brewers,Kansas City Royals,158,118,650644.0,Aaron Civale,669441.0,Chandler Champlain,Final
778736,2025-02-27,Washington Nationals,Atlanta Braves,120,144,663623.0,Jake Irvin,693821.0,Bryce Elder,Final
778738,2025-02-28,Houston Astros,St. Louis Cardinals,117,138,686613.0,Hunter Brown,607200.0,Erick Fedde,Final
779035,2025-02-28,Pittsburgh Pirates,Tampa Bay Rays,134,139,656605.0,Mitch Keller,686752.0,Ryan Pepiot,Final
778879,2025-02-28,Minnesota Twins,Baltimore Orioles,142,110,805673.0,Zebby Matthews,621107.0,Zach Eflin,Final
778911,2025-02-28,Philadelphia Phillies,Boston Red Sox,143,111,666200.0,Jesús Luzardo,676979.0,Garrett Crochet,Final
778962,2025-02-28,Toronto Blue Jays,Detroit Tigers,141,116,605135.0,Chris Bassitt,681857.0,Reese Olson,Final
778894,2025-02-28,New York Mets,Washington Nationals,121,120,687075.0,Brandon Sproat,829272.0,Shinnosuke Ogasawara,Final
779080,2025-02-28,Miami Marlins,Atlanta Braves,146,144,645261.0,Sandy Alcantara,666120.0,Ian Anderson,Final
778834,2025-02-28,Cleveland Guardians,Colorado Rockies,114,115,594902.0,Ben Lively,607536.0,Kyle Freeland,Final
779142,2025-02-28,Athletics,Cincinnati Reds,133,113,605488.0,Jeffrey Springs,668881.0,Hunter Greene,Final
778937,2025-02-28,Texas Rangers,Chicago Cubs,140,112,674003.0,Cody Bradford,657006.0,Justin Steele,Final
778990,2025-02-28,San Francisco Giants,Milwaukee Brewers,137,158,657277.0,Logan Webb,642547.0,Freddy Peralta,Final
778800,2025-02-28,Arizona Diamondbacks,Kansas City Royals,109,118,518876.0,Merrill Kelly,663460.0,Kris Bubic,Final
779161,2025-02-28,Los Angeles Angels,Chicago White Sox,108,145,672282.0,Reid Detmers,686563.0,Jonathan Cannon,Final
779052,2025-02-28,New York Yankees,Toronto Blue Jays,147,141,543037.0,Gerrit Cole,814005.0,Jake Bloss,Final
778861,2025-02-28,Los Angeles Dodgers,Los Angeles Angels,119,108,669160.0,Dustin May,579328.0,Yusei Kikuchi,Final
779017,2025-02-28,San Diego Padres,Seattle Mariners,135,136,804556.0,Braden Nett,693433.0,Bryan Woo,Final
779129,2025-03-01,Baltimore Orioles,Pittsburgh Pirates,110,134,700249.0,Cade Povich,694973.0,Paul Skenes,Final
779079,2025-03-01,St. Louis Cardinals,Washington Nationals,138,120,571945.0,Miles Mikolas,647336.0,Michael Soroka,Final
778970,2025-03-01,Tampa Bay Rays,New York Mets,139,121,663556.0,Shane McClanahan,694918.0,Blade Tidwell,Final
778774,2025-03-01,Boston Red Sox,Minnesota Twins,111,142,656557.0,Tanner Houck,641927.0,Bailey Ober,Final
779111,2025-03-01,Detroit Tigers,Philadelphia Phillies,116,143,663554.0,Casey Mize,605400.0,Aaron Nola,Final
778704,2025-03-01,Atlanta Braves,Toronto Blue Jays,144,141,669276.0,Dylan Lee,606930.0,Jacob Barnes,Final
779051,2025-03-01,New York Yankees,Houston Astros,147,117,693645.0,Cam Schlittler,681293.0,Spencer Arrighetti,Final
778756,2025-03-01,Chicago Cubs,Cleveland Guardians,112,114,607067.0,Colin Rea,676282.0,Joey Cantillo,Final
778831,2025-03-01,Cincinnati Reds,San Diego Padres,113,135,663903.0,Brady Singer,656302.0,Dylan Cease,Final
778858,2025-03-01,Los Angeles Dodgers,San Francisco Giants,119,137,669422.0,Matt Sauer,693313.0,Carson Seymour,Final
778801,2025-03-01,Arizona Diamondbacks,Colorado Rockies,109,115,668678.0,Zac Gallen,801403.0,Chase Dollander,Final
779157,2025-03-01,Los Angeles Angels,Athletics,108,133,543294.0,Kyle Hendricks,674370.0,Osvaldo Bido,Final
779018,2025-03-01,Seattle Mariners,Chicago White Sox,136,145,676106.0,Emerson Hancock,681343.0,Shane Smith,Final
779099,2025-03-01,Milwaukee Brewers,Texas Rangers,158,140,668964.0,Tobias Myers,677958.0,Kumar Rocker,Final
778730,2025-03-01,Washington Nationals,Miami Marlins,120,146,669022.0,MacKenzie Gore,677960.0,Ryan Weathers,Final
778936,2025-03-01,Kansas City Royals,Chicago Cubs,118,112,666142.0,Cole Ragans,676962.0,Ben Brown,Final
778732,2025-03-02,Houston Astros,Washington Nationals,117,120,669854.0,Ronel Blanco,592866.0,Trevor Williams,Final
778769,2025-03-02,Boston Red Sox,New York Mets,111,121,621111.0,Walker Buehler,621112.0,Paul Blackburn,Final
779036,2025-03-02,Pittsburgh Pirates,Detroit Tigers,134,116,683003.0,Jared Jones,695549.0,Jackson Jobe,Final
778881,2025-03-02,Minnesota Twins,Tampa Bay Rays,142,139,663978.0,Chris Paddack,669358.0,Shane Baz,Final
778912,2025-03-02,Philadelphia Phillies,Baltimore Orioles,143,110,650911.0,Cristopher Sánchez,665152.0,Dean Kremer,Final
778706,2025-03-02,Atlanta Braves,New York Yankees,144,147,625643.0,Reynaldo López,573186.0,Marcus Stroman,Final
778957,2025-03-02,Toronto Blue Jays,Philadelphia Phillies,141,143,453286.0,Max Scherzer,592836.0,Taijuan Walker,Final
779078,2025-03-02,Miami Marlins,St. Louis Cardinals,146,138,665795.0,Edward Cabrera,571927.0,Steven Matz,Final
778749,2025-03-02,Chicago Cubs,Cincinnati Reds,112,113,571510.0,Matthew Boyd,686730.0,Carson Spiers,Final
779146,2025-03-02,Athletics,Los Angeles Dodgers,133,119,676664.0,JP Sears,680736.0,Justin Wrobleski,Final
778986,2025-03-02,San Francisco Giants,Los Angeles Angels,137,108,592662.0,Robbie Ray,667755.0,José Soriano,Final
778935,2025-03-02,Texas Rangers,Arizona Diamondbacks,140,109,592351.0,Jon Gray,593958.0,Eduardo Rodriguez,Final
778860,2025-03-02,Los Angeles Dodgers,Chicago White Sox,119,145,607192.0,Tyler Glasnow,663436.0,Davis Martin,Final
778833,2025-03-02,Cleveland Guardians,Milwaukee Brewers,114,158,677944.0,Slade Cecconi,623381.0,Thomas Pannone,Final
779013,2025-03-02,San Diego Padres,Kansas City Royals,135,118,681190.0,Randy Vásquez,607625.0,Seth Lugo,Final
778799,2025-03-02,Colorado Rockies,Seattle Mariners,115,136,608566.0,Germán Márquez,669302.0,Logan Gilbert,Final
779128,2025-03-03,Baltimore Orioles,Boston Red Sox,110,111,450203.0,Charlie Morton,690928.0,Hunter Dobbins,Final
779112,2025-03-03,Detroit Tigers,Toronto Blue Jays,116,141,669373.0,Tarik Skubal,621244.0,José Berríos,Final
778973,2025-03-03,Tampa Bay Rays,Atlanta Braves,139,144,656876.0,Drew Rasmussen,700363.0,AJ Smith-Shawver,Final
779076,2025-03-03,Miami Marlins,Houston Astros,146,117,676974.0,Max Meyer,664285.0,Framber Valdez,Final
778940,2025-03-03,Kansas City Royals,Texas Rangers,118,140,663738.0,Daniel Lynch IV,605288.0,Adrian Houser,Final
778859,2025-03-03,Chicago White Sox,Athletics,145,133,680732.0,Sean Burke,687765.0,Mitch Spence,Final
778802,2025-03-03,Arizona Diamondbacks,Chicago Cubs,109,112,669203.0,Corbin Burnes,668873.0,Caleb Kilian,Final
779156,2025-03-03,Los Angeles Angels,Colorado Rockies,108,115,542881.0,Tyler Anderson,663372.0,Ryan Feltner,Final
779012,2025-03-03,Seattle Mariners,Cleveland Guardians,136,114,622491.0,Luis Castillo,682847.0,Luis Ortiz,Final
778895,2025-03-03,New York Mets,Miami Marlins,121,146,673540.0,Kodai Senga,687362.0,Connor Gillispie,Final
779050,2025-03-03,New York Yankees,Pittsburgh Pirates,147,134,608331.0,Max Fried,663559.0,Bailey Falter,Final
778829,2025-03-03,Cincinnati Reds,Milwaukee Brewers,113,158,666157.0,Nick Lodolo,676879.0,Aaron Ashby,Final
779033,2025-03-04,Pittsburgh Pirates,Boston Red Sox,134,111,571760.0,Andrew Heaney,682990.0,Quinn Priester,Final
778733,2025-03-04,Washington Nationals,St. Louis Cardinals,120,138,663623.0,Jake Irvin,700241.0,Michael McGreevy,Final
779077,2025-03-04,St. Louis Cardinals,New York Mets,138,121,669467.0,Andre Pallante,656731.0,Tylor Megill,Final
778974,2025-03-04,Tampa Bay Rays,Detroit Tigers,139,116,657756.0,Connor Seabold,628317.0,Kenta Maeda,Final
778708,2025-03-04,Atlanta Braves,Minnesota Twins,144,142,519242.0,Chris Sale,677976.0,Randy Dobnak,Final
778909,2025-03-04,Philadelphia Phillies,New York Yankees,143,147,554430.0,Zack Wheeler,701542.0,Will Warren,Final
778825,2025-03-04,Cleveland Guardians,Los Angeles Angels,114,108,668909.0,Gavin Williams,686799.0,Jack Kochanowicz,Final
778750,2025-03-04,Chicago Cubs,San Diego Padres,112,135,684007.0,Shota Imanaga,663362.0,Matt Waldron,Final
778933,2025-03-04,Texas Rangers,Athletics,140,133,641540.0,Dane Dunning,669372.0,J.T. Ginn,Final
778798,2025-03-04,Colorado Rockies,Cincinnati Reds,115,113,687134.0,Bradley Blalock,668933.0,Graham Ashcraft,Final
779011,2025-03-04,San Diego Padres,San Francisco Giants,135,137,601713.0,Nick Pivetta,694738.0,Landen Roupp,Final
778857,2025-03-04,Los Angeles Dodgers,Cincinnati Reds,119,113,808967.0,Yoshinobu Yamamoto,695534.0,Chase Petty,Final
778735,2025-03-05,Houston Astros,St. Louis Cardinals,117,138,686613.0,Hunter Brown,543243.0,Sonny Gray,Final
778770,2025-03-05,Boston Red Sox,Tampa Bay Rays,111,139,676979.0,Garrett Crochet,671212.0,Joe Boyle,Final
779034,2025-03-05,Pittsburgh Pirates,Toronto Blue Jays,134,141,656605.0,Mitch Keller,592332.0,Kevin Gausman,Final
778878,2025-03-05,Minnesota Twins,Baltimore Orioles,142,110,641154.0,Pablo López,680570.0,Grayson Rodriguez,Final
779113,2025-03-05,Detroit Tigers,Philadelphia Phillies,116,143,681857.0,Reese Olson,666200.0,Jesús Luzardo,Final
779074,2025-03-05,Miami Marlins,Washington Nationals,146,120,645261.0,Sandy Alcantara,829272.0,Shinnosuke Ogasawara,Final
778828,2025-03-05,Cincinnati Reds,Texas Rangers,113,140,668881.0,Hunter Greene,641816.0,Tyler Mahle,Final
778855,2025-03-05,Chicago White Sox,Milwaukee Brewers,145,158,527048.0,Martín Pérez,668964.0,Tobias Myers,Final
779155,2025-03-05,Los Angeles Angels,Los Angeles Dodgers,108,119,672282.0,Reid Detmers,689017.0,Landon Knack,Final
779014,2025-03-05,San Diego Padres,Colorado Rockies,135,115,650633.0,Michael King,622608.0,Antonio Senzatela,Final
778796,2025-03-05,Arizona Diamondbacks,San Francisco Giants,109,137,694297.0,Brandon Pfaadt,690986.0,Kyle Harrison,Final
779096,2025-03-05,Milwaukee Brewers,Chicago White Sox,158,145,642547.0,Freddy Peralta,669060.0,Bryse Wilson,Final
778934,2025-03-05,Kansas City Royals,Seattle Mariners,118,136,547179.0,Michael Lorenzen,682243.0,Bryce Miller,Final
779073,2025-03-06,St. Louis Cardinals,Washington Nationals,138,120,607200.0,Erick Fedde,647336.0,Michael Soroka,Final
778910,2025-03-06,Philadelphia Phillies,Tampa Bay Rays,143,139,605400.0,Aaron Nola,663556.0,Shane McClanahan,Final
779046,2025-03-06,New York Yankees,Minnesota Twins,147,142,543037.0,Gerrit Cole,657746.0,Joe Ryan,Final
778953,2025-03-06,Toronto Blue Jays,Boston Red Sox,141,111,605135.0,Chris Bassitt,681867.0,Cooper Criswell,Final
778856,2025-03-06,Los Angeles Dodgers,Texas Rangers,119,140,669160.0,Dustin May,571527.0,David Buchanan,Final
778932,2025-03-06,Texas Rangers,San Diego Padres,140,135,674003.0,Cody Bradford,656302.0,Dylan Cease,Final
778987,2025-03-06,San Francisco Giants,Chicago White Sox,137,145,434378.0,Justin Verlander,686563.0,Jonathan Cannon,Final
779127,2025-03-06,Baltimore Orioles,Pittsburgh Pirates,110,134,621107.0,Zach Eflin,694973.0,Paul Skenes,Final
778699,2025-03-06,Atlanta Braves,Miami Marlins,144,146,666120.0,Ian Anderson,677960.0,Ryan Weathers,Completed Early
778893,2025-03-06,New York Mets,Houston Astros,121,117,687075.0,Brandon Sproat,687473.0,Ryan Gusto,Final
778830,2025-03-06,Cleveland Guardians,Arizona Diamondbacks,114,109,676440.0,Tanner Bibee,669194.0,Ryne Nelson,Final
778752,2025-03-06,Chicago Cubs,Kansas City Royals,112,118,676962.0,Ben Brown,666142.0,Cole Ragans,Final
779147,2025-03-06,Athletics,Milwaukee Brewers,133,158,605488.0,Jeffrey Springs,694819.0,Jacob Misiorowski,Final
779015,2025-03-06,Seattle Mariners,Los Angeles Angels,136,108,693433.0,Bryan Woo,543294.0,Kyle Hendricks,Final
778797,2025-03-06,Arizona Diamondbacks,Seattle Mariners,109,136,518876.0,Merrill Kelly,646242.0,Jhonathan Díaz,Final
778971,2025-03-07,Tampa Bay Rays,Minnesota Twins,139,142,669358.0,Shane Baz,701581.0,David Festa,Final
779032,2025-03-07,Pittsburgh Pirates,Philadelphia Phillies,134,143,683003.0,Jared Jones,650911.0,Cristopher Sánchez,Final
778874,2025-03-07,Minnesota Twins,Atlanta Braves,142,144,641927.0,Bailey Ober,625643.0,Reynaldo López,Final
778773,2025-03-07,Boston Red Sox,Miami Marlins,111,146,621111.0,Walker Buehler,665795.0,Edward Cabrera,Final
778929,2025-03-07,Kansas City Royals,Los Angeles Angels,118,108,607625.0,Seth Lugo,667755.0,José Soriano,Final
779141,2025-03-07,Athletics,Cleveland Guardians,133,114,674370.0,Osvaldo Bido,676282.0,Joey Cantillo,Final
779109,2025-03-07,Detroit Tigers,Baltimore Orioles,116,110,672456.0,Keider Montero,665152.0,Dean Kremer,Final
778734,2025-03-07,Washington Nationals,New York Mets,120,121,592866.0,Trevor Williams,621112.0,Paul Blackburn,Final
779075,2025-03-07,St. Louis Cardinals,Houston Astros,138,117,571945.0,Miles Mikolas,681293.0,Spencer Arrighetti,Final
779045,2025-03-07,New York Yankees,Toronto Blue Jays,147,141,573186.0,Marcus Stroman,684320.0,Yariel Rodríguez,Final
779016,2025-03-07,Seattle Mariners,Los Angeles Dodgers,136,119,676106.0,Emerson Hancock,680736.0,Justin Wrobleski,Final
778826,2025-03-07,Cincinnati Reds,San Francisco Giants,113,137,607259.0,Nick Martinez,676775.0,Keaton Winn,Cancelled
778854,2025-03-07,Chicago White Sox,Chicago Cubs,145,112,681343.0,Shane Smith,607067.0,Colin Rea,Cancelled
779154,2025-03-07,Los Angeles Angels,Arizona Diamondbacks,108,109,579328.0,Yusei Kikuchi,668678.0,Zac Gallen,Cancelled
779097,2025-03-07,Milwaukee Brewers,San Diego Padres,158,135,663542.0,Bryan Hudson,606996.0,Kyle Hart,Cancelled
778795,2025-03-07,Colorado Rockies,Texas Rangers,115,140,801403.0,Chase Dollander,594798.0,Jacob deGrom,Cancelled
778724,2025-03-08,Washington Nationals,St. Louis Cardinals,120,138,687792.0,DJ Herz,571927.0,Steven Matz,Final
779126,2025-03-08,Baltimore Orioles,Tampa Bay Rays,110,139,450203.0,Charlie Morton,641793.0,Zack Littell,Final
778873,2025-03-08,Minnesota Twins,Boston Red Sox,142,111,663978.0,Chris Paddack,656794.0,Sean Newcomb,Final
778908,2025-03-08,Philadelphia Phillies,Toronto Blue Jays,143,141,592836.0,Taijuan Walker,670102.0,Bowden Francis,Final
778697,2025-03-08,Atlanta Braves,Pittsburgh Pirates,144,134,680885.0,Spencer Schwellenbach,681347.0,Mike Burrows,Final
778955,2025-03-08,Toronto Blue Jays,Detroit Tigers,141,116,453286.0,Max Scherzer,695549.0,Jackson Jobe,Final
778827,2025-03-08,Cincinnati Reds,Arizona Diamondbacks,113,109,680689.0,Lyon Richardson,593958.0,Eduardo Rodriguez,Final
778751,2025-03-08,Chicago Cubs,Seattle Mariners,112,136,571510.0,Matthew Boyd,669302.0,Logan Gilbert,Final
778989,2025-03-08,San Francisco Giants,Kansas City Royals,137,118,676775.0,Keaton Winn,608379.0,Michael Wacha,Final
778930,2025-03-08,Texas Rangers,Kansas City Royals,140,118,594798.0,Jacob deGrom,663738.0,Daniel Lynch IV,Final
778853,2025-03-08,Chicago White Sox,Los Angeles Dodgers,145,119,681343.0,Shane Smith,607192.0,Tyler Glasnow,Final
778792,2025-03-08,Colorado Rockies,Athletics,115,133,801403.0,Chase Dollander,663687.0,Hogan Harris,Final
779008,2025-03-08,San Diego Padres,Cleveland Guardians,135,114,506433.0,Yu Darvish,682847.0,Luis Ortiz,Final
779095,2025-03-08,Milwaukee Brewers,Los Angeles Angels,158,108,660730.0,Elvin Rodríguez,542881.0,Tyler Anderson,Final
789465,2025-03-08,Athletics,Arizona Diamondbacks,133,109,676664.0,JP Sears,674072.0,Tommy Henry,Final
778731,2025-03-08,Houston Astros,New York Yankees,117,147,669713.0,Hayden Wesneski,642216.0,Allan Winans,Final
779071,2025-03-08,Miami Marlins,New York Mets,146,121,676974.0,Max Meyer,656849.0,David Peterson,Final
779110,2025-03-09,Detroit Tigers,Pittsburgh Pirates,116,134,669373.0,Tarik Skubal,571760.0,Andrew Heaney,Final
778965,2025-03-09,Tampa Bay Rays,Toronto Blue Jays,139,141,671737.0,Taj Bradley,621244.0,José Berríos,Final
779125,2025-03-09,Baltimore Orioles,Minnesota Twins,110,142,608372.0,Tomoyuki Sugano,680573.0,Simeon Woods Richardson,Final
778907,2025-03-09,Philadelphia Phillies,Baltimore Orioles,143,110,624133.0,Ranger Suárez,663658.0,Thaddeus Ward,Final
778762,2025-03-09,Boston Red Sox,Atlanta Braves,111,144,690916.0,Richard Fitts,700363.0,AJ Smith-Shawver,Final
778725,2025-03-09,Houston Astros,Miami Marlins,117,146,664285.0,Framber Valdez,675540.0,Xzavion Curry,Final
779072,2025-03-09,St. Louis Cardinals,New York Yankees,138,147,669467.0,Andre Pallante,471911.0,Carlos Carrasco,Final
778891,2025-03-09,New York Mets,Washington Nationals,121,120,605280.0,Clay Holmes,663623.0,Jake Irvin,Final
789464,2025-03-09,Athletics,Arizona Diamondbacks,133,109,687765.0,Mitch Spence,686796.0,Blake Walston,Final
778851,2025-03-09,Los Angeles Dodgers,Athletics,119,133,605483.0,Blake Snell,683155.0,Joey Estes,Final
778753,2025-03-09,Chicago Cubs,San Francisco Giants,112,137,592791.0,Jameson Taillon,694738.0,Landen Roupp,Final
778988,2025-03-09,San Francisco Giants,San Diego Padres,137,135,663855.0,Jordan Hicks,601713.0,Nick Pivetta,Final
778822,2025-03-09,Cleveland Guardians,Chicago White Sox,114,145,668909.0,Gavin Williams,690279.0,Mason Adams,Final
778928,2025-03-09,Kansas City Royals,Milwaukee Brewers,118,158,702070.0,Noah Cameron,650644.0,Aaron Civale,Final
779158,2025-03-09,Los Angeles Angels,Cincinnati Reds,108,113,686799.0,Jack Kochanowicz,668933.0,Graham Ashcraft,Final
779010,2025-03-09,Seattle Mariners,Colorado Rockies,136,115,622491.0,Luis Castillo,663372.0,Ryan Feltner,Final
778790,2025-03-09,Arizona Diamondbacks,Texas Rangers,109,140,669203.0,Corbin Burnes,543135.0,Nathan Eovaldi,Final
778877,2025-03-10,Minnesota Twins,Philadelphia Phillies,142,143,641154.0,Pablo López,686751.0,Seth Johnson,Final
778702,2025-03-10,Atlanta Braves,Tampa Bay Rays,144,139,519242.0,Chris Sale,671212.0,Joe Boyle,Final
779049,2025-03-10,New York Yankees,Detroit Tigers,147,116,701542.0,Will Warren,628317.0,Kenta Maeda,Final
778956,2025-03-10,Toronto Blue Jays,Houston Astros,141,117,592332.0,Kevin Gausman,676467.0,Colton Gordon,Final
779067,2025-03-10,Miami Marlins,Washington Nationals,146,120,645261.0,Sandy Alcantara,680730.0,Mitchell Parker,Final
778821,2025-03-10,Cleveland Guardians,Chicago Cubs,114,112,663474.0,Triston McKenzie,684007.0,Shota Imanaga,Final
778931,2025-03-10,Kansas City Royals,Cleveland Guardians,118,114,663460.0,Kris Bubic,594902.0,Ben Lively,Final
778850,2025-03-10,Los Angeles Dodgers,Arizona Diamondbacks,119,109,808967.0,Yoshinobu Yamamoto,595928.0,John Curtiss,Final
779137,2025-03-10,Athletics,Chicago White Sox,133,145,622663.0,Luis Severino,527048.0,Martín Pérez,Final
779153,2025-03-10,Los Angeles Angels,Colorado Rockies,108,115,681217.0,Chase Silseth,622608.0,Antonio Senzatela,Final
779009,2025-03-10,San Diego Padres,Cincinnati Reds,135,113,650633.0,Michael King,668881.0,Hunter Greene,Final
778791,2025-03-10,Colorado Rockies,San Francisco Giants,115,137,608566.0,Germán Márquez,657277.0,Logan Webb,Final
779093,2025-03-10,Milwaukee Brewers,Seattle Mariners,158,136,668964.0,Tobias Myers,596271.0,Casey Lawrence,Final
779031,2025-03-10,Pittsburgh Pirates,Baltimore Orioles,134,110,656605.0,Mitch Keller,621199.0,Matt Bowman,Final
778726,2025-03-10,Washington Nationals,Miami Marlins,120,146,829272.0,Shinnosuke Ogasawara,615698.0,Cal Quantrill,Final
778892,2025-03-10,New York Mets,St. Louis Cardinals,121,138,656288.0,Griffin Canning,543243.0,Sonny Gray,Final
778727,2025-03-11,Houston Astros,New York Mets,117,121,686613.0,Hunter Brown,656731.0,Tylor Megill,Final
778767,2025-03-11,Boston Red Sox,Philadelphia Phillies,111,143,608337.0,Lucas Giolito,690953.0,Mick Abel,Final
778700,2025-03-11,Atlanta Braves,Detroit Tigers,144,116,656550.0,Grant Holmes,656427.0,Jack Flaherty,Final
779070,2025-03-11,St. Louis Cardinals,Miami Marlins,138,146,607200.0,Erick Fedde,677960.0,Ryan Weathers,Final
779048,2025-03-11,New York Yankees,Baltimore Orioles,147,110,657376.0,Clarke Schmidt,544150.0,Albert Suárez,Final
779030,2025-03-11,Pittsburgh Pirates,New York Yankees,134,147,694973.0,Paul Skenes,693645.0,Cam Schlittler,Final
778954,2025-03-11,Toronto Blue Jays,Minnesota Twins,141,142,605135.0,Chris Bassitt,702193.0,Andrew Morris,Final
778824,2025-03-11,Cincinnati Reds,Colorado Rockies,113,115,663903.0,Brady Singer,607536.0,Kyle Freeland,Final
778852,2025-03-11,Los Angeles Dodgers,Cleveland Guardians,119,114,808963.0,Roki Sasaki,680951.0,Doug Nikhazy,Final
778926,2025-03-11,Texas Rangers,Los Angeles Angels,140,108,641816.0,Tyler Mahle,660761.0,José Suarez,Final
778754,2025-03-11,Chicago Cubs,Milwaukee Brewers,112,158,657006.0,Justin Steele,694819.0,Jacob Misiorowski,Final
778794,2025-03-11,Arizona Diamondbacks,Kansas City Royals,109,118,518876.0,Merrill Kelly,666142.0,Cole Ragans,Final
779007,2025-03-11,San Diego Padres,Chicago White Sox,135,145,656302.0,Dylan Cease,686563.0,Jonathan Cannon,Final
778983,2025-03-11,San Francisco Giants,Athletics,137,133,434378.0,Justin Verlander,605488.0,Jeffrey Springs,Final
778728,2025-03-12,Washington Nationals,Houston Astros,120,117,669022.0,MacKenzie Gore,687888.0,Brandon Walter,Final
779068,2025-03-12,St. Louis Cardinals,New York Mets,138,121,571945.0,Miles Mikolas,621112.0,Paul Blackburn,Final
779107,2025-03-12,Detroit Tigers,Tampa Bay Rays,116,139,663554.0,Casey Mize,686752.0,Ryan Pepiot,Final
779123,2025-03-12,Baltimore Orioles,Atlanta Braves,110,144,665152.0,Dean Kremer,666120.0,Ian Anderson,Final
779138,2025-03-12,Athletics,Arizona Diamondbacks,133,109,674370.0,Osvaldo Bido,669194.0,Ryne Nelson,Final
778823,2025-03-12,Cleveland Guardians,San Francisco Giants,114,137,676282.0,Joey Cantillo,663941.0,Tristan Beck,Final
778927,2025-03-12,Texas Rangers,Cincinnati Reds,140,113,542888.0,Shawn Armstrong,607259.0,Nick Martinez,Final
778846,2025-03-12,Chicago White Sox,Los Angeles Angels,145,108,643290.0,Justin Dunn,667755.0,José Soriano,Final
778793,2025-03-12,Colorado Rockies,San Diego Padres,115,135,663765.0,Jake Woodford,678316.0,Omar Cruz,Final
779005,2025-03-12,Seattle Mariners,Kansas City Royals,136,118,693433.0,Bryan Woo,548389.0,Ross Stripling,Final
778764,2025-03-12,Boston Red Sox,Minnesota Twins,111,142,656557.0,Tanner Houck,657746.0,Joe Ryan,Final
778729,2025-03-13,Houston Astros,St. Louis Cardinals,117,138,681293.0,Spencer Arrighetti,571927.0,Steven Matz,Final
778967,2025-03-13,Tampa Bay Rays,Washington Nationals,139,120,669358.0,Shane Baz,687792.0,DJ Herz,Final
778875,2025-03-13,Minnesota Twins,Pittsburgh Pirates,142,134,641927.0,Bailey Ober,683003.0,Jared Jones,Final
778904,2025-03-13,Philadelphia Phillies,Atlanta Braves,143,144,650911.0,Cristopher Sánchez,666768.0,Anderson Pilar,Final
779105,2025-03-13,Detroit Tigers,New York Yankees,116,147,695549.0,Jackson Jobe,608331.0,Max Fried,Final
778951,2025-03-13,Toronto Blue Jays,Baltimore Orioles,141,110,687922.0,Easton Lucas,700249.0,Cade Povich,Final
778889,2025-03-13,New York Mets,Boston Red Sox,121,111,656849.0,David Peterson,656794.0,Sean Newcomb,Final
779069,2025-03-13,Miami Marlins,Houston Astros,146,117,665795.0,Edward Cabrera,669854.0,Ronel Blanco,Final
778820,2025-03-13,Cincinnati Reds,Athletics,113,133,666157.0,Nick Lodolo,676664.0,JP Sears,Final
778985,2025-03-13,San Francisco Giants,Texas Rangers,137,140,592662.0,Robbie Ray,641907.0,Patrick Murphy,Final
778789,2025-03-13,Colorado Rockies,Cleveland Guardians,115,114,801403.0,Chase Dollander,682847.0,Luis Ortiz,Final
778925,2025-03-13,Kansas City Royals,San Diego Padres,118,135,663738.0,Daniel Lynch IV,506433.0,Yu Darvish,Final
778848,2025-03-13,Chicago White Sox,Milwaukee Brewers,145,158,673929.0,Jordan Leasure,657649.0,Jared Koenig,Completed Early
779006,2025-03-13,Seattle Mariners,Arizona Diamondbacks,136,109,676106.0,Emerson Hancock,691441.0,Cristian Mena,Cancelled
778701,2025-03-14,Atlanta Braves,Washington Nationals,144,120,680885.0,Spencer Schwellenbach,671131.0,Jackson Rutledge,Final
779139,2025-03-14,Athletics,Los Angeles Angels,133,108,683155.0,Joey Estes,542881.0,Tyler Anderson,Final
778818,2025-03-14,Cleveland Guardians,Seattle Mariners,114,136,671106.0,Logan Allen,669302.0,Logan Gilbert,Final
778845,2025-03-14,Chicago White Sox,Cincinnati Reds,145,113,690279.0,Mason Adams,668933.0,Graham Ashcraft,Final
778784,2025-03-14,Arizona Diamondbacks,Cincinnati Reds,109,113,593958.0,Eduardo Rodriguez,695534.0,Chase Petty,Final
779152,2025-03-14,Los Angeles Angels,Kansas City Royals,108,118,579328.0,Yusei Kikuchi,608379.0,Michael Wacha,Final
779066,2025-03-14,Miami Marlins,Boston Red Sox,146,111,676974.0,Max Meyer,690916.0,Richard Fitts,Final
779090,2025-03-14,Milwaukee Brewers,San Francisco Giants,158,137,641482.0,Nestor Cortes,663855.0,Jordan Hicks,Final
779029,2025-03-14,Pittsburgh Pirates,Detroit Tigers,134,116,571760.0,Andrew Heaney,672456.0,Keider Montero,Final
778717,2025-03-14,Houston Astros,Toronto Blue Jays,117,141,669713.0,Hayden Wesneski,684320.0,Yariel Rodríguez,Final
779124,2025-03-14,Baltimore Orioles,Minnesota Twins,110,142,608372.0,Tomoyuki Sugano,701581.0,David Festa,Final
778876,2025-03-14,Minnesota Twins,Tampa Bay Rays,142,139,663978.0,Chris Paddack,641793.0,Zack Littell,Final
778890,2025-03-14,New York Mets,St. Louis Cardinals,121,138,673540.0,Kodai Senga,700241.0,Michael McGreevy,Final
779044,2025-03-14,New York Yankees,Philadelphia Phillies,147,143,642216.0,Allan Winans,592836.0,Taijuan Walker,Final
778924,2025-03-14,Texas Rangers,Colorado Rockies,140,115,592351.0,Jon Gray,663372.0,Ryan Feltner,Final
779004,2025-03-14,San Diego Padres,Texas Rangers,135,140,601713.0,Nick Pivetta,677958.0,Kumar Rocker,Final
790404,2025-03-15,Hanshin Tigers,Chicago Cubs,341,112,,,657240.0,Julian Merryweather,Final
790403,2025-03-15,Tokyo Yomiuri Giants,Los Angeles Dodgers,241,119,,,,,Final
778718,2025-03-15,Houston Astros,Miami Marlins,117,146,664285.0,Framber Valdez,645261.0,Sandy Alcantara,Final
779027,2025-03-15,Pittsburgh Pirates,Baltimore Orioles,134,110,669387.0,Carmen Mlodzinski,663658.0,Thaddeus Ward,Final
779061,2025-03-15,St. Louis Cardinals,Toronto Blue Jays,138,141,669467.0,Andre Pallante,670102.0,Bowden Francis,Final
778906,2025-03-15,Philadelphia Phillies,Detroit Tigers,143,116,554430.0,Zack Wheeler,669373.0,Tarik Skubal,Final
778766,2025-03-15,Boston Red Sox,Atlanta Braves,111,144,682990.0,Quinn Priester,519242.0,Chris Sale,Final
778968,2025-03-15,Tampa Bay Rays,New York Yankees,139,147,656876.0,Drew Rasmussen,607074.0,Carlos Rodón,Final
778819,2025-03-15,Cincinnati Reds,Kansas City Royals,113,118,668881.0,Hunter Greene,547179.0,Michael Lorenzen,Final
778920,2025-03-15,Kansas City Royals,Cleveland Guardians,118,114,663460.0,Kris Bubic,663474.0,Triston McKenzie,Final
778982,2025-03-15,San Francisco Giants,Seattle Mariners,137,136,657277.0,Logan Webb,669302.0,Logan Gilbert,Final
779136,2025-03-15,Athletics,Texas Rangers,133,140,622663.0,Luis Severino,608638.0,JT Chargois,Final
778844,2025-03-15,Chicago White Sox,Colorado Rockies,145,115,527048.0,Martín Pérez,622608.0,Antonio Senzatela,Final
779000,2025-03-15,Seattle Mariners,San Diego Padres,136,135,622491.0,Luis Castillo,650633.0,Michael King,Final
778787,2025-03-15,Arizona Diamondbacks,Chicago White Sox,109,145,669203.0,Corbin Burnes,680732.0,Sean Burke,Final
779151,2025-03-15,Los Angeles Angels,Milwaukee Brewers,108,158,686799.0,Jack Kochanowicz,668964.0,Tobias Myers,Final
779091,2025-03-15,Milwaukee Brewers,Athletics,158,133,642547.0,Freddy Peralta,687765.0,Mitch Spence,Final
778719,2025-03-15,Washington Nationals,New York Mets,120,121,680730.0,Mitchell Parker,605280.0,Clay Holmes,Final
778698,2025-03-15,Atlanta Braves,Minnesota Twins,144,142,700363.0,AJ Smith-Shawver,680573.0,Simeon Woods Richardson,Final
790402,2025-03-16,Hanshin Tigers,Los Angeles Dodgers,341,119,,,605483.0,Blake Snell,Final
790401,2025-03-16,Tokyo Yomiuri Giants,Chicago Cubs,241,112,,,592791.0,Jameson Taillon,Final
779106,2025-03-16,Detroit Tigers,Baltimore Orioles,116,110,656427.0,Jack Flaherty,544150.0,Albert Suárez,Final
778720,2025-03-16,Washington Nationals,Tampa Bay Rays,120,139,647336.0,Michael Soroka,657756.0,Connor Seabold,Final
778871,2025-03-16,Minnesota Twins,Boston Red Sox,142,111,641154.0,Pablo López,676979.0,Garrett Crochet,Final
779121,2025-03-16,Baltimore Orioles,Philadelphia Phillies,110,143,621107.0,Zach Eflin,666200.0,Jesús Luzardo,Final
779047,2025-03-16,New York Yankees,Pittsburgh Pirates,147,134,693645.0,Cam Schlittler,608334.0,Carson Fulmer,Final
778966,2025-03-16,Tampa Bay Rays,New York Yankees,139,147,671212.0,Joe Boyle,605335.0,Brandon Leibrandt,Final
778946,2025-03-16,Toronto Blue Jays,Atlanta Braves,141,144,621244.0,José Berríos,656550.0,Grant Holmes,Final
778888,2025-03-16,New York Mets,Houston Astros,121,117,656731.0,Tylor Megill,595345.0,Steven Okert,Final
779065,2025-03-16,Miami Marlins,St. Louis Cardinals,146,138,615698.0,Cal Quantrill,543243.0,Sonny Gray,Final
778816,2025-03-16,Cincinnati Reds,Seattle Mariners,113,136,663903.0,Brady Singer,682243.0,Bryce Miller,Final
778981,2025-03-16,San Francisco Giants,Athletics,137,133,806185.0,Hayden Birdsong,605488.0,Jeffrey Springs,Final
778922,2025-03-16,Texas Rangers,Chicago White Sox,140,145,683004.0,Jack Leiter,669060.0,Bryse Wilson,Final
778785,2025-03-16,Colorado Rockies,Kansas City Royals,115,118,607536.0,Kyle Freeland,666142.0,Cole Ragans,Final
779149,2025-03-16,Los Angeles Angels,San Diego Padres,108,135,543294.0,Kyle Hendricks,656302.0,Dylan Cease,Final
779003,2025-03-16,San Diego Padres,Arizona Diamondbacks,135,109,606996.0,Kyle Hart,694297.0,Brandon Pfaadt,Final
779092,2025-03-16,Milwaukee Brewers,Cleveland Guardians,158,114,605540.0,Brandon Woodruff,594902.0,Ben Lively,Final
778765,2025-03-17,Boston Red Sox,Baltimore Orioles,111,110,656557.0,Tanner Houck,672710.0,Roansy Contreras,Final
779108,2025-03-17,Detroit Tigers,Pittsburgh Pirates,116,134,681857.0,Reese Olson,663559.0,Bailey Falter,Final
778722,2025-03-17,Washington Nationals,St. Louis Cardinals,120,138,669022.0,MacKenzie Gore,607200.0,Erick Fedde,Final
779024,2025-03-17,Pittsburgh Pirates,Minnesota Twins,134,142,694973.0,Paul Skenes,657746.0,Joe Ryan,Final
778903,2025-03-17,Philadelphia Phillies,Toronto Blue Jays,143,141,605400.0,Aaron Nola,605135.0,Chris Bassitt,Final
778696,2025-03-17,Atlanta Braves,Boston Red Sox,144,111,675911.0,Spencer Strider,675660.0,Shane Drohan,Final
778948,2025-03-17,Toronto Blue Jays,New York Yankees,141,147,592332.0,Kevin Gausman,687396.0,Brent Headrick,Final
778884,2025-03-17,New York Mets,Tampa Bay Rays,121,139,656288.0,Griffin Canning,678024.0,Mike Vasil,Final
779063,2025-03-17,Miami Marlins,New York Mets,146,121,677960.0,Ryan Weathers,621112.0,Paul Blackburn,Final
778923,2025-03-17,Kansas City Royals,Arizona Diamondbacks,118,109,607625.0,Seth Lugo,669194.0,Ryne Nelson,Final
779140,2025-03-17,Athletics,Seattle Mariners,133,136,663687.0,Hogan Harris,596271.0,Casey Lawrence,Final
778843,2025-03-17,Chicago White Sox,San Francisco Giants,145,137,686563.0,Jonathan Cannon,434378.0,Justin Verlander,Final
778788,2025-03-17,Arizona Diamondbacks,Los Angeles Angels,109,108,518876.0,Merrill Kelly,681217.0,Chase Silseth,Final
778999,2025-03-17,San Diego Padres,Milwaukee Brewers,135,158,605138.0,Wes Benjamin,701656.0,Logan Henderson,Final
778815,2025-03-17,Cleveland Guardians,Cincinnati Reds,114,113,676440.0,Tanner Bibee,671096.0,Andrew Abbott,Final
778563,2025-03-18,Chicago Cubs,Los Angeles Dodgers,112,119,684007.0,Shota Imanaga,808967.0,Yoshinobu Yamamoto,Final
778870,2025-03-18,Minnesota Twins,Detroit Tigers,142,116,641927.0,Bailey Ober,666159.0,Matt Manning,Final
779025,2025-03-18,Pittsburgh Pirates,Philadelphia Phillies,134,143,802419.0,Thomas Harrington,650911.0,Cristopher Sánchez,Final
779062,2025-03-18,St. Louis Cardinals,Miami Marlins,138,146,571945.0,Miles Mikolas,687362.0,Connor Gillispie,Final
779043,2025-03-18,New York Yankees,Boston Red Sox,147,111,608331.0,Max Fried,621111.0,Walker Buehler,Final
778812,2025-03-18,Cincinnati Reds,Los Angeles Angels,113,108,607259.0,Nick Martinez,667755.0,José Soriano,Final
779001,2025-03-18,Seattle Mariners,Milwaukee Brewers,136,158,693433.0,Bryan Woo,660730.0,Elvin Rodríguez,Final
778716,2025-03-18,Houston Astros,Washington Nationals,117,120,621121.0,Lance McCullers Jr.,592866.0,Trevor Williams,Final
779119,2025-03-18,Baltimore Orioles,Toronto Blue Jays,110,141,700249.0,Cade Povich,641778.0,Eric Lauer,Final
778979,2025-03-18,San Francisco Giants,San Diego Padres,137,135,592662.0,Robbie Ray,663568.0,Stephen Kolek,Final
778921,2025-03-18,Texas Rangers,Cleveland Guardians,140,114,641816.0,Tyler Mahle,682847.0,Luis Ortiz,Final
778783,2025-03-18,Colorado Rockies,San Francisco Giants,115,137,801403.0,Chase Dollander,676775.0,Keaton Winn,Final
778564,2025-03-19,Chicago Cubs,Los Angeles Dodgers,112,119,657006.0,Justin Steele,808963.0,Roki Sasaki,Final
778768,2025-03-19,Boston Red Sox,Detroit Tigers,111,116,690916.0,Richard Fitts,663554.0,Casey Mize,Final
779058,2025-03-19,St. Louis Cardinals,Washington Nationals,138,120,571927.0,Steven Matz,663623.0,Jake Irvin,Final
778964,2025-03-19,Tampa Bay Rays,Pittsburgh Pirates,139,134,641793.0,Zack Littell,571760.0,Andrew Heaney,Final
778900,2025-03-19,Philadelphia Phillies,New York Yankees,143,147,592836.0,Taijuan Walker,573186.0,Marcus Stroman,Final
778813,2025-03-19,Cleveland Guardians,Athletics,114,133,668909.0,Gavin Williams,676664.0,JP Sears,Final
779150,2025-03-19,Los Angeles Angels,Cleveland Guardians,108,114,542881.0,Tyler Anderson,671106.0,Logan Allen,Final
778782,2025-03-19,Arizona Diamondbacks,Colorado Rockies,109,115,656756.0,Jordan Montgomery,663765.0,Jake Woodford,Final
779002,2025-03-19,Seattle Mariners,Texas Rangers,136,140,676106.0,Emerson Hancock,594798.0,Jacob deGrom,Final
779088,2025-03-19,Milwaukee Brewers,Chicago White Sox,158,145,650644.0,Aaron Civale,681343.0,Shane Smith,Final
778715,2025-03-19,Houston Astros,New York Mets,117,121,669854.0,Ronel Blanco,,,Final
779042,2025-03-19,New York Yankees,Atlanta Braves,147,144,471911.0,Carlos Carrasco,680885.0,Spencer Schwellenbach,Final
778917,2025-03-19,Kansas City Royals,San Francisco Giants,118,137,608379.0,Michael Wacha,663855.0,Jordan Hicks,Final
778694,2025-03-20,Atlanta Braves,Philadelphia Phillies,144,143,593576.0,Héctor Neris,622503.0,Nabil Crismatt,Final
778950,2025-03-20,Toronto Blue Jays,Tampa Bay Rays,141,139,670102.0,Bowden Francis,671737.0,Taj Bradley,Final
779060,2025-03-20,Miami Marlins,Houston Astros,146,117,676083.0,Janson Junk,701121.0,Logan VanWey,Final
778814,2025-03-20,Cincinnati Reds,Kansas City Royals,113,118,608718.0,Brent Suter,663460.0,Kris Bubic,Final
778839,2025-03-20,Chicago White Sox,Los Angeles Angels,145,108,527048.0,Martín Pérez,805871.0,Joel Hurtado,Final
778775,2025-03-20,Arizona Diamondbacks,Athletics,109,133,668678.0,Zac Gallen,683155.0,Joey Estes,Final
778713,2025-03-20,Washington Nationals,New York Mets,120,121,829272.0,Shinnosuke Ogasawara,673540.0,Kodai Senga,Final
778872,2025-03-20,Minnesota Twins,Boston Red Sox,142,111,663978.0,Chris Paddack,656794.0,Sean Newcomb,Final
779120,2025-03-20,Baltimore Orioles,New York Yankees,110,147,608372.0,Tomoyuki Sugano,701542.0,Will Warren,Final
778918,2025-03-20,Texas Rangers,Colorado Rockies,140,115,677958.0,Kumar Rocker,608566.0,Germán Márquez,Final
778998,2025-03-20,San Diego Padres,Texas Rangers,135,140,601713.0,Nick Pivetta,605288.0,Adrian Houser,Final
779059,2025-03-21,St. Louis Cardinals,Houston Astros,138,117,543243.0,Sonny Gray,664285.0,Framber Valdez,Final
778901,2025-03-21,Philadelphia Phillies,Minnesota Twins,143,142,554430.0,Zack Wheeler,641154.0,Pablo López,Final
778961,2025-03-21,Tampa Bay Rays,Atlanta Braves,139,144,656876.0,Drew Rasmussen,519242.0,Chris Sale,Final
778947,2025-03-21,Toronto Blue Jays,Philadelphia Phillies,141,143,621244.0,José Berríos,605452.0,Joe Ross,Final
778885,2025-03-21,New York Mets,St. Louis Cardinals,121,138,605280.0,Clay Holmes,700241.0,Michael McGreevy,Final
779148,2025-03-21,Los Angeles Angels,Texas Rangers,108,140,543294.0,Kyle Hendricks,543135.0,Nathan Eovaldi,Final
779131,2025-03-21,Athletics,Kansas City Royals,133,118,622663.0,Luis Severino,666142.0,Cole Ragans,Final
778747,2025-03-21,Chicago Cubs,San Diego Padres,112,135,690990.0,Cade Horton,650633.0,Michael King,Final
778919,2025-03-21,Kansas City Royals,Seattle Mariners,118,136,547179.0,Michael Lorenzen,688138.0,Logan Evans,Final
778980,2025-03-21,San Francisco Giants,Cleveland Guardians,137,114,657277.0,Logan Webb,594902.0,Ben Lively,Final
778811,2025-03-21,Cincinnati Reds,Chicago White Sox,113,145,663903.0,Brady Singer,680732.0,Sean Burke,Final
778777,2025-03-21,Colorado Rockies,Los Angeles Angels,115,108,622608.0,Antonio Senzatela,579328.0,Yusei Kikuchi,Final
778995,2025-03-21,Seattle Mariners,Cincinnati Reds,136,113,669302.0,Logan Gilbert,668881.0,Hunter Greene,Final
779118,2025-03-21,Baltimore Orioles,Detroit Tigers,110,116,544150.0,Albert Suárez,669373.0,Tarik Skubal,Final
778763,2025-03-21,Boston Red Sox,Pittsburgh Pirates,111,134,676979.0,Garrett Crochet,656605.0,Mitch Keller,Final
778714,2025-03-21,Washington Nationals,Miami Marlins,120,146,647336.0,Michael Soroka,615698.0,Cal Quantrill,Final
779101,2025-03-21,Detroit Tigers,New York Yankees,116,147,672456.0,Keider Montero,607074.0,Carlos Rodón,Final
779089,2025-03-21,Milwaukee Brewers,Arizona Diamondbacks,158,109,642547.0,Freddy Peralta,669203.0,Corbin Burnes,Final
779028,2025-03-22,Pittsburgh Pirates,Baltimore Orioles,134,110,694973.0,Paul Skenes,621107.0,Zach Eflin,Final
778959,2025-03-22,Tampa Bay Rays,Boston Red Sox,139,111,663556.0,Shane McClanahan,656557.0,Tanner Houck,Final
778868,2025-03-22,Minnesota Twins,Toronto Blue Jays,142,141,656240.0,Scott Blewett,453286.0,Max Scherzer,Final
779100,2025-03-22,Detroit Tigers,Atlanta Braves,116,144,656427.0,Jack Flaherty,625643.0,Reynaldo López,Final
779041,2025-03-22,New York Yankees,Philadelphia Phillies,147,143,693645.0,Cam Schlittler,666200.0,Jesús Luzardo,Final
778886,2025-03-22,New York Mets,Washington Nationals,121,120,656731.0,Tylor Megill,669022.0,MacKenzie Gore,Completed Early
779057,2025-03-22,Miami Marlins,St. Louis Cardinals,146,138,678368.0,Valente Bellozo,669461.0,Matthew Liberatore,Final
778976,2025-03-22,San Francisco Giants,Arizona Diamondbacks,137,109,434378.0,Justin Verlander,518876.0,Merrill Kelly,Final
778916,2025-03-22,Texas Rangers,Kansas City Royals,140,118,683004.0,Jack Leiter,607625.0,Seth Lugo,Final
778745,2025-03-22,Chicago Cubs,Colorado Rockies,112,115,592791.0,Jameson Taillon,596295.0,Austin Gomber,Final
778810,2025-03-22,Cleveland Guardians,San Diego Padres,114,135,676440.0,Tanner Bibee,606996.0,Kyle Hart,Final
778838,2025-03-22,Chicago White Sox,Seattle Mariners,145,136,696146.0,Hagen Smith,622491.0,Luis Castillo,Final
779133,2025-03-22,Athletics,Milwaukee Brewers,133,158,605488.0,Jeffrey Springs,500779.0,Jose Quintana,Final
778996,2025-03-22,San Diego Padres,Cincinnati Reds,135,113,656302.0,Dylan Cease,671096.0,Andrew Abbott,Final
778776,2025-03-22,Colorado Rockies,Chicago White Sox,115,145,607536.0,Kyle Freeland,702273.0,Noah Schultz,Final
778711,2025-03-22,Houston Astros,Miami Marlins,117,146,686613.0,Hunter Brown,675540.0,Xzavion Curry,Final
778710,2025-03-23,Washington Nationals,Houston Astros,120,117,592866.0,Trevor Williams,681293.0,Spencer Arrighetti,Final
778902,2025-03-23,Philadelphia Phillies,Detroit Tigers,143,116,605400.0,Aaron Nola,681857.0,Reese Olson,Final
779056,2025-03-23,St. Louis Cardinals,Washington Nationals,138,120,607200.0,Erick Fedde,671131.0,Jackson Rutledge,Final
778761,2025-03-23,Boston Red Sox,Minnesota Twins,111,142,681867.0,Cooper Criswell,657746.0,Joe Ryan,Final
778693,2025-03-23,Atlanta Braves,Baltimore Orioles,144,110,675911.0,Spencer Strider,450203.0,Charlie Morton,Final
779040,2025-03-23,New York Yankees,Tampa Bay Rays,147,139,608331.0,Max Fried,686752.0,Ryan Pepiot,Final
778945,2025-03-23,Toronto Blue Jays,Pittsburgh Pirates,141,134,605135.0,Chris Bassitt,663559.0,Bailey Falter,Final
778887,2025-03-23,New York Mets,Miami Marlins,121,146,656288.0,Griffin Canning,687362.0,Connor Gillispie,Final
778809,2025-03-23,Cincinnati Reds,Cleveland Guardians,113,114,666157.0,Nick Lodolo,592826.0,Vince Velasquez,Final
778746,2025-03-23,Chicago Cubs,Athletics,112,133,571510.0,Matthew Boyd,674370.0,Osvaldo Bido,Final
778841,2025-03-23,Chicago White Sox,Arizona Diamondbacks,145,109,685126.0,Brandon Eisert,656257.0,Jeff Brigham,Final
778779,2025-03-23,Arizona Diamondbacks,San Diego Padres,109,135,694297.0,Brandon Pfaadt,670810.0,Logan Gillaspie,Final
779086,2025-03-23,Milwaukee Brewers,Colorado Rockies,158,115,660730.0,Elvin Rodríguez,801403.0,Chase Dollander,Final
778997,2025-03-23,Seattle Mariners,Milwaukee Brewers,136,158,682243.0,Bryce Miller,671162.0,Connor Thomas,Final
789325,2025-03-23,San Francisco Giants,Sacramento River Cats,137,105,694738.0,Landen Roupp,676775.0,Keaton Winn,Final
787998,2025-03-23,Los Angeles Dodgers,Los Angeles Angels,119,108,701328.0,Jackson Ferris,667755.0,José Soriano,Final
778899,2025-03-24,Philadelphia Phillies,Tampa Bay Rays,143,139,592836.0,Taijuan Walker,641793.0,Zack Littell,Final
787944,2025-03-24,Minnesota Twins,Pittsburgh Pirates,142,134,641927.0,Bailey Ober,802419.0,Thomas Harrington,Final
787945,2025-03-24,New York Mets,New York Yankees,121,147,592773.0,Ryne Stanek,573186.0,Marcus Stroman,Final
789304,2025-03-24,Chicago White Sox,Athletics,145,133,663436.0,Davis Martin,676664.0,JP Sears,Final
778992,2025-03-24,San Diego Padres,Seattle Mariners,135,136,663568.0,Stephen Kolek,693433.0,Bryan Woo,Final
778781,2025-03-24,Colorado Rockies,Milwaukee Brewers,115,158,663372.0,Ryan Feltner,641482.0,Nestor Cortes,Final
778744,2025-03-24,Chicago Cubs,Atlanta Braves,112,144,641745.0,Brad Keller,680885.0,Spencer Schwellenbach,Final
791797,2025-03-24,Memphis Redbirds,St. Louis Cardinals,235,138,678016.0,Ian Bedell,669467.0,Andre Pallante,Final
778712,2025-03-24,Texas Rangers,Kansas City Royals,140,118,641816.0,Tyler Mahle,608379.0,Michael Wacha,Final
787927,2025-03-24,Houston Astros,Sugar Land Space Cowboys,117,5434,669854.0,Ronel Blanco,676345.0,Aaron Brown,Final
787999,2025-03-24,Los Angeles Angels,Los Angeles Dodgers,108,119,696270.0,Ryan Johnson,607192.0,Tyler Glasnow,Final
794238,2025-03-24,Sultanes de Monterrey,Boston Red Sox,562,111,570666.0,Luis Cessa,690916.0,Richard Fitts,Final
787930,2025-03-24,Arizona Diamondbacks,Cleveland Guardians,109,114,593958.0,Eduardo Rodriguez,668909.0,Gavin Williams,Final
789324,2025-03-24,San Francisco Giants,Detroit Tigers,137,116,592662.0,Robbie Ray,663947.0,Tyler Holton,Final
806207,2025-03-24,Washington Nationals,Baltimore Orioles,120,110,663623.0,Jake Irvin,700249.0,Cade Povich,Cancelled
787943,2025-03-25,Minnesota Twins,Colorado Rockies,142,115,663978.0,Chris Paddack,608566.0,Germán Márquez,Final
803680,2025-03-25,Miami Marlins,New York Yankees,146,147,676974.0,Max Meyer,701542.0,Will Warren,Final
778709,2025-03-25,Texas Rangers,Kansas City Royals,140,118,594798.0,Jacob deGrom,663460.0,Kris Bubic,Final
787931,2025-03-25,Arizona Diamondbacks,Cleveland Guardians,109,114,656232.0,Brandon Bielak,682847.0,Luis Ortiz,Final
778748,2025-03-25,Chicago Cubs,Atlanta Braves,112,144,676962.0,Ben Brown,660761.0,José Suarez,Final
796341,2025-03-25,Cincinnati Reds,Dayton Dragons,113,459,,,,,Final
794289,2025-03-25,Boston Red Sox,Sultanes de Monterrey,111,562,544365.0,Manny Banuelos,675660.0,Shane Drohan,Final
789323,2025-03-25,San Francisco Giants,Detroit Tigers,137,116,663855.0,Jordan Hicks,695549.0,Jackson Jobe,Final
787928,2025-03-25,Houston Astros,Sugar Land Space Cowboys,117,5434,669713.0,Hayden Wesneski,805123.0,AJ Blubaugh,Final
787997,2025-03-25,Los Angeles Angels,Los Angeles Dodgers,108,119,686799.0,Jack Kochanowicz,669160.0,Dustin May,Final
778557,2025-03-27,New York Yankees,Milwaukee Brewers,147,158,607074.0,Carlos Rodón,642547.0,Freddy Peralta,Final
778556,2025-03-27,Toronto Blue Jays,Baltimore Orioles,141,110,621244.0,José Berríos,621107.0,Zach Eflin,Final
778553,2025-03-27,Texas Rangers,Boston Red Sox,140,111,543135.0,Nathan Eovaldi,676979.0,Garrett Crochet,Final
778555,2025-03-27,Washington Nationals,Philadelphia Phillies,120,143,669022.0,MacKenzie Gore,554430.0,Zack Wheeler,Final
778558,2025-03-27,Kansas City Royals,Cleveland Guardians,118,114,666142.0,Cole Ragans,594902.0,Ben Lively,Final
778559,2025-03-27,Houston Astros,New York Mets,117,121,664285.0,Framber Valdez,605280.0,Clay Holmes,Final
778561,2025-03-27,Cincinnati Reds,San Francisco Giants,113,137,668881.0,Hunter Greene,657277.0,Logan Webb,Final
778545,2025-03-27,San Diego Padres,Atlanta Braves,135,144,650633.0,Michael King,519242.0,Chris Sale,Final
778554,2025-03-27,Chicago White Sox,Los Angeles Angels,145,108,680732.0,Sean Burke,579328.0,Yusei Kikuchi,Final
778562,2025-03-27,Miami Marlins,Pittsburgh Pirates,146,134,645261.0,Sandy Alcantara,694973.0,Paul Skenes,Final
778551,2025-03-27,St. Louis Cardinals,Minnesota Twins,138,142,543243.0,Sonny Gray,641154.0,Pablo López,Final
778546,2025-03-27,Los Angeles Dodgers,Detroit Tigers,119,116,605483.0,Blake Snell,669373.0,Tarik Skubal,Final
778552,2025-03-27,Arizona Diamondbacks,Chicago Cubs,109,112,668678.0,Zac Gallen,657006.0,Justin Steele,Final
778547,2025-03-27,Seattle Mariners,Athletics,136,133,669302.0,Logan Gilbert,622663.0,Luis Severino,Final
778560,2025-03-28,Tampa Bay Rays,Colorado Rockies,139,115,686752.0,Ryan Pepiot,607536.0,Kyle Freeland,Final
778549,2025-03-28,Toronto Blue Jays,Baltimore Orioles,141,110,592332.0,Kevin Gausman,450203.0,Charlie Morton,Final
778548,2025-03-28,Miami Marlins,Pittsburgh Pirates,146,134,687362.0,Connor Gillispie,656605.0,Mitch Keller,Final
778550,2025-03-28,Texas Rangers,Boston Red Sox,140,111,683004.0,Jack Leiter,656557.0,Tanner Houck,Final
778518,2025-03-28,Houston Astros,New York Mets,117,121,686613.0,Hunter Brown,656731.0,Tylor Megill,Final
778543,2025-03-28,Arizona Diamondbacks,Chicago Cubs,109,112,518876.0,Merrill Kelly,592791.0,Jameson Taillon,Final
778541,2025-03-28,Seattle Mariners,Athletics,136,133,622491.0,Luis Castillo,605488.0,Jeffrey Springs,Final
778542,2025-03-28,San Diego Padres,Atlanta Braves,135,144,656302.0,Dylan Cease,625643.0,Reynaldo López,Final
778544,2025-03-28,Los Angeles Dodgers,Detroit Tigers,119,116,808967.0,Yoshinobu Yamamoto,656427.0,Jack Flaherty,Final
778538,2025-03-29,New York Yankees,Milwaukee Brewers,147,158,608331.0,Max Fried,641482.0,Nestor Cortes,Final
778534,2025-03-29,Chicago White Sox,Los Angeles Angels,145,108,686563.0,Jonathan Cannon,667755.0,José Soriano,Final
778528,2025-03-29,St. Louis Cardinals,Minnesota Twins,138,142,607200.0,Erick Fedde,657746.0,Joe Ryan,Final
778536,2025-03-29,Toronto Blue Jays,Baltimore Orioles,141,110,453286.0,Max Scherzer,665152.0,Dean Kremer,Final
778535,2025-03-29,Washington Nationals,Philadelphia Phillies,120,143,663623.0,Jake Irvin,666200.0,Jesús Luzardo,Final
778529,2025-03-29,Kansas City Royals,Cleveland Guardians,118,114,607625.0,Seth Lugo,668909.0,Gavin Williams,Final
778540,2025-03-29,Cincinnati Reds,San Francisco Giants,113,137,666157.0,Nick Lodolo,434378.0,Justin Verlander,Final
778537,2025-03-29,Tampa Bay Rays,Colorado Rockies,139,115,641793.0,Zack Littell,622608.0,Antonio Senzatela,Final
778539,2025-03-29,Miami Marlins,Pittsburgh Pirates,146,134,678368.0,Valente Bellozo,663559.0,Bailey Falter,Final
778531,2025-03-29,Texas Rangers,Boston Red Sox,140,111,641816.0,Tyler Mahle,621111.0,Walker Buehler,Final
778530,2025-03-29,Houston Astros,New York Mets,117,121,681293.0,Spencer Arrighetti,656288.0,Griffin Canning,Final
778520,2025-03-29,San Diego Padres,Atlanta Braves,135,144,681190.0,Randy Vásquez,680885.0,Spencer Schwellenbach,Final
778532,2025-03-29,Arizona Diamondbacks,Chicago Cubs,109,112,694297.0,Brandon Pfaadt,684007.0,Shota Imanaga,Final
778533,2025-03-29,Los Angeles Dodgers,Detroit Tigers,119,116,808963.0,Roki Sasaki,681857.0,Reese Olson,Final
778521,2025-03-29,Seattle Mariners,Athletics,136,133,682243.0,Bryce Miller,674370.0,Osvaldo Bido,Final
778526,2025-03-30,Washington Nationals,Philadelphia Phillies,120,143,680730.0,Mitchell Parker,605400.0,Aaron Nola,Final
778523,2025-03-30,New York Yankees,Milwaukee Brewers,147,158,573186.0,Marcus Stroman,650644.0,Aaron Civale,Final
778525,2025-03-30,Toronto Blue Jays,Baltimore Orioles,141,110,605135.0,Chris Bassitt,608372.0,Tomoyuki Sugano,Final
778522,2025-03-30,Cincinnati Reds,San Francisco Giants,113,137,607259.0,Nick Martinez,592662.0,Robbie Ray,Final
778524,2025-03-30,Tampa Bay Rays,Colorado Rockies,139,115,671737.0,Taj Bradley,663372.0,Ryan Feltner,Final
778519,2025-03-30,Miami Marlins,Pittsburgh Pirates,146,134,676974.0,Max Meyer,571760.0,Andrew Heaney,Final
778510,2025-03-30,Kansas City Royals,Cleveland Guardians,118,114,608379.0,Michael Wacha,676440.0,Tanner Bibee,Final
778527,2025-03-30,Chicago White Sox,Los Angeles Angels,145,108,663436.0,Davis Martin,686799.0,Jack Kochanowicz,Final
778517,2025-03-30,St. Louis Cardinals,Minnesota Twins,138,142,669467.0,Andre Pallante,641927.0,Bailey Ober,Final
778516,2025-03-30,Texas Rangers,Boston Red Sox,140,111,594798.0,Jacob deGrom,690916.0,Richard Fitts,Final
778515,2025-03-30,Arizona Diamondbacks,Chicago Cubs,109,112,593958.0,Eduardo Rodriguez,571510.0,Matthew Boyd,Final
778513,2025-03-30,Seattle Mariners,Athletics,136,133,693433.0,Bryan Woo,676664.0,JP Sears,Final
778514,2025-03-30,San Diego Padres,Atlanta Braves,135,144,601713.0,Nick Pivetta,700363.0,AJ Smith-Shawver,Final
778506,2025-03-31,Chicago White Sox,Minnesota Twins,145,142,527048.0,Martín Pérez,663978.0,Chris Paddack,Final
778504,2025-03-31,Milwaukee Brewers,Kansas City Royals,158,118,660730.0,Elvin Rodríguez,663460.0,Kris Bubic,Final
778512,2025-03-31,Baltimore Orioles,Boston Red Sox,110,111,700249.0,Cade Povich,656794.0,Sean Newcomb,Final
778502,2025-03-31,Philadelphia Phillies,Colorado Rockies,143,115,650911.0,Cristopher Sánchez,608566.0,Germán Márquez,Final
778511,2025-03-31,Cincinnati Reds,Texas Rangers,113,140,663903.0,Brady Singer,677958.0,Kumar Rocker,Final
778509,2025-03-31,Miami Marlins,New York Mets,146,121,615698.0,Cal Quantrill,656849.0,David Peterson,Final
778508,2025-03-31,Tampa Bay Rays,Pittsburgh Pirates,139,134,656876.0,Drew Rasmussen,669387.0,Carmen Mlodzinski,Final
778507,2025-03-31,Toronto Blue Jays,Washington Nationals,141,120,670102.0,Bowden Francis,647336.0,Michael Soroka,Final
778503,2025-03-31,St. Louis Cardinals,Los Angeles Angels,138,108,571945.0,Miles Mikolas,542881.0,Tyler Anderson,Final
778505,2025-03-31,Houston Astros,San Francisco Giants,117,137,669854.0,Ronel Blanco,663855.0,Jordan Hicks,Final
778499,2025-03-31,San Diego Padres,Cleveland Guardians,135,114,606996.0,Kyle Hart,682847.0,Luis Ortiz,Final
778496,2025-03-31,Seattle Mariners,Detroit Tigers,136,116,676106.0,Emerson Hancock,695549.0,Jackson Jobe,Final
778501,2025-03-31,Athletics,Chicago Cubs,133,112,683155.0,Joey Estes,676962.0,Ben Brown,Final
778500,2025-03-31,Los Angeles Dodgers,Atlanta Braves,119,144,607192.0,Tyler Glasnow,656550.0,Grant Holmes,Final
778498,2025-04-01,Cincinnati Reds,Texas Rangers,113,140,686730.0,Carson Spiers,543135.0,Nathan Eovaldi,Final
778497,2025-04-01,Miami Marlins,New York Mets,146,121,645261.0,Sandy Alcantara,673540.0,Kodai Senga,Final
778493,2025-04-01,Tampa Bay Rays,Pittsburgh Pirates,139,134,669358.0,Shane Baz,802419.0,Thomas Harrington,Final
778492,2025-04-01,New York Yankees,Arizona Diamondbacks,147,109,701542.0,Will Warren,669203.0,Corbin Burnes,Final
778491,2025-04-01,Toronto Blue Jays,Washington Nationals,141,120,621244.0,José Berríos,592866.0,Trevor Williams,Final
778490,2025-04-01,Chicago White Sox,Minnesota Twins,145,142,681343.0,Shane Smith,680573.0,Simeon Woods Richardson,Final
778488,2025-04-01,Milwaukee Brewers,Kansas City Royals,158,118,694477.0,Chad Patrick,547179.0,Michael Lorenzen,Final
778495,2025-04-01,St. Louis Cardinals,Los Angeles Angels,138,108,669461.0,Matthew Liberatore,543294.0,Kyle Hendricks,Final
778489,2025-04-01,Houston Astros,San Francisco Giants,117,137,669713.0,Hayden Wesneski,657277.0,Logan Webb,Final
778485,2025-04-01,San Diego Padres,Cleveland Guardians,135,114,650633.0,Michael King,671106.0,Logan Allen,Final
778486,2025-04-01,Seattle Mariners,Detroit Tigers,136,116,669302.0,Logan Gilbert,663554.0,Casey Mize,Final
778494,2025-04-01,Athletics,Chicago Cubs,133,112,622663.0,Luis Severino,657006.0,Justin Steele,Final
778487,2025-04-01,Los Angeles Dodgers,Atlanta Braves,119,144,669160.0,Dustin May,519242.0,Chris Sale,Final
778480,2025-04-02,Cincinnati Reds,Texas Rangers,113,140,668881.0,Hunter Greene,683004.0,Jack Leiter,Final
778479,2025-04-02,Tampa Bay Rays,Pittsburgh Pirates,139,134,686752.0,Ryan Pepiot,694973.0,Paul Skenes,Final
778477,2025-04-02,Milwaukee Brewers,Kansas City Royals,158,118,642547.0,Freddy Peralta,666142.0,Cole Ragans,Final
778473,2025-04-02,St. Louis Cardinals,Los Angeles Angels,138,108,543243.0,Sonny Gray,579328.0,Yusei Kikuchi,Final
778474,2025-04-02,Chicago White Sox,Minnesota Twins,145,142,680732.0,Sean Burke,641154.0,Pablo López,Final
778478,2025-04-02,Toronto Blue Jays,Washington Nationals,141,120,687922.0,Easton Lucas,669022.0,MacKenzie Gore,Final
778471,2025-04-02,Athletics,Chicago Cubs,133,112,605488.0,Jeffrey Springs,592791.0,Jameson Taillon,Final
778476,2025-04-02,San Diego Padres,Cleveland Guardians,135,114,656302.0,Dylan Cease,594902.0,Ben Lively,Final
778469,2025-04-02,Seattle Mariners,Detroit Tigers,136,116,622491.0,Luis Castillo,669373.0,Tarik Skubal,Final
778475,2025-04-02,Houston Astros,San Francisco Giants,117,137,664285.0,Framber Valdez,694738.0,Landen Roupp,Final
778481,2025-04-02,Miami Marlins,New York Mets,146,121,687362.0,Connor Gillispie,605280.0,Clay Holmes,Final
778483,2025-04-02,Baltimore Orioles,Boston Red Sox,110,111,621107.0,Zach Eflin,676979.0,Garrett Crochet,Final
778482,2025-04-02,Philadelphia Phillies,Colorado Rockies,143,115,554430.0,Zack Wheeler,607536.0,Kyle Freeland,Final
778484,2025-04-02,New York Yankees,Arizona Diamondbacks,147,109,607074.0,Carlos Rodón,668678.0,Zac Gallen,Final
778472,2025-04-02,Los Angeles Dodgers,Atlanta Braves,119,144,605483.0,Blake Snell,693821.0,Bryce Elder,Final
778470,2025-04-03,Baltimore Orioles,Boston Red Sox,110,111,450203.0,Charlie Morton,656557.0,Tanner Houck,Final
778467,2025-04-03,Philadelphia Phillies,Colorado Rockies,143,115,592836.0,Taijuan Walker,622608.0,Antonio Senzatela,Final
778462,2025-04-03,Minnesota Twins,Houston Astros,142,117,657746.0,Joe Ryan,686613.0,Hunter Brown,Final
778466,2025-04-03,New York Yankees,Arizona Diamondbacks,147,109,471911.0,Carlos Carrasco,518876.0,Merrill Kelly,Final
778468,2025-04-03,Milwaukee Brewers,Cincinnati Reds,158,113,641482.0,Nestor Cortes,666157.0,Nick Lodolo,Final
778458,2025-04-04,Detroit Tigers,Chicago White Sox,116,145,656427.0,Jack Flaherty,686563.0,Jonathan Cannon,Final
778463,2025-04-04,Boston Red Sox,St. Louis Cardinals,111,138,621111.0,Walker Buehler,607200.0,Erick Fedde,Final
778460,2025-04-04,Chicago Cubs,San Diego Padres,112,135,684007.0,Shota Imanaga,681190.0,Randy Vásquez,Final
778465,2025-04-04,New York Mets,Toronto Blue Jays,121,141,656731.0,Tylor Megill,592332.0,Kevin Gausman,Final
778456,2025-04-04,Colorado Rockies,Athletics,115,133,663372.0,Ryan Feltner,674370.0,Osvaldo Bido,Final
778461,2025-04-04,Pittsburgh Pirates,New York Yankees,134,147,656605.0,Mitch Keller,608331.0,Max Fried,Final
778444,2025-04-04,San Francisco Giants,Seattle Mariners,137,136,434378.0,Justin Verlander,622379.0,Luis F. Castillo,Final
778457,2025-04-04,Washington Nationals,Arizona Diamondbacks,120,109,663623.0,Jake Irvin,694297.0,Brandon Pfaadt,Final
778459,2025-04-04,Philadelphia Phillies,Los Angeles Dodgers,143,119,666200.0,Jesús Luzardo,808967.0,Yoshinobu Yamamoto,Final
778464,2025-04-04,Atlanta Braves,Miami Marlins,144,146,680885.0,Spencer Schwellenbach,676974.0,Max Meyer,Final
778455,2025-04-04,Kansas City Royals,Baltimore Orioles,118,110,607625.0,Seth Lugo,665152.0,Dean Kremer,Final
778454,2025-04-04,Texas Rangers,Tampa Bay Rays,140,139,641816.0,Tyler Mahle,641793.0,Zack Littell,Final
778453,2025-04-04,Milwaukee Brewers,Cincinnati Reds,158,113,641302.0,Tyler Alexander,607259.0,Nick Martinez,Final
778447,2025-04-04,Los Angeles Angels,Cleveland Guardians,108,114,667755.0,José Soriano,668909.0,Gavin Williams,Final
778445,2025-04-05,Detroit Tigers,Chicago White Sox,116,145,681857.0,Reese Olson,663436.0,Davis Martin,Final
778440,2025-04-05,Minnesota Twins,Houston Astros,142,117,641927.0,Bailey Ober,681293.0,Spencer Arrighetti,Final
778450,2025-04-05,Chicago Cubs,San Diego Padres,112,135,571510.0,Matthew Boyd,601713.0,Nick Pivetta,Final
778452,2025-04-05,Washington Nationals,Arizona Diamondbacks,120,109,680730.0,Mitchell Parker,593958.0,Eduardo Rodriguez,Final
778448,2025-04-05,Philadelphia Phillies,Los Angeles Dodgers,143,119,605400.0,Aaron Nola,808963.0,Roki Sasaki,Final
778449,2025-04-05,Pittsburgh Pirates,New York Yankees,134,147,663559.0,Bailey Falter,573186.0,Marcus Stroman,Final
778441,2025-04-05,Kansas City Royals,Baltimore Orioles,118,110,608379.0,Michael Wacha,608372.0,Tomoyuki Sugano,Final
778438,2025-04-05,Texas Rangers,Tampa Bay Rays,140,139,594798.0,Jacob deGrom,671737.0,Taj Bradley,Final
778446,2025-04-05,New York Mets,Toronto Blue Jays,121,141,656288.0,Griffin Canning,605135.0,Chris Bassitt,Final
778439,2025-04-05,Milwaukee Brewers,Cincinnati Reds,158,113,660730.0,Elvin Rodríguez,663903.0,Brady Singer,Final
778451,2025-04-05,Atlanta Braves,Miami Marlins,144,146,700363.0,AJ Smith-Shawver,615698.0,Cal Quantrill,Final
778442,2025-04-05,Colorado Rockies,Athletics,115,133,608566.0,Germán Márquez,676664.0,JP Sears,Final
778436,2025-04-05,San Francisco Giants,Seattle Mariners,137,136,592662.0,Robbie Ray,682243.0,Bryce Miller,Final
778437,2025-04-05,Los Angeles Angels,Cleveland Guardians,108,114,686799.0,Jack Kochanowicz,676440.0,Tanner Bibee,Final
778443,2025-04-05,Boston Red Sox,St. Louis Cardinals,111,138,690916.0,Richard Fitts,669467.0,Andre Pallante,Postponed
778429,2025-04-06,Washington Nationals,Arizona Diamondbacks,120,109,592866.0,Trevor Williams,669203.0,Corbin Burnes,Final
778432,2025-04-06,Boston Red Sox,St. Louis Cardinals,111,138,690928.0,Hunter Dobbins,571945.0,Miles Mikolas,Final
778434,2025-04-06,Philadelphia Phillies,Los Angeles Dodgers,143,119,650911.0,Cristopher Sánchez,607192.0,Tyler Glasnow,Final
778428,2025-04-06,Pittsburgh Pirates,New York Yankees,134,147,571760.0,Andrew Heaney,701542.0,Will Warren,Final
778435,2025-04-06,New York Mets,Toronto Blue Jays,121,141,656849.0,David Peterson,670102.0,Bowden Francis,Final
778433,2025-04-06,Detroit Tigers,Chicago White Sox,116,145,695549.0,Jackson Jobe,527048.0,Martín Pérez,Final
778422,2025-04-06,Kansas City Royals,Baltimore Orioles,118,110,663460.0,Kris Bubic,700249.0,Cade Povich,Final
778419,2025-04-06,Minnesota Twins,Houston Astros,142,117,663978.0,Chris Paddack,669854.0,Ronel Blanco,Final
778421,2025-04-06,Milwaukee Brewers,Cincinnati Reds,158,113,694477.0,Chad Patrick,686730.0,Carson Spiers,Final
778430,2025-04-06,Chicago Cubs,San Diego Padres,112,135,676962.0,Ben Brown,606996.0,Kyle Hart,Final
778420,2025-04-06,Texas Rangers,Tampa Bay Rays,140,139,677958.0,Kumar Rocker,656876.0,Drew Rasmussen,Final
778423,2025-04-06,Colorado Rockies,Athletics,115,133,801403.0,Chase Dollander,683155.0,Joey Estes,Final
778427,2025-04-06,San Francisco Giants,Seattle Mariners,137,136,663855.0,Jordan Hicks,693433.0,Bryan Woo,Final
778425,2025-04-06,Los Angeles Angels,Cleveland Guardians,108,114,542881.0,Tyler Anderson,682847.0,Luis Ortiz,Final
778431,2025-04-06,Atlanta Braves,Miami Marlins,144,146,656550.0,Grant Holmes,645261.0,Sandy Alcantara,Postponed
778424,2025-04-07,Detroit Tigers,New York Yankees,116,147,663554.0,Casey Mize,607074.0,Carlos Rodón,Final
778415,2025-04-07,Pittsburgh Pirates,St. Louis Cardinals,134,138,669387.0,Carmen Mlodzinski,669461.0,Matthew Liberatore,Final
778418,2025-04-07,Washington Nationals,Los Angeles Dodgers,120,119,669022.0,MacKenzie Gore,669160.0,Dustin May,Final
778426,2025-04-07,Boston Red Sox,Toronto Blue Jays,111,141,690916.0,Richard Fitts,621244.0,José Berríos,Final
778416,2025-04-07,New York Mets,Miami Marlins,121,146,673540.0,Kodai Senga,678368.0,Valente Bellozo,Final
778411,2025-04-07,Chicago Cubs,Texas Rangers,112,140,657006.0,Justin Steele,543135.0,Nathan Eovaldi,Final
778412,2025-04-07,Kansas City Royals,Minnesota Twins,118,142,547179.0,Michael Lorenzen,680573.0,Simeon Woods Richardson,Final
778413,2025-04-07,Arizona Diamondbacks,Baltimore Orioles,109,110,668678.0,Zac Gallen,621107.0,Zach Eflin,Final
778405,2025-04-07,Seattle Mariners,Houston Astros,136,117,669302.0,Logan Gilbert,669713.0,Hayden Wesneski,Final
778410,2025-04-07,San Francisco Giants,Cincinnati Reds,137,113,657277.0,Logan Webb,668881.0,Hunter Greene,Final
778414,2025-04-07,Athletics,San Diego Padres,133,135,622663.0,Luis Severino,650633.0,Michael King,Final
778403,2025-04-08,Detroit Tigers,New York Yankees,116,147,669373.0,Tarik Skubal,471911.0,Carlos Carrasco,Final
778402,2025-04-08,Cleveland Guardians,Chicago White Sox,114,145,594902.0,Ben Lively,681343.0,Shane Smith,Final
778407,2025-04-08,New York Mets,Miami Marlins,121,146,605280.0,Clay Holmes,687362.0,Connor Gillispie,Final
778408,2025-04-08,Pittsburgh Pirates,St. Louis Cardinals,134,138,694973.0,Paul Skenes,543243.0,Sonny Gray,Final
778409,2025-04-08,Washington Nationals,Los Angeles Dodgers,120,119,695418.0,Brad Lord,680736.0,Justin Wrobleski,Final
778404,2025-04-08,Boston Red Sox,Toronto Blue Jays,111,141,676979.0,Garrett Crochet,687922.0,Easton Lucas,Final
778417,2025-04-08,Tampa Bay Rays,Los Angeles Angels,139,108,669358.0,Shane Baz,543294.0,Kyle Hendricks,Final
778406,2025-04-08,Atlanta Braves,Philadelphia Phillies,144,143,519242.0,Chris Sale,554430.0,Zack Wheeler,Final
778401,2025-04-08,Chicago Cubs,Texas Rangers,112,140,592791.0,Jameson Taillon,571578.0,Patrick Corbin,Final
778400,2025-04-08,Kansas City Royals,Minnesota Twins,118,142,666142.0,Cole Ragans,641154.0,Pablo López,Final
778394,2025-04-08,Colorado Rockies,Milwaukee Brewers,115,158,607536.0,Kyle Freeland,642547.0,Freddy Peralta,Final
778396,2025-04-08,Arizona Diamondbacks,Baltimore Orioles,109,110,518876.0,Merrill Kelly,450203.0,Charlie Morton,Final
778398,2025-04-08,Seattle Mariners,Houston Astros,136,117,622491.0,Luis Castillo,664285.0,Framber Valdez,Final
778397,2025-04-08,San Francisco Giants,Cincinnati Reds,137,113,694738.0,Landen Roupp,666157.0,Nick Lodolo,Final
778395,2025-04-08,Athletics,San Diego Padres,133,135,605488.0,Jeffrey Springs,656302.0,Dylan Cease,Final
778389,2025-04-09,Pittsburgh Pirates,St. Louis Cardinals,134,138,656605.0,Mitch Keller,607200.0,Erick Fedde,Final
778390,2025-04-09,New York Mets,Miami Marlins,121,146,656731.0,Tylor Megill,676974.0,Max Meyer,Final
778387,2025-04-09,Detroit Tigers,New York Yankees,116,147,656427.0,Jack Flaherty,608331.0,Max Fried,Final
778385,2025-04-09,Chicago Cubs,Texas Rangers,112,140,684007.0,Shota Imanaga,641816.0,Tyler Mahle,Final
778381,2025-04-09,Athletics,San Diego Padres,133,135,674370.0,Osvaldo Bido,681190.0,Randy Vásquez,Final
778380,2025-04-09,Arizona Diamondbacks,Baltimore Orioles,109,110,694297.0,Brandon Pfaadt,665152.0,Dean Kremer,Final
778376,2025-04-09,San Francisco Giants,Cincinnati Reds,137,113,434378.0,Justin Verlander,607259.0,Nick Martinez,Final
778392,2025-04-09,Washington Nationals,Los Angeles Dodgers,120,119,663623.0,Jake Irvin,689017.0,Landon Knack,Final
778383,2025-04-09,Seattle Mariners,Houston Astros,136,117,622379.0,Luis F. Castillo,686613.0,Hunter Brown,Final
778391,2025-04-09,Cleveland Guardians,Chicago White Sox,114,145,671106.0,Logan Allen,680732.0,Sean Burke,Final
778386,2025-04-09,Boston Red Sox,Toronto Blue Jays,111,141,656557.0,Tanner Houck,592332.0,Kevin Gausman,Final
778399,2025-04-09,Tampa Bay Rays,Los Angeles Angels,139,108,686752.0,Ryan Pepiot,579328.0,Yusei Kikuchi,Final
778393,2025-04-09,Atlanta Braves,Philadelphia Phillies,144,143,656550.0,Grant Holmes,592836.0,Taijuan Walker,Final
778388,2025-04-09,Kansas City Royals,Minnesota Twins,118,142,607625.0,Seth Lugo,657746.0,Joe Ryan,Final
778379,2025-04-09,Colorado Rockies,Milwaukee Brewers,115,158,622608.0,Antonio Senzatela,641302.0,Tyler Alexander,Final
778382,2025-04-10,Tampa Bay Rays,Los Angeles Angels,139,108,641793.0,Zack Littell,667755.0,José Soriano,Final
778378,2025-04-10,Cleveland Guardians,Chicago White Sox,114,145,668909.0,Gavin Williams,686563.0,Jonathan Cannon,Final
778373,2025-04-10,Kansas City Royals,Minnesota Twins,118,142,608379.0,Michael Wacha,641927.0,Bailey Ober,Final
778371,2025-04-10,Colorado Rockies,Milwaukee Brewers,115,158,663372.0,Ryan Feltner,682990.0,Quinn Priester,Final
778377,2025-04-10,Boston Red Sox,Toronto Blue Jays,111,141,621111.0,Walker Buehler,605135.0,Chris Bassitt,Final
778384,2025-04-10,Atlanta Braves,Philadelphia Phillies,144,143,680885.0,Spencer Schwellenbach,666200.0,Jesús Luzardo,Final
778375,2025-04-11,Cleveland Guardians,Kansas City Royals,114,118,676440.0,Tanner Bibee,663460.0,Kris Bubic,Final
778374,2025-04-11,Cincinnati Reds,Pittsburgh Pirates,113,134,663903.0,Brady Singer,663559.0,Bailey Falter,Final
778367,2025-04-11,Tampa Bay Rays,Atlanta Braves,139,144,671737.0,Taj Bradley,693821.0,Bryce Elder,Final
778370,2025-04-11,New York Yankees,San Francisco Giants,147,137,573186.0,Marcus Stroman,592662.0,Robbie Ray,Completed Early
778369,2025-04-11,Miami Marlins,Washington Nationals,146,120,665795.0,Edward Cabrera,680730.0,Mitchell Parker,Final
778366,2025-04-11,Chicago White Sox,Boston Red Sox,145,111,663436.0,Davis Martin,656794.0,Sean Newcomb,Final
778368,2025-04-11,Houston Astros,Los Angeles Angels,117,108,669854.0,Ronel Blanco,686799.0,Jack Kochanowicz,Final
778363,2025-04-11,Minnesota Twins,Detroit Tigers,142,116,701581.0,David Festa,681857.0,Reese Olson,Final
778365,2025-04-11,St. Louis Cardinals,Philadelphia Phillies,138,143,669467.0,Andre Pallante,605400.0,Aaron Nola,Final
778361,2025-04-11,San Diego Padres,Colorado Rockies,135,115,601713.0,Nick Pivetta,608566.0,Germán Márquez,Final
778360,2025-04-11,Seattle Mariners,Texas Rangers,136,140,682243.0,Bryce Miller,594798.0,Jacob deGrom,Final
778364,2025-04-11,Arizona Diamondbacks,Milwaukee Brewers,109,158,593958.0,Eduardo Rodriguez,500779.0,Jose Quintana,Final
778358,2025-04-11,Athletics,New York Mets,133,121,676664.0,JP Sears,656288.0,Griffin Canning,Final
778356,2025-04-11,Los Angeles Dodgers,Chicago Cubs,119,112,808967.0,Yoshinobu Yamamoto,571510.0,Matthew Boyd,Final
778372,2025-04-11,Baltimore Orioles,Toronto Blue Jays,110,141,608372.0,Tomoyuki Sugano,670102.0,Bowden Francis,Postponed
778348,2025-04-12,Minnesota Twins,Detroit Tigers,142,116,663978.0,Chris Paddack,695549.0,Jackson Jobe,Final
778347,2025-04-12,St. Louis Cardinals,Philadelphia Phillies,138,143,571945.0,Miles Mikolas,650911.0,Cristopher Sánchez,Final
778355,2025-04-12,New York Yankees,San Francisco Giants,147,137,701542.0,Will Warren,663855.0,Jordan Hicks,Final
778346,2025-04-12,Athletics,New York Mets,133,121,669372.0,J.T. Ginn,656849.0,David Peterson,Final
778362,2025-04-12,Baltimore Orioles,Toronto Blue Jays,110,141,608372.0,Tomoyuki Sugano,670102.0,Bowden Francis,Final
778353,2025-04-12,Tampa Bay Rays,Atlanta Braves,139,144,656876.0,Drew Rasmussen,700363.0,AJ Smith-Shawver,Final
778349,2025-04-12,Chicago White Sox,Boston Red Sox,145,111,527048.0,Martín Pérez,690916.0,Richard Fitts,Final
778354,2025-04-12,Miami Marlins,Washington Nationals,146,120,645261.0,Sandy Alcantara,592866.0,Trevor Williams,Final
778359,2025-04-12,Cleveland Guardians,Kansas City Royals,114,118,682847.0,Luis Ortiz,547179.0,Michael Lorenzen,Final
778357,2025-04-12,Cincinnati Reds,Pittsburgh Pirates,113,134,671096.0,Andrew Abbott,571760.0,Andrew Heaney,Final
778351,2025-04-12,Houston Astros,Los Angeles Angels,117,108,687473.0,Ryan Gusto,542881.0,Tyler Anderson,Final
778350,2025-04-12,Arizona Diamondbacks,Milwaukee Brewers,109,158,669203.0,Corbin Burnes,694477.0,Chad Patrick,Final
778352,2025-04-12,San Diego Padres,Colorado Rockies,135,115,606996.0,Kyle Hart,801403.0,Chase Dollander,Final
778345,2025-04-12,Los Angeles Dodgers,Chicago Cubs,119,112,808963.0,Roki Sasaki,676962.0,Ben Brown,Final
778341,2025-04-12,Seattle Mariners,Texas Rangers,136,140,693433.0,Bryan Woo,677958.0,Kumar Rocker,Final
778344,2025-04-13,Baltimore Orioles,Toronto Blue Jays,110,141,700249.0,Cade Povich,621244.0,José Berríos,Final
778339,2025-04-13,New York Yankees,San Francisco Giants,147,137,607074.0,Carlos Rodón,657277.0,Logan Webb,Final
778342,2025-04-13,Cleveland Guardians,Kansas City Royals,114,118,594902.0,Ben Lively,666142.0,Cole Ragans,Final
778343,2025-04-13,Cincinnati Reds,Pittsburgh Pirates,113,134,668881.0,Hunter Greene,669387.0,Carmen Mlodzinski,Final
778340,2025-04-13,Tampa Bay Rays,Atlanta Braves,139,144,671212.0,Joe Boyle,519242.0,Chris Sale,Final
778337,2025-04-13,Miami Marlins,Washington Nationals,146,120,615698.0,Cal Quantrill,669022.0,MacKenzie Gore,Final
778329,2025-04-13,Houston Astros,Los Angeles Angels,117,108,669713.0,Hayden Wesneski,543294.0,Kyle Hendricks,Final
778335,2025-04-13,Minnesota Twins,Detroit Tigers,142,116,680573.0,Simeon Woods Richardson,663554.0,Casey Mize,Final
778338,2025-04-13,Chicago White Sox,Boston Red Sox,145,111,681343.0,Shane Smith,676979.0,Garrett Crochet,Final
778336,2025-04-13,St. Louis Cardinals,Philadelphia Phillies,138,143,669461.0,Matthew Liberatore,554430.0,Zack Wheeler,Final
778333,2025-04-13,Athletics,New York Mets,133,121,622663.0,Luis Severino,673540.0,Kodai Senga,Final
778330,2025-04-13,San Diego Padres,Colorado Rockies,135,115,650633.0,Michael King,607536.0,Kyle Freeland,Final
778334,2025-04-13,Seattle Mariners,Texas Rangers,136,140,669302.0,Logan Gilbert,543135.0,Nathan Eovaldi,Final
778332,2025-04-13,Arizona Diamondbacks,Milwaukee Brewers,109,158,668678.0,Zac Gallen,642547.0,Freddy Peralta,Final
778331,2025-04-13,Los Angeles Dodgers,Chicago Cubs,119,112,607192.0,Tyler Glasnow,607067.0,Colin Rea,Final
778321,2025-04-14,Pittsburgh Pirates,Washington Nationals,134,120,694973.0,Paul Skenes,695418.0,Brad Lord,Final
778320,2025-04-14,Philadelphia Phillies,San Francisco Giants,143,137,592836.0,Taijuan Walker,694738.0,Landen Roupp,Final
778328,2025-04-14,Tampa Bay Rays,Boston Red Sox,139,111,669358.0,Shane Baz,656557.0,Tanner Houck,Final
778327,2025-04-14,New York Yankees,Kansas City Royals,147,118,471911.0,Carlos Carrasco,607625.0,Seth Lugo,Final
778322,2025-04-14,Toronto Blue Jays,Atlanta Braves,141,144,687922.0,Easton Lucas,656550.0,Grant Holmes,Final
778324,2025-04-14,Minnesota Twins,New York Mets,142,121,657746.0,Joe Ryan,605280.0,Clay Holmes,Final
778323,2025-04-14,Milwaukee Brewers,Detroit Tigers,158,116,641302.0,Tyler Alexander,669373.0,Tarik Skubal,Final
778325,2025-04-14,St. Louis Cardinals,Houston Astros,138,117,543243.0,Sonny Gray,664285.0,Framber Valdez,Final
778315,2025-04-14,San Diego Padres,Chicago Cubs,135,112,656302.0,Dylan Cease,592791.0,Jameson Taillon,Final
778326,2025-04-14,Los Angeles Dodgers,Colorado Rockies,119,115,669160.0,Dustin May,622608.0,Antonio Senzatela,Final
778314,2025-04-15,Pittsburgh Pirates,Washington Nationals,134,120,656605.0,Mitch Keller,663623.0,Jake Irvin,Final
778316,2025-04-15,Cincinnati Reds,Seattle Mariners,113,136,666157.0,Nick Lodolo,622491.0,Luis Castillo,Final
778318,2025-04-15,Miami Marlins,Arizona Diamondbacks,146,109,687362.0,Connor Gillispie,518876.0,Merrill Kelly,Final
778313,2025-04-15,Philadelphia Phillies,San Francisco Giants,143,137,666200.0,Jesús Luzardo,434378.0,Justin Verlander,Final
778317,2025-04-15,Baltimore Orioles,Cleveland Guardians,110,114,450203.0,Charlie Morton,671106.0,Logan Allen,Final
778319,2025-04-15,Tampa Bay Rays,Boston Red Sox,139,111,686752.0,Ryan Pepiot,621111.0,Walker Buehler,Final
778312,2025-04-15,New York Yankees,Kansas City Royals,147,118,608331.0,Max Fried,608379.0,Michael Wacha,Final
778311,2025-04-15,Toronto Blue Jays,Atlanta Braves,141,144,592332.0,Kevin Gausman,680885.0,Spencer Schwellenbach,Final
778307,2025-04-15,Minnesota Twins,New York Mets,142,121,641927.0,Bailey Ober,656731.0,Tylor Megill,Final
778309,2025-04-15,Chicago White Sox,Athletics,145,133,680732.0,Sean Burke,605488.0,Jeffrey Springs,Final
778310,2025-04-15,Milwaukee Brewers,Detroit Tigers,158,116,682990.0,Quinn Priester,656427.0,Jack Flaherty,Final
778308,2025-04-15,St. Louis Cardinals,Houston Astros,138,117,607200.0,Erick Fedde,686613.0,Hunter Brown,Final
778306,2025-04-15,Texas Rangers,Los Angeles Angels,140,108,641816.0,Tyler Mahle,579328.0,Yusei Kikuchi,Final
778305,2025-04-15,San Diego Padres,Chicago Cubs,135,112,681190.0,Randy Vásquez,684007.0,Shota Imanaga,Final
778302,2025-04-15,Los Angeles Dodgers,Colorado Rockies,119,115,689017.0,Landon Knack,663372.0,Ryan Feltner,Final
778297,2025-04-16,Toronto Blue Jays,Atlanta Braves,141,144,605135.0,Chris Bassitt,675911.0,Spencer Strider,Final
778299,2025-04-16,Minnesota Twins,New York Mets,142,121,701581.0,David Festa,623211.0,Huascar Brazobán,Final
778295,2025-04-16,Milwaukee Brewers,Detroit Tigers,158,116,500779.0,Jose Quintana,672456.0,Keider Montero,Final
778290,2025-04-16,St. Louis Cardinals,Houston Astros,138,117,571927.0,Steven Matz,669854.0,Ronel Blanco,Final
778288,2025-04-16,San Diego Padres,Chicago Cubs,135,112,601713.0,Nick Pivetta,571510.0,Matthew Boyd,Final
778301,2025-04-16,Baltimore Orioles,Cleveland Guardians,110,114,665152.0,Dean Kremer,668909.0,Gavin Williams,Final
778293,2025-04-16,Pittsburgh Pirates,Washington Nationals,134,120,663559.0,Bailey Falter,680730.0,Mitchell Parker,Final
778304,2025-04-16,Cincinnati Reds,Seattle Mariners,113,136,607259.0,Nick Martinez,682243.0,Bryce Miller,Final
778303,2025-04-16,Miami Marlins,Arizona Diamondbacks,146,109,676974.0,Max Meyer,694297.0,Brandon Pfaadt,Final
778296,2025-04-16,Philadelphia Phillies,San Francisco Giants,143,137,605400.0,Aaron Nola,592662.0,Robbie Ray,Final
778298,2025-04-16,Tampa Bay Rays,Boston Red Sox,139,111,641793.0,Zack Littell,656794.0,Sean Newcomb,Final
778300,2025-04-16,New York Yankees,Kansas City Royals,147,118,657376.0,Clarke Schmidt,663460.0,Kris Bubic,Final
778294,2025-04-16,Chicago White Sox,Athletics,145,133,686563.0,Jonathan Cannon,674370.0,Osvaldo Bido,Final
778289,2025-04-16,Texas Rangers,Los Angeles Angels,140,108,571578.0,Patrick Corbin,667755.0,José Soriano,Final
778287,2025-04-16,Los Angeles Dodgers,Colorado Rockies,119,115,676272.0,Bobby Miller,608566.0,Germán Márquez,Final
778291,2025-04-17,Miami Marlins,Arizona Diamondbacks,146,109,665795.0,Edward Cabrera,593958.0,Eduardo Rodriguez,Final
778280,2025-04-17,Pittsburgh Pirates,Washington Nationals,134,120,571760.0,Andrew Heaney,592866.0,Trevor Williams,Final
778285,2025-04-17,Cincinnati Reds,Seattle Mariners,113,136,663903.0,Brady Singer,676106.0,Emerson Hancock,Final
778283,2025-04-17,Chicago White Sox,Athletics,145,133,663436.0,Davis Martin,676664.0,JP Sears,Final
778279,2025-04-17,Philadelphia Phillies,San Francisco Giants,143,137,650911.0,Cristopher Sánchez,663855.0,Jordan Hicks,Final
778292,2025-04-17,Baltimore Orioles,Cleveland Guardians,110,114,608372.0,Tomoyuki Sugano,676440.0,Tanner Bibee,Final
778286,2025-04-17,Detroit Tigers,Kansas City Royals,116,118,681857.0,Reese Olson,547179.0,Michael Lorenzen,Final
778282,2025-04-17,Tampa Bay Rays,New York Yankees,139,147,671737.0,Taj Bradley,701542.0,Will Warren,Final
778278,2025-04-17,New York Mets,St. Louis Cardinals,121,138,656288.0,Griffin Canning,669467.0,Andre Pallante,Final
778281,2025-04-17,Texas Rangers,Los Angeles Angels,140,108,677958.0,Kumar Rocker,686799.0,Jack Kochanowicz,Final
778268,2025-04-18,Chicago Cubs,Arizona Diamondbacks,112,109,607067.0,Colin Rea,669203.0,Corbin Burnes,Final
778277,2025-04-18,Detroit Tigers,Kansas City Royals,116,118,695549.0,Jackson Jobe,666142.0,Cole Ragans,Final
778271,2025-04-18,Pittsburgh Pirates,Cleveland Guardians,134,114,669387.0,Carmen Mlodzinski,682847.0,Luis Ortiz,Final
778274,2025-04-18,Philadelphia Phillies,Miami Marlins,143,146,554430.0,Zack Wheeler,645261.0,Sandy Alcantara,Final
778276,2025-04-18,Baltimore Orioles,Cincinnati Reds,110,113,700249.0,Cade Povich,671096.0,Andrew Abbott,Final
778272,2025-04-18,Tampa Bay Rays,New York Yankees,139,147,656876.0,Drew Rasmussen,607074.0,Carlos Rodón,Final
778273,2025-04-18,Toronto Blue Jays,Seattle Mariners,141,136,670102.0,Bowden Francis,693433.0,Bryan Woo,Final
778270,2025-04-18,New York Mets,St. Louis Cardinals,121,138,656849.0,David Peterson,571945.0,Miles Mikolas,Final
778275,2025-04-18,Boston Red Sox,Chicago White Sox,111,145,690928.0,Hunter Dobbins,527048.0,Martín Pérez,Final
778284,2025-04-18,Atlanta Braves,Minnesota Twins,144,142,693821.0,Bryce Elder,663978.0,Chris Paddack,Final
778263,2025-04-18,Texas Rangers,Los Angeles Dodgers,140,119,594798.0,Jacob deGrom,808967.0,Yoshinobu Yamamoto,Final
778269,2025-04-18,Houston Astros,San Diego Padres,117,135,687473.0,Ryan Gusto,606996.0,Kyle Hart,Final
778261,2025-04-18,Milwaukee Brewers,Athletics,158,133,642547.0,Freddy Peralta,669372.0,J.T. Ginn,Final
778260,2025-04-18,Los Angeles Angels,San Francisco Giants,108,137,542881.0,Tyler Anderson,657277.0,Logan Webb,Final
778266,2025-04-18,Colorado Rockies,Washington Nationals,115,120,801403.0,Chase Dollander,669022.0,MacKenzie Gore,Postponed
778252,2025-04-19,Philadelphia Phillies,Miami Marlins,143,146,592836.0,Taijuan Walker,615698.0,Cal Quantrill,Final
778265,2025-04-19,Detroit Tigers,Kansas City Royals,116,118,663554.0,Casey Mize,607625.0,Seth Lugo,Final
778257,2025-04-19,Chicago Cubs,Arizona Diamondbacks,112,109,676962.0,Ben Brown,668678.0,Zac Gallen,Final
778258,2025-04-19,Toronto Blue Jays,Seattle Mariners,141,136,621244.0,José Berríos,669302.0,Logan Gilbert,Final
778262,2025-04-19,Baltimore Orioles,Cincinnati Reds,110,113,687064.0,Brandon Young,668881.0,Hunter Greene,Final
778254,2025-04-19,Pittsburgh Pirates,Cleveland Guardians,134,114,694973.0,Paul Skenes,594902.0,Ben Lively,Final
778256,2025-04-19,New York Mets,St. Louis Cardinals,121,138,673540.0,Kodai Senga,669461.0,Matthew Liberatore,Final
778251,2025-04-19,Texas Rangers,Los Angeles Dodgers,140,119,543135.0,Nathan Eovaldi,808963.0,Roki Sasaki,Final
778247,2025-04-19,Colorado Rockies,Washington Nationals,115,120,801403.0,Chase Dollander,669022.0,MacKenzie Gore,Final
778264,2025-04-19,Boston Red Sox,Chicago White Sox,111,145,676979.0,Garrett Crochet,681343.0,Shane Smith,Final
778255,2025-04-19,Tampa Bay Rays,New York Yankees,139,147,669358.0,Shane Baz,471911.0,Carlos Carrasco,Final
778259,2025-04-19,Houston Astros,San Diego Padres,117,135,669713.0,Hayden Wesneski,650633.0,Michael King,Final
778253,2025-04-19,Milwaukee Brewers,Athletics,158,133,694477.0,Chad Patrick,622663.0,Luis Severino,Final
778267,2025-04-19,Atlanta Braves,Minnesota Twins,144,142,519242.0,Chris Sale,623437.0,Justin Topa,Final
778243,2025-04-19,Los Angeles Angels,San Francisco Giants,108,137,543294.0,Kyle Hendricks,694738.0,Landen Roupp,Final
778250,2025-04-20,Baltimore Orioles,Cincinnati Reds,110,113,450203.0,Charlie Morton,608718.0,Brent Suter,Final
778242,2025-04-20,Pittsburgh Pirates,Cleveland Guardians,134,114,656605.0,Mitch Keller,671106.0,Logan Allen,Final
778249,2025-04-20,Atlanta Braves,Minnesota Twins,144,142,656550.0,Grant Holmes,657746.0,Joe Ryan,Final
778245,2025-04-20,Boston Red Sox,Chicago White Sox,111,145,656557.0,Tanner Houck,680732.0,Sean Burke,Final
778248,2025-04-20,Philadelphia Phillies,Miami Marlins,143,146,666200.0,Jesús Luzardo,687362.0,Connor Gillispie,Final
778241,2025-04-20,Toronto Blue Jays,Seattle Mariners,141,136,687922.0,Easton Lucas,622491.0,Luis Castillo,Final
778246,2025-04-20,Detroit Tigers,Kansas City Royals,116,118,669373.0,Tarik Skubal,608379.0,Michael Wacha,Final
778244,2025-04-20,New York Mets,St. Louis Cardinals,121,138,605280.0,Clay Holmes,543243.0,Sonny Gray,Final
778240,2025-04-20,Tampa Bay Rays,New York Yankees,139,147,686752.0,Ryan Pepiot,608331.0,Max Fried,Final
778239,2025-04-20,Milwaukee Brewers,Athletics,158,133,701656.0,Logan Henderson,605488.0,Jeffrey Springs,Final
778236,2025-04-20,Chicago Cubs,Arizona Diamondbacks,112,109,592791.0,Jameson Taillon,518876.0,Merrill Kelly,Final
778234,2025-04-20,Texas Rangers,Los Angeles Dodgers,140,119,641816.0,Tyler Mahle,607192.0,Tyler Glasnow,Final
778235,2025-04-20,Colorado Rockies,Washington Nationals,115,120,607536.0,Kyle Freeland,663623.0,Jake Irvin,Final
778232,2025-04-20,Los Angeles Angels,San Francisco Giants,108,137,579328.0,Yusei Kikuchi,434378.0,Justin Verlander,Final
778237,2025-04-20,Houston Astros,San Diego Padres,117,135,664285.0,Framber Valdez,656302.0,Dylan Cease,Final
778238,2025-04-21,Boston Red Sox,Chicago White Sox,111,145,621111.0,Walker Buehler,686563.0,Jonathan Cannon,Final
778227,2025-04-21,Cleveland Guardians,New York Yankees,114,147,668909.0,Gavin Williams,657376.0,Clarke Schmidt,Final
778228,2025-04-21,Detroit Tigers,San Diego Padres,116,135,672456.0,Keider Montero,681190.0,Randy Vásquez,Final
778230,2025-04-21,Miami Marlins,Cincinnati Reds,146,113,676974.0,Max Meyer,666157.0,Nick Lodolo,Final
778225,2025-04-21,New York Mets,Philadelphia Phillies,121,143,656731.0,Tylor Megill,605400.0,Aaron Nola,Final
778233,2025-04-21,Atlanta Braves,St. Louis Cardinals,144,138,680885.0,Spencer Schwellenbach,607200.0,Erick Fedde,Final
778231,2025-04-21,Houston Astros,Toronto Blue Jays,117,141,686613.0,Hunter Brown,592332.0,Kevin Gausman,Final
778226,2025-04-21,San Francisco Giants,Milwaukee Brewers,137,158,592662.0,Robbie Ray,682990.0,Quinn Priester,Final
778218,2025-04-22,Cleveland Guardians,New York Yankees,114,147,676440.0,Tanner Bibee,701542.0,Will Warren,Final
778221,2025-04-22,Detroit Tigers,San Diego Padres,116,135,656427.0,Jack Flaherty,601713.0,Nick Pivetta,Final
778219,2025-04-22,Miami Marlins,Cincinnati Reds,146,113,665795.0,Edward Cabrera,607259.0,Nick Martinez,Final
778222,2025-04-22,Washington Nationals,Baltimore Orioles,120,110,680730.0,Mitchell Parker,665152.0,Dean Kremer,Final
778224,2025-04-22,Boston Red Sox,Seattle Mariners,111,136,678394.0,Brayan Bello,682243.0,Bryce Miller,Final
778223,2025-04-22,New York Mets,Philadelphia Phillies,121,143,656288.0,Griffin Canning,650911.0,Cristopher Sánchez,Final
778229,2025-04-22,Atlanta Braves,St. Louis Cardinals,144,138,656240.0,Scott Blewett,669467.0,Andre Pallante,Final
778215,2025-04-22,Kansas City Royals,Colorado Rockies,118,115,663460.0,Kris Bubic,663372.0,Ryan Feltner,Final
778220,2025-04-22,Chicago Cubs,Los Angeles Dodgers,112,119,684007.0,Shota Imanaga,669160.0,Dustin May,Final
778216,2025-04-22,Minnesota Twins,Chicago White Sox,142,145,641927.0,Bailey Ober,663436.0,Davis Martin,Final
778217,2025-04-22,Houston Astros,Toronto Blue Jays,117,141,669854.0,Ronel Blanco,605135.0,Chris Bassitt,Final
778211,2025-04-22,Los Angeles Angels,Pittsburgh Pirates,108,134,667755.0,José Soriano,663559.0,Bailey Falter,Final
778212,2025-04-22,Arizona Diamondbacks,Tampa Bay Rays,109,139,694297.0,Brandon Pfaadt,641793.0,Zack Littell,Final
778210,2025-04-22,San Francisco Giants,Milwaukee Brewers,137,158,663855.0,Jordan Hicks,500779.0,Jose Quintana,Final
778213,2025-04-22,Athletics,Texas Rangers,133,140,674370.0,Osvaldo Bido,571578.0,Patrick Corbin,Final
778214,2025-04-23,Atlanta Braves,St. Louis Cardinals,144,138,693821.0,Bryce Elder,571945.0,Miles Mikolas,Final
778209,2025-04-23,Detroit Tigers,San Diego Padres,116,135,681857.0,Reese Olson,606996.0,Kyle Hart,Final
778203,2025-04-23,New York Mets,Philadelphia Phillies,121,143,656849.0,David Peterson,554430.0,Zack Wheeler,Final
778208,2025-04-23,Miami Marlins,Cincinnati Reds,146,113,645261.0,Sandy Alcantara,663903.0,Brady Singer,Final
778206,2025-04-23,Cleveland Guardians,New York Yankees,114,147,682847.0,Luis Ortiz,607074.0,Carlos Rodón,Final
778204,2025-04-23,Washington Nationals,Baltimore Orioles,120,110,592866.0,Trevor Williams,608372.0,Tomoyuki Sugano,Final
778207,2025-04-23,Boston Red Sox,Seattle Mariners,111,136,656794.0,Sean Newcomb,676106.0,Emerson Hancock,Final
778205,2025-04-23,Chicago Cubs,Los Angeles Dodgers,112,119,571510.0,Matthew Boyd,676508.0,Ben Casparius,Final
778200,2025-04-23,Houston Astros,Toronto Blue Jays,117,141,687473.0,Ryan Gusto,670102.0,Bowden Francis,Final
778201,2025-04-23,Minnesota Twins,Chicago White Sox,142,145,701581.0,David Festa,669060.0,Bryse Wilson,Final
778202,2025-04-23,Los Angeles Angels,Pittsburgh Pirates,108,134,686799.0,Jack Kochanowicz,571760.0,Andrew Heaney,Final
778199,2025-04-23,Arizona Diamondbacks,Tampa Bay Rays,109,139,593958.0,Eduardo Rodriguez,671737.0,Taj Bradley,Final
778198,2025-04-23,San Francisco Giants,Milwaukee Brewers,137,158,657277.0,Logan Webb,642547.0,Freddy Peralta,Final
778197,2025-04-23,Athletics,Texas Rangers,133,140,676664.0,JP Sears,677958.0,Kumar Rocker,Final
778195,2025-04-23,Kansas City Royals,Colorado Rockies,118,115,547179.0,Michael Lorenzen,608566.0,Germán Márquez,Postponed
778189,2025-04-24,Minnesota Twins,Chicago White Sox,142,145,663978.0,Chris Paddack,681343.0,Shane Smith,Completed Early
778196,2025-04-24,Boston Red Sox,Seattle Mariners,111,136,676979.0,Garrett Crochet,693433.0,Bryan Woo,Final
778190,2025-04-24,Kansas City Royals,Colorado Rockies,118,115,666142.0,Cole Ragans,608566.0,Germán Márquez,Final
778194,2025-04-24,San Francisco Giants,Milwaukee Brewers,137,158,694738.0,Landen Roupp,668964.0,Tobias Myers,Final
778193,2025-04-24,Washington Nationals,Baltimore Orioles,120,110,669022.0,MacKenzie Gore,700249.0,Cade Povich,Final
778191,2025-04-24,Los Angeles Angels,Pittsburgh Pirates,108,134,542881.0,Tyler Anderson,669387.0,Carmen Mlodzinski,Final
778188,2025-04-24,Arizona Diamondbacks,Tampa Bay Rays,109,139,669203.0,Corbin Burnes,656876.0,Drew Rasmussen,Final
778192,2025-04-24,Athletics,Texas Rangers,133,140,669372.0,J.T. Ginn,594798.0,Jacob deGrom,Final
778182,2025-04-25,Chicago Cubs,Philadelphia Phillies,112,143,607067.0,Colin Rea,592836.0,Taijuan Walker,Final
778183,2025-04-25,Washington Nationals,New York Mets,120,121,663623.0,Jake Irvin,673540.0,Kodai Senga,Final
778185,2025-04-25,New York Yankees,Toronto Blue Jays,147,141,471911.0,Carlos Carrasco,621244.0,José Berríos,Final
778187,2025-04-25,Kansas City Royals,Houston Astros,118,117,607625.0,Seth Lugo,669713.0,Hayden Wesneski,Final
778186,2025-04-25,Minnesota Twins,Los Angeles Angels,142,108,641154.0,Pablo López,543294.0,Kyle Hendricks,Final
778184,2025-04-25,St. Louis Cardinals,Milwaukee Brewers,138,158,669461.0,Matthew Liberatore,694477.0,Chad Patrick,Final
778181,2025-04-25,Colorado Rockies,Cincinnati Reds,115,113,607536.0,Kyle Freeland,671096.0,Andrew Abbott,Final
778172,2025-04-25,San Diego Padres,Tampa Bay Rays,135,139,650633.0,Michael King,669358.0,Shane Baz,Final
778177,2025-04-25,Arizona Diamondbacks,Atlanta Braves,109,144,668678.0,Zac Gallen,519242.0,Chris Sale,Final
778175,2025-04-25,Seattle Mariners,Miami Marlins,136,146,669302.0,Logan Gilbert,615698.0,Cal Quantrill,Final
778178,2025-04-25,Athletics,Chicago White Sox,133,145,622663.0,Luis Severino,656457.0,Tyler Gilbert,Final
778176,2025-04-25,Los Angeles Dodgers,Pittsburgh Pirates,119,134,808967.0,Yoshinobu Yamamoto,694973.0,Paul Skenes,Final
778171,2025-04-25,San Francisco Giants,Texas Rangers,137,140,434378.0,Justin Verlander,543135.0,Nathan Eovaldi,Final
778180,2025-04-25,Detroit Tigers,Baltimore Orioles,116,110,663554.0,Casey Mize,687064.0,Brandon Young,Postponed
778179,2025-04-25,Cleveland Guardians,Boston Red Sox,114,111,594902.0,Ben Lively,656557.0,Tanner Houck,Postponed
778169,2025-04-26,Cleveland Guardians,Boston Red Sox,114,111,680951.0,Doug Nikhazy,621111.0,Walker Buehler,Final
778168,2025-04-26,Detroit Tigers,Baltimore Orioles,116,110,663554.0,Casey Mize,687064.0,Brandon Young,Final
778166,2025-04-26,Minnesota Twins,Los Angeles Angels,142,108,680573.0,Simeon Woods Richardson,579328.0,Yusei Kikuchi,Final
778164,2025-04-26,St. Louis Cardinals,Milwaukee Brewers,138,158,543243.0,Sonny Gray,682990.0,Quinn Priester,Final
778161,2025-04-26,Colorado Rockies,Cincinnati Reds,115,113,622608.0,Antonio Senzatela,668881.0,Hunter Greene,Final
778173,2025-04-26,Washington Nationals,New York Mets,120,121,695418.0,Brad Lord,605280.0,Clay Holmes,Final
778159,2025-04-26,San Francisco Giants,Texas Rangers,137,140,592662.0,Robbie Ray,641816.0,Tyler Mahle,Final
778174,2025-04-26,Chicago Cubs,Philadelphia Phillies,112,143,676962.0,Ben Brown,666200.0,Jesús Luzardo,Final
778165,2025-04-26,Athletics,Chicago White Sox,133,145,605488.0,Jeffrey Springs,656457.0,Tyler Gilbert,Final
778167,2025-04-26,Kansas City Royals,Houston Astros,118,117,608379.0,Michael Wacha,664285.0,Framber Valdez,Final
778162,2025-04-26,Arizona Diamondbacks,Atlanta Braves,109,144,518876.0,Merrill Kelly,656550.0,Grant Holmes,Final
778160,2025-04-26,San Diego Padres,Tampa Bay Rays,135,139,656302.0,Dylan Cease,686752.0,Ryan Pepiot,Final
778163,2025-04-26,Los Angeles Dodgers,Pittsburgh Pirates,119,134,808963.0,Roki Sasaki,656605.0,Mitch Keller,Final
778154,2025-04-26,Seattle Mariners,Miami Marlins,136,146,622491.0,Luis Castillo,687362.0,Connor Gillispie,Final
778170,2025-04-26,New York Yankees,Toronto Blue Jays,147,141,608331.0,Max Fried,592332.0,Kevin Gausman,Postponed
778153,2025-04-27,Washington Nationals,New York Mets,120,121,680730.0,Mitchell Parker,656731.0,Tylor Megill,Final
778156,2025-04-27,New York Yankees,Toronto Blue Jays,147,141,608331.0,Max Fried,592332.0,Kevin Gausman,Final
778157,2025-04-27,Cleveland Guardians,Boston Red Sox,114,111,671106.0,Logan Allen,678394.0,Brayan Bello,Final
778155,2025-04-27,Detroit Tigers,Baltimore Orioles,116,110,669373.0,Tarik Skubal,665152.0,Dean Kremer,Final
778144,2025-04-27,Minnesota Twins,Los Angeles Angels,142,108,657746.0,Joe Ryan,667755.0,José Soriano,Final
778152,2025-04-27,Kansas City Royals,Houston Astros,118,117,663460.0,Kris Bubic,686613.0,Hunter Brown,Final
778150,2025-04-27,St. Louis Cardinals,Milwaukee Brewers,138,158,607200.0,Erick Fedde,500779.0,Jose Quintana,Final
778148,2025-04-27,Colorado Rockies,Cincinnati Reds,115,113,687134.0,Bradley Blalock,666157.0,Nick Lodolo,Final
778151,2025-04-27,San Francisco Giants,Texas Rangers,137,140,663855.0,Jordan Hicks,683004.0,Jack Leiter,Final
778149,2025-04-27,Athletics,Chicago White Sox,133,145,674370.0,Osvaldo Bido,685126.0,Brandon Eisert,Final
778145,2025-04-27,Los Angeles Dodgers,Pittsburgh Pirates,119,134,607192.0,Tyler Glasnow,663559.0,Bailey Falter,Final
778146,2025-04-27,San Diego Padres,Tampa Bay Rays,135,139,681190.0,Randy Vásquez,641793.0,Zack Littell,Final
778147,2025-04-27,Arizona Diamondbacks,Atlanta Braves,109,144,694297.0,Brandon Pfaadt,680885.0,Spencer Schwellenbach,Final
778136,2025-04-27,Seattle Mariners,Miami Marlins,136,146,688138.0,Logan Evans,676974.0,Max Meyer,Final
778158,2025-04-27,Chicago Cubs,Philadelphia Phillies,112,143,592791.0,Jameson Taillon,605400.0,Aaron Nola,Final
778138,2025-04-28,Washington Nationals,New York Mets,120,121,592866.0,Trevor Williams,656288.0,Griffin Canning,Final
778139,2025-04-28,Cleveland Guardians,Minnesota Twins,114,142,668909.0,Gavin Williams,641927.0,Bailey Ober,Final
778140,2025-04-28,Baltimore Orioles,New York Yankees,110,147,608372.0,Tomoyuki Sugano,701542.0,Will Warren,Final
778141,2025-04-28,Cincinnati Reds,St. Louis Cardinals,113,138,607259.0,Nick Martinez,669467.0,Andre Pallante,Final
778143,2025-04-28,Texas Rangers,Athletics,140,133,571578.0,Patrick Corbin,676664.0,JP Sears,Final
778142,2025-04-28,Houston Astros,Detroit Tigers,117,116,669854.0,Ronel Blanco,656427.0,Jack Flaherty,Final
778137,2025-04-28,Colorado Rockies,Atlanta Braves,115,144,663372.0,Ryan Feltner,693821.0,Bryce Elder,Final
778132,2025-04-28,Los Angeles Dodgers,Miami Marlins,119,146,669160.0,Dustin May,665795.0,Edward Cabrera,Final
778129,2025-04-29,Cleveland Guardians,Minnesota Twins,114,142,676440.0,Tanner Bibee,663978.0,Chris Paddack,Final
778133,2025-04-29,Baltimore Orioles,New York Yankees,110,147,502043.0,Kyle Gibson,607074.0,Carlos Rodón,Final
778135,2025-04-29,Pittsburgh Pirates,Chicago Cubs,134,112,571760.0,Andrew Heaney,684007.0,Shota Imanaga,Final
778131,2025-04-29,Philadelphia Phillies,Washington Nationals,143,120,554430.0,Zack Wheeler,669022.0,MacKenzie Gore,Final
778128,2025-04-29,Tampa Bay Rays,Kansas City Royals,139,118,671737.0,Taj Bradley,547179.0,Michael Lorenzen,Final
778127,2025-04-29,Toronto Blue Jays,Boston Red Sox,141,111,670102.0,Bowden Francis,676979.0,Garrett Crochet,Final
778130,2025-04-29,New York Mets,Arizona Diamondbacks,121,109,656849.0,David Peterson,593958.0,Eduardo Rodriguez,Final
778125,2025-04-29,Chicago White Sox,Milwaukee Brewers,145,158,669060.0,Bryse Wilson,642547.0,Freddy Peralta,Final
778122,2025-04-29,Texas Rangers,Athletics,140,133,594798.0,Jacob deGrom,682052.0,Jacob Lopez,Final
778124,2025-04-29,Houston Astros,Detroit Tigers,117,116,687473.0,Ryan Gusto,681857.0,Reese Olson,Final
778120,2025-04-29,Colorado Rockies,Atlanta Braves,115,144,608566.0,Germán Márquez,700363.0,AJ Smith-Shawver,Final
778121,2025-04-29,Seattle Mariners,Los Angeles Angels,136,108,682243.0,Bryce Miller,686799.0,Jack Kochanowicz,Final
778126,2025-04-29,San Diego Padres,San Francisco Giants,135,137,601713.0,Nick Pivetta,657277.0,Logan Webb,Final
778123,2025-04-29,Los Angeles Dodgers,Miami Marlins,119,146,,,645261.0,Sandy Alcantara,Final
778134,2025-04-29,Cincinnati Reds,St. Louis Cardinals,113,138,663903.0,Brady Singer,571945.0,Miles Mikolas,Postponed
778119,2025-04-30,Cincinnati Reds,St. Louis Cardinals,113,138,695534.0,Chase Petty,571927.0,Steven Matz,Final
778110,2025-04-30,Houston Astros,Detroit Tigers,117,116,805123.0,AJ Blubaugh,695549.0,Jackson Jobe,Final
778102,2025-04-30,Colorado Rockies,Atlanta Braves,115,144,801403.0,Chase Dollander,519242.0,Chris Sale,Final
778109,2025-04-30,Los Angeles Dodgers,Miami Marlins,119,146,664062.0,Tony Gonsolin,615698.0,Cal Quantrill,Final
778104,2025-04-30,Seattle Mariners,Los Angeles Angels,136,108,676106.0,Emerson Hancock,542881.0,Tyler Anderson,Final
778105,2025-04-30,San Diego Padres,San Francisco Giants,135,137,650633.0,Michael King,694738.0,Landen Roupp,Final
778116,2025-04-30,Cleveland Guardians,Minnesota Twins,114,142,682847.0,Luis Ortiz,641154.0,Pablo López,Final
778115,2025-04-30,Baltimore Orioles,New York Yankees,110,147,700249.0,Cade Povich,471911.0,Carlos Carrasco,Final
778112,2025-04-30,Pittsburgh Pirates,Chicago Cubs,134,112,669387.0,Carmen Mlodzinski,571510.0,Matthew Boyd,Final
778118,2025-04-30,Philadelphia Phillies,Washington Nationals,143,120,650911.0,Cristopher Sánchez,663623.0,Jake Irvin,Final
778113,2025-04-30,Tampa Bay Rays,Kansas City Royals,139,118,656876.0,Drew Rasmussen,702070.0,Noah Cameron,Final
778114,2025-04-30,Toronto Blue Jays,Boston Red Sox,141,111,684320.0,Yariel Rodríguez,608337.0,Lucas Giolito,Final
778117,2025-04-30,New York Mets,Arizona Diamondbacks,121,109,623211.0,Huascar Brazobán,669203.0,Corbin Burnes,Final
778111,2025-04-30,Chicago White Sox,Milwaukee Brewers,145,158,681343.0,Shane Smith,668964.0,Tobias Myers,Final
778106,2025-04-30,Texas Rangers,Athletics,140,133,543135.0,Nathan Eovaldi,622663.0,Luis Severino,Final
778100,2025-05-01,Pittsburgh Pirates,Chicago Cubs,134,112,694973.0,Paul Skenes,607067.0,Colin Rea,Final
778107,2025-05-01,Cincinnati Reds,St. Louis Cardinals,113,138,671096.0,Andrew Abbott,669461.0,Matthew Liberatore,Final
778103,2025-05-01,New York Mets,Arizona Diamondbacks,121,109,673540.0,Kodai Senga,668678.0,Zac Gallen,Final
778097,2025-05-01,Tampa Bay Rays,Kansas City Royals,139,118,669358.0,Shane Baz,607625.0,Seth Lugo,Final
778108,2025-05-01,Cleveland Guardians,Minnesota Twins,114,142,594902.0,Ben Lively,680573.0,Simeon Woods Richardson,Final
778094,2025-05-01,Chicago White Sox,Milwaukee Brewers,145,158,680732.0,Sean Burke,694477.0,Chad Patrick,Final
778096,2025-05-01,Texas Rangers,Athletics,140,133,641816.0,Tyler Mahle,605488.0,Jeffrey Springs,Final
778099,2025-05-01,Philadelphia Phillies,Washington Nationals,143,120,592836.0,Taijuan Walker,695418.0,Brad Lord,Final
778095,2025-05-01,Toronto Blue Jays,Boston Red Sox,141,111,621244.0,José Berríos,656557.0,Tanner Houck,Final
778101,2025-05-01,Los Angeles Angels,Detroit Tigers,108,116,579328.0,Yusei Kikuchi,663554.0,Casey Mize,Final
778098,2025-05-01,San Francisco Giants,Colorado Rockies,137,115,434378.0,Justin Verlander,607536.0,Kyle Freeland,Final
778087,2025-05-02,Cincinnati Reds,Washington Nationals,113,120,668881.0,Hunter Greene,680730.0,Mitchell Parker,Final
778090,2025-05-02,Pittsburgh Pirates,San Diego Padres,134,135,656605.0,Mitch Keller,656302.0,Dylan Cease,Final
778086,2025-05-02,Philadelphia Phillies,Arizona Diamondbacks,143,109,666200.0,Jesús Luzardo,518876.0,Merrill Kelly,Final
778093,2025-05-02,Baltimore Orioles,Kansas City Royals,110,118,665152.0,Dean Kremer,608379.0,Michael Wacha,Final
778088,2025-05-02,New York Yankees,Tampa Bay Rays,147,139,608331.0,Max Fried,686752.0,Ryan Pepiot,Final
778081,2025-05-02,Toronto Blue Jays,Cleveland Guardians,141,114,605135.0,Chris Bassitt,671106.0,Logan Allen,Final
778089,2025-05-02,Boston Red Sox,Minnesota Twins,111,142,678394.0,Brayan Bello,657746.0,Joe Ryan,Final
778091,2025-05-02,Miami Marlins,Athletics,146,133,678368.0,Valente Bellozo,680684.0,Gunnar Hoglund,Final
778092,2025-05-02,Atlanta Braves,Los Angeles Dodgers,144,119,656550.0,Grant Holmes,808967.0,Yoshinobu Yamamoto,Final
778079,2025-05-02,Chicago White Sox,Houston Astros,145,117,686563.0,Jonathan Cannon,664285.0,Framber Valdez,Final
778083,2025-05-02,Texas Rangers,Seattle Mariners,140,136,683004.0,Jack Leiter,693433.0,Bryan Woo,Final
778080,2025-05-02,Milwaukee Brewers,Chicago Cubs,158,112,641302.0,Tyler Alexander,676962.0,Ben Brown,Final
778084,2025-05-02,St. Louis Cardinals,New York Mets,138,121,543243.0,Sonny Gray,605280.0,Clay Holmes,Final
778085,2025-05-02,Los Angeles Angels,Detroit Tigers,108,116,667755.0,José Soriano,669373.0,Tarik Skubal,Final
778082,2025-05-02,San Francisco Giants,Colorado Rockies,137,115,592662.0,Robbie Ray,622608.0,Antonio Senzatela,Final
778074,2025-05-03,New York Yankees,Tampa Bay Rays,147,139,642232.0,Ryan Yarbrough,641793.0,Zack Littell,Final
778066,2025-05-03,Chicago White Sox,Houston Astros,145,117,663436.0,Davis Martin,686613.0,Hunter Brown,Final
778064,2025-05-03,Toronto Blue Jays,Cleveland Guardians,141,114,592332.0,Kevin Gausman,668909.0,Gavin Williams,Final
778065,2025-05-03,Pittsburgh Pirates,San Diego Padres,134,135,663559.0,Bailey Falter,681190.0,Randy Vásquez,Final
778069,2025-05-03,San Francisco Giants,Colorado Rockies,137,115,663855.0,Jordan Hicks,687134.0,Bradley Blalock,Final
778073,2025-05-03,Boston Red Sox,Minnesota Twins,111,142,690928.0,Hunter Dobbins,641927.0,Bailey Ober,Final
778075,2025-05-03,Miami Marlins,Athletics,146,133,676974.0,Max Meyer,674370.0,Osvaldo Bido,Final
778078,2025-05-03,Philadelphia Phillies,Arizona Diamondbacks,143,109,605400.0,Aaron Nola,694297.0,Brandon Pfaadt,Final
778077,2025-05-03,Cincinnati Reds,Washington Nationals,113,120,666157.0,Nick Lodolo,592866.0,Trevor Williams,Final
778070,2025-05-03,Texas Rangers,Seattle Mariners,140,136,571578.0,Patrick Corbin,622491.0,Luis Castillo,Final
778071,2025-05-03,Milwaukee Brewers,Chicago Cubs,158,112,500779.0,Jose Quintana,592791.0,Jameson Taillon,Final
778072,2025-05-03,Baltimore Orioles,Kansas City Royals,110,118,608372.0,Tomoyuki Sugano,663460.0,Kris Bubic,Final
778076,2025-05-03,Atlanta Braves,Los Angeles Dodgers,144,119,680885.0,Spencer Schwellenbach,808963.0,Roki Sasaki,Final
778067,2025-05-03,Los Angeles Angels,Detroit Tigers,108,116,543294.0,Kyle Hendricks,656427.0,Jack Flaherty,Final
778068,2025-05-03,St. Louis Cardinals,New York Mets,138,121,607200.0,Erick Fedde,656731.0,Tylor Megill,Postponed
778053,2025-05-04,St. Louis Cardinals,New York Mets,138,121,607200.0,Erick Fedde,694918.0,Blade Tidwell,Final
778062,2025-05-04,Baltimore Orioles,Kansas City Royals,110,118,502043.0,Kyle Gibson,547179.0,Michael Lorenzen,Final
778051,2025-05-04,Pittsburgh Pirates,San Diego Padres,134,135,571760.0,Andrew Heaney,663568.0,Stephen Kolek,Final
778063,2025-05-04,Boston Red Sox,Minnesota Twins,111,142,676979.0,Garrett Crochet,663978.0,Chris Paddack,Final
778057,2025-05-04,New York Yankees,Tampa Bay Rays,147,139,701542.0,Will Warren,671737.0,Taj Bradley,Final
778056,2025-05-04,Toronto Blue Jays,Cleveland Guardians,141,114,670102.0,Bowden Francis,676440.0,Tanner Bibee,Final
778061,2025-05-04,Miami Marlins,Athletics,146,133,665795.0,Edward Cabrera,676664.0,JP Sears,Final
778059,2025-05-04,Philadelphia Phillies,Arizona Diamondbacks,143,109,624133.0,Ranger Suárez,593958.0,Eduardo Rodriguez,Final
778055,2025-05-04,Chicago White Sox,Houston Astros,145,117,669060.0,Bryse Wilson,621121.0,Lance McCullers Jr.,Completed Early
778054,2025-05-04,Milwaukee Brewers,Chicago Cubs,158,112,642547.0,Freddy Peralta,684007.0,Shota Imanaga,Final
778052,2025-05-04,Texas Rangers,Seattle Mariners,140,136,594798.0,Jacob deGrom,688138.0,Logan Evans,Final
778048,2025-05-04,San Francisco Giants,Colorado Rockies,137,115,657277.0,Logan Webb,608566.0,Germán Márquez,Final
778050,2025-05-04,Los Angeles Angels,Detroit Tigers,108,116,686799.0,Jack Kochanowicz,681857.0,Reese Olson,Final
778058,2025-05-04,Cincinnati Reds,Washington Nationals,113,120,607259.0,Nick Martinez,669022.0,MacKenzie Gore,Final
778060,2025-05-04,Atlanta Braves,Los Angeles Dodgers,144,119,693821.0,Bryce Elder,669160.0,Dustin May,Final
778047,2025-05-05,Miami Marlins,Los Angeles Dodgers,146,119,645261.0,Sandy Alcantara,676263.0,Jack Dreyer,Final
778045,2025-05-05,New York Yankees,San Diego Padres,147,135,607074.0,Carlos Rodón,601713.0,Nick Pivetta,Final
778049,2025-05-05,Atlanta Braves,Cincinnati Reds,144,113,700363.0,AJ Smith-Shawver,663903.0,Brady Singer,Final
778044,2025-05-05,Chicago Cubs,San Francisco Giants,112,137,571510.0,Matthew Boyd,694738.0,Landen Roupp,Final
778043,2025-05-05,Kansas City Royals,Chicago White Sox,118,145,666142.0,Cole Ragans,681343.0,Shane Smith,Final
778042,2025-05-05,Milwaukee Brewers,Houston Astros,158,117,668964.0,Tobias Myers,669854.0,Ronel Blanco,Final
778036,2025-05-05,St. Louis Cardinals,Pittsburgh Pirates,138,134,571945.0,Miles Mikolas,669387.0,Carmen Mlodzinski,Final
778039,2025-05-05,Arizona Diamondbacks,New York Mets,109,121,669194.0,Ryne Nelson,656288.0,Griffin Canning,Final
778038,2025-05-05,Athletics,Seattle Mariners,133,136,622663.0,Luis Severino,682243.0,Bryce Miller,Final
778046,2025-05-05,Washington Nationals,Cleveland Guardians,120,114,663623.0,Jake Irvin,682847.0,Luis Ortiz,Postponed
778026,2025-05-06,Washington Nationals,Cleveland Guardians,120,114,663623.0,Jake Irvin,682847.0,Luis Ortiz,Final
778035,2025-05-06,Miami Marlins,Los Angeles Dodgers,146,119,615698.0,Cal Quantrill,664062.0,Tony Gonsolin,Final
778037,2025-05-06,Boston Red Sox,Texas Rangers,111,140,608337.0,Lucas Giolito,543135.0,Nathan Eovaldi,Final
778040,2025-05-06,Tampa Bay Rays,Philadelphia Phillies,139,143,656876.0,Drew Rasmussen,554430.0,Zack Wheeler,Final
778041,2025-05-06,New York Yankees,San Diego Padres,147,135,657376.0,Clarke Schmidt,650633.0,Michael King,Final
778034,2025-05-06,Atlanta Braves,Cincinnati Reds,144,113,519242.0,Chris Sale,671096.0,Andrew Abbott,Final
778027,2025-05-06,Chicago Cubs,San Francisco Giants,112,137,607067.0,Colin Rea,434378.0,Justin Verlander,Final
778028,2025-05-06,Minnesota Twins,Baltimore Orioles,142,110,641154.0,Pablo López,700249.0,Cade Povich,Final
778033,2025-05-06,Kansas City Royals,Chicago White Sox,118,145,607625.0,Seth Lugo,680732.0,Sean Burke,Final
778031,2025-05-06,Milwaukee Brewers,Houston Astros,158,117,694477.0,Chad Patrick,669713.0,Hayden Wesneski,Final
778030,2025-05-06,St. Louis Cardinals,Pittsburgh Pirates,138,134,669461.0,Matthew Liberatore,694973.0,Paul Skenes,Final
778025,2025-05-06,Los Angeles Angels,Toronto Blue Jays,108,141,542881.0,Tyler Anderson,570632.0,José Ureña,Final
778032,2025-05-06,Arizona Diamondbacks,New York Mets,109,121,668678.0,Zac Gallen,656849.0,David Peterson,Final
778024,2025-05-06,Athletics,Seattle Mariners,133,136,605488.0,Jeffrey Springs,676106.0,Emerson Hancock,Final
778029,2025-05-06,Colorado Rockies,Detroit Tigers,115,116,801403.0,Chase Dollander,695549.0,Jackson Jobe,Postponed
778022,2025-05-07,Washington Nationals,Cleveland Guardians,120,114,647336.0,Michael Soroka,671106.0,Logan Allen,Final
778015,2025-05-07,Milwaukee Brewers,Houston Astros,158,117,682990.0,Quinn Priester,664285.0,Framber Valdez,Final
778016,2025-05-07,St. Louis Cardinals,Pittsburgh Pirates,138,134,543243.0,Sonny Gray,656605.0,Mitch Keller,Final
778020,2025-05-07,Chicago Cubs,San Francisco Giants,112,137,676962.0,Ben Brown,592662.0,Robbie Ray,Final
778010,2025-05-07,Athletics,Seattle Mariners,133,136,680684.0,Gunnar Hoglund,693433.0,Bryan Woo,Final
778014,2025-05-07,Arizona Diamondbacks,New York Mets,109,121,518876.0,Merrill Kelly,673540.0,Kodai Senga,Final
778017,2025-05-07,Miami Marlins,Los Angeles Dodgers,146,119,678368.0,Valente Bellozo,689017.0,Landon Knack,Final
778018,2025-05-07,Boston Red Sox,Texas Rangers,111,140,656557.0,Tanner Houck,641816.0,Tyler Mahle,Final
778021,2025-05-07,Tampa Bay Rays,Philadelphia Phillies,139,143,669358.0,Shane Baz,650911.0,Cristopher Sánchez,Final
778019,2025-05-07,New York Yankees,San Diego Padres,147,135,608331.0,Max Fried,656302.0,Dylan Cease,Final
778023,2025-05-07,Atlanta Braves,Cincinnati Reds,144,113,656550.0,Grant Holmes,668881.0,Hunter Greene,Final
778011,2025-05-07,Minnesota Twins,Baltimore Orioles,142,110,680573.0,Simeon Woods Richardson,450203.0,Charlie Morton,Final
778012,2025-05-07,Kansas City Royals,Chicago White Sox,118,145,608379.0,Michael Wacha,686563.0,Jonathan Cannon,Final
778013,2025-05-07,Colorado Rockies,Detroit Tigers,115,116,801403.0,Chase Dollander,695549.0,Jackson Jobe,Final
778009,2025-05-07,Los Angeles Angels,Toronto Blue Jays,108,141,579328.0,Yusei Kikuchi,621244.0,José Berríos,Final
778007,2025-05-08,Minnesota Twins,Baltimore Orioles,142,110,641927.0,Bailey Ober,665152.0,Dean Kremer,Final
778006,2025-05-08,Boston Red Sox,Texas Rangers,111,140,678394.0,Brayan Bello,683004.0,Jack Leiter,Final
778008,2025-05-08,Kansas City Royals,Chicago White Sox,118,145,663460.0,Kris Bubic,663436.0,Davis Martin,Final
778004,2025-05-08,Colorado Rockies,Detroit Tigers,115,116,607536.0,Kyle Freeland,663554.0,Casey Mize,Final
778005,2025-05-08,Tampa Bay Rays,Philadelphia Phillies,139,143,686752.0,Ryan Pepiot,666200.0,Jesús Luzardo,Final
778003,2025-05-08,Atlanta Braves,Cincinnati Reds,144,113,680885.0,Spencer Schwellenbach,666157.0,Nick Lodolo,Final
778000,2025-05-08,Los Angeles Angels,Toronto Blue Jays,108,141,667755.0,José Soriano,605135.0,Chris Bassitt,Final
777999,2025-05-08,Arizona Diamondbacks,Los Angeles Dodgers,109,119,694297.0,Brandon Pfaadt,808967.0,Yoshinobu Yamamoto,Final
777996,2025-05-09,Detroit Tigers,Texas Rangers,116,140,669373.0,Tarik Skubal,571578.0,Patrick Corbin,Final
777998,2025-05-09,Pittsburgh Pirates,Atlanta Braves,134,144,663559.0,Bailey Falter,693821.0,Bryce Elder,Final
777995,2025-05-09,Washington Nationals,St. Louis Cardinals,120,138,680730.0,Mitchell Parker,607200.0,Erick Fedde,Final
778002,2025-05-09,Tampa Bay Rays,Milwaukee Brewers,139,158,641793.0,Zack Littell,500779.0,Jose Quintana,Final
778001,2025-05-09,New York Mets,Chicago Cubs,121,112,605280.0,Clay Holmes,592791.0,Jameson Taillon,Final
777997,2025-05-09,Cleveland Guardians,Philadelphia Phillies,114,143,668909.0,Gavin Williams,605400.0,Aaron Nola,Final
777990,2025-05-09,Kansas City Royals,Boston Red Sox,118,111,547179.0,Michael Lorenzen,690928.0,Hunter Dobbins,Final
777991,2025-05-09,Chicago White Sox,Miami Marlins,145,146,669060.0,Bryse Wilson,676974.0,Max Meyer,Final
777989,2025-05-09,Houston Astros,Cincinnati Reds,117,113,686613.0,Hunter Brown,607259.0,Nick Martinez,Final
777992,2025-05-09,Minnesota Twins,San Francisco Giants,142,137,663978.0,Chris Paddack,663855.0,Jordan Hicks,Final
777993,2025-05-09,Colorado Rockies,San Diego Padres,115,135,622608.0,Antonio Senzatela,681190.0,Randy Vásquez,Final
777986,2025-05-09,Los Angeles Angels,Baltimore Orioles,108,110,543294.0,Kyle Hendricks,608372.0,Tomoyuki Sugano,Final
777988,2025-05-09,Arizona Diamondbacks,Los Angeles Dodgers,109,119,593958.0,Eduardo Rodriguez,808963.0,Roki Sasaki,Final
777984,2025-05-09,Seattle Mariners,Toronto Blue Jays,136,141,622491.0,Luis Castillo,592332.0,Kevin Gausman,Final
777994,2025-05-09,Athletics,New York Yankees,133,147,674370.0,Osvaldo Bido,701542.0,Will Warren,Final
777980,2025-05-10,Washington Nationals,St. Louis Cardinals,120,138,592866.0,Trevor Williams,669467.0,Andre Pallante,Final
777985,2025-05-10,Pittsburgh Pirates,Atlanta Braves,134,144,571760.0,Andrew Heaney,700363.0,AJ Smith-Shawver,Final
777972,2025-05-10,Athletics,New York Yankees,133,147,676664.0,JP Sears,607074.0,Carlos Rodón,Final
777981,2025-05-10,Tampa Bay Rays,Milwaukee Brewers,139,158,671737.0,Taj Bradley,668964.0,Tobias Myers,Final
777987,2025-05-10,Detroit Tigers,Texas Rangers,116,140,656427.0,Jack Flaherty,594798.0,Jacob deGrom,Final
777983,2025-05-10,Cleveland Guardians,Philadelphia Phillies,114,143,676440.0,Tanner Bibee,624133.0,Ranger Suárez,Final
777979,2025-05-10,Houston Astros,Cincinnati Reds,117,113,621121.0,Lance McCullers Jr.,663903.0,Brady Singer,Final
777977,2025-05-10,Kansas City Royals,Boston Red Sox,118,111,666142.0,Cole Ragans,676979.0,Garrett Crochet,Final
777978,2025-05-10,Chicago White Sox,Miami Marlins,145,146,681343.0,Shane Smith,665795.0,Edward Cabrera,Final
777982,2025-05-10,New York Mets,Chicago Cubs,121,112,656731.0,Tylor Megill,641745.0,Brad Keller,Final
777974,2025-05-10,Minnesota Twins,San Francisco Giants,142,137,657746.0,Joe Ryan,657277.0,Logan Webb,Final
777975,2025-05-10,Arizona Diamondbacks,Los Angeles Dodgers,109,119,669203.0,Corbin Burnes,669160.0,Dustin May,Final
777976,2025-05-10,Colorado Rockies,San Diego Padres,115,135,687134.0,Bradley Blalock,663568.0,Stephen Kolek,Final
777973,2025-05-10,Los Angeles Angels,Baltimore Orioles,108,110,686799.0,Jack Kochanowicz,502043.0,Kyle Gibson,Final
777970,2025-05-10,Seattle Mariners,Toronto Blue Jays,136,141,688138.0,Logan Evans,670102.0,Bowden Francis,Final
777968,2025-05-11,New York Mets,Chicago Cubs,121,112,656288.0,Griffin Canning,571510.0,Matthew Boyd,Final
777962,2025-05-11,Washington Nationals,St. Louis Cardinals,120,138,669022.0,MacKenzie Gore,571945.0,Miles Mikolas,Final
777967,2025-05-11,Pittsburgh Pirates,Atlanta Braves,134,144,669387.0,Carmen Mlodzinski,519242.0,Chris Sale,Final
777969,2025-05-11,Detroit Tigers,Texas Rangers,116,140,681857.0,Reese Olson,543135.0,Nathan Eovaldi,Final
777964,2025-05-11,Tampa Bay Rays,Milwaukee Brewers,139,158,656876.0,Drew Rasmussen,694477.0,Chad Patrick,Final
777963,2025-05-11,Houston Astros,Cincinnati Reds,117,113,669854.0,Ronel Blanco,695534.0,Chase Petty,Final
777965,2025-05-11,Kansas City Royals,Boston Red Sox,118,111,607625.0,Seth Lugo,608337.0,Lucas Giolito,Final
777956,2025-05-11,Minnesota Twins,San Francisco Giants,142,137,641154.0,Pablo López,694738.0,Landen Roupp,Final
777966,2025-05-11,Chicago White Sox,Miami Marlins,145,146,680732.0,Sean Burke,645261.0,Sandy Alcantara,Final
777955,2025-05-11,Colorado Rockies,San Diego Padres,115,135,608566.0,Germán Márquez,601713.0,Nick Pivetta,Final
777957,2025-05-11,Athletics,New York Yankees,133,147,622663.0,Luis Severino,642232.0,Ryan Yarbrough,Final
777961,2025-05-11,Los Angeles Angels,Baltimore Orioles,108,110,542881.0,Tyler Anderson,621107.0,Zach Eflin,Final
777954,2025-05-11,Arizona Diamondbacks,Los Angeles Dodgers,109,119,668678.0,Zac Gallen,664062.0,Tony Gonsolin,Final
777958,2025-05-11,Seattle Mariners,Toronto Blue Jays,136,141,682243.0,Bryce Miller,570632.0,José Ureña,Final
777971,2025-05-11,Cleveland Guardians,Philadelphia Phillies,114,143,682847.0,Luis Ortiz,554430.0,Zack Wheeler,Final
777960,2025-05-12,Cleveland Guardians,Milwaukee Brewers,114,158,594902.0,Ben Lively,642547.0,Freddy Peralta,Final
777951,2025-05-12,Detroit Tigers,Boston Red Sox,116,111,695549.0,Jackson Jobe,656557.0,Tanner Houck,Final
777953,2025-05-12,Philadelphia Phillies,St. Louis Cardinals,143,138,650911.0,Cristopher Sánchez,669461.0,Matthew Liberatore,Final
777950,2025-05-12,New York Mets,Pittsburgh Pirates,121,134,656849.0,David Peterson,694973.0,Paul Skenes,Final
777959,2025-05-12,Atlanta Braves,Washington Nationals,144,120,656550.0,Grant Holmes,663623.0,Jake Irvin,Final
777952,2025-05-12,Chicago Cubs,Miami Marlins,112,146,607067.0,Colin Rea,615698.0,Cal Quantrill,Final
777949,2025-05-12,Texas Rangers,Colorado Rockies,140,115,641816.0,Tyler Mahle,801403.0,Chase Dollander,Final
777948,2025-05-12,Houston Astros,Kansas City Royals,117,118,687473.0,Ryan Gusto,608379.0,Michael Wacha,Final
777947,2025-05-12,San Diego Padres,Los Angeles Angels,135,108,650633.0,Michael King,579328.0,Yusei Kikuchi,Final
777941,2025-05-12,Seattle Mariners,New York Yankees,136,147,676106.0,Emerson Hancock,657376.0,Clarke Schmidt,Final
777939,2025-05-12,San Francisco Giants,Arizona Diamondbacks,137,109,434378.0,Justin Verlander,518876.0,Merrill Kelly,Final
777944,2025-05-13,Cleveland Guardians,Milwaukee Brewers,114,158,671106.0,Logan Allen,682990.0,Quinn Priester,Final
777940,2025-05-13,Detroit Tigers,Boston Red Sox,116,111,663947.0,Tyler Holton,678394.0,Brayan Bello,Final
777945,2025-05-13,Cincinnati Reds,Chicago White Sox,113,145,671096.0,Andrew Abbott,686563.0,Jonathan Cannon,Final
777935,2025-05-13,Toronto Blue Jays,Tampa Bay Rays,141,139,621244.0,José Berríos,669358.0,Shane Baz,Final
777943,2025-05-13,New York Mets,Pittsburgh Pirates,121,134,673540.0,Kodai Senga,656605.0,Mitch Keller,Final
777942,2025-05-13,Atlanta Braves,Washington Nationals,144,120,680885.0,Spencer Schwellenbach,647336.0,Michael Soroka,Final
777936,2025-05-13,Chicago Cubs,Miami Marlins,112,146,676962.0,Ben Brown,678368.0,Valente Bellozo,Final
777934,2025-05-13,Texas Rangers,Colorado Rockies,140,115,683004.0,Jack Leiter,607536.0,Kyle Freeland,Final
777931,2025-05-13,Houston Astros,Kansas City Royals,117,118,664285.0,Framber Valdez,663460.0,Kris Bubic,Final
777932,2025-05-13,San Diego Padres,Los Angeles Angels,135,108,656302.0,Dylan Cease,667755.0,José Soriano,Final
777926,2025-05-13,Seattle Mariners,New York Yankees,136,147,693433.0,Bryan Woo,608331.0,Max Fried,Final
777930,2025-05-13,San Francisco Giants,Arizona Diamondbacks,137,109,592662.0,Robbie Ray,694297.0,Brandon Pfaadt,Final
777937,2025-05-13,Los Angeles Dodgers,Athletics,119,133,689017.0,Landon Knack,605488.0,Jeffrey Springs,Final
777938,2025-05-13,Baltimore Orioles,Minnesota Twins,110,142,700249.0,Cade Povich,680573.0,Simeon Woods Richardson,Postponed
777933,2025-05-13,Philadelphia Phillies,St. Louis Cardinals,143,138,666200.0,Jesús Luzardo,543243.0,Sonny Gray,Postponed
777924,2025-05-14,Baltimore Orioles,Minnesota Twins,110,142,665152.0,Dean Kremer,641927.0,Bailey Ober,Final
777922,2025-05-14,Philadelphia Phillies,St. Louis Cardinals,143,138,666200.0,Jesús Luzardo,607200.0,Erick Fedde,Final
777925,2025-05-14,Cleveland Guardians,Milwaukee Brewers,114,158,668909.0,Gavin Williams,701656.0,Logan Henderson,Final
777916,2025-05-14,San Francisco Giants,Arizona Diamondbacks,137,109,663855.0,Jordan Hicks,593958.0,Eduardo Rodriguez,Final
777915,2025-05-14,Seattle Mariners,New York Yankees,136,147,622491.0,Luis Castillo,701542.0,Will Warren,Final
777927,2025-05-14,Detroit Tigers,Boston Red Sox,116,111,669373.0,Tarik Skubal,690928.0,Hunter Dobbins,Final
777923,2025-05-14,Toronto Blue Jays,Tampa Bay Rays,141,139,605135.0,Chris Bassitt,686752.0,Ryan Pepiot,Final
777919,2025-05-14,New York Mets,Pittsburgh Pirates,121,134,605280.0,Clay Holmes,663559.0,Bailey Falter,Final
777928,2025-05-14,Cincinnati Reds,Chicago White Sox,113,145,666157.0,Nick Lodolo,663436.0,Davis Martin,Final
777929,2025-05-14,Atlanta Braves,Washington Nationals,144,120,693821.0,Bryce Elder,680730.0,Mitchell Parker,Final
777921,2025-05-14,Chicago Cubs,Miami Marlins,112,146,592791.0,Jameson Taillon,677960.0,Ryan Weathers,Final
777918,2025-05-14,Texas Rangers,Colorado Rockies,140,115,571578.0,Patrick Corbin,622608.0,Antonio Senzatela,Final
777920,2025-05-14,Houston Astros,Kansas City Royals,117,118,676467.0,Colton Gordon,547179.0,Michael Lorenzen,Final
777914,2025-05-14,San Diego Padres,Los Angeles Angels,135,108,681190.0,Randy Vásquez,543294.0,Kyle Hendricks,Final
777917,2025-05-14,Los Angeles Dodgers,Athletics,119,133,808967.0,Yoshinobu Yamamoto,680684.0,Gunnar Hoglund,Final
777909,2025-05-15,Atlanta Braves,Washington Nationals,144,120,700363.0,AJ Smith-Shawver,592866.0,Trevor Williams,Final
777911,2025-05-15,Baltimore Orioles,Minnesota Twins,110,142,608372.0,Tomoyuki Sugano,663978.0,Chris Paddack,Final
777912,2025-05-15,Cincinnati Reds,Chicago White Sox,113,145,607259.0,Nick Martinez,669060.0,Bryse Wilson,Final
777913,2025-05-15,Toronto Blue Jays,Tampa Bay Rays,141,139,592332.0,Kevin Gausman,641793.0,Zack Littell,Final
777910,2025-05-15,Texas Rangers,Houston Astros,140,117,594798.0,Jacob deGrom,686613.0,Hunter Brown,Final
777946,2025-05-15,Los Angeles Dodgers,Athletics,119,133,669422.0,Matt Sauer,674370.0,Osvaldo Bido,Final
777900,2025-05-16,Chicago Cubs,Chicago White Sox,112,145,690990.0,Cade Horton,681343.0,Shane Smith,Final
777902,2025-05-16,Cincinnati Reds,Cleveland Guardians,113,114,663903.0,Brady Singer,676440.0,Tanner Bibee,Final
777905,2025-05-16,Philadelphia Phillies,Pittsburgh Pirates,143,134,624133.0,Ranger Suárez,571760.0,Andrew Heaney,Final
777907,2025-05-16,Baltimore Orioles,Washington Nationals,110,120,700249.0,Cade Povich,669022.0,MacKenzie Gore,Final
777904,2025-05-16,New York Yankees,New York Mets,147,121,607074.0,Carlos Rodón,656731.0,Tylor Megill,Final
777906,2025-05-16,Toronto Blue Jays,Detroit Tigers,141,116,670102.0,Bowden Francis,656427.0,Jack Flaherty,Final
777908,2025-05-16,Boston Red Sox,Atlanta Braves,111,144,676979.0,Garrett Crochet,519242.0,Chris Sale,Final
777903,2025-05-16,Miami Marlins,Tampa Bay Rays,146,139,676974.0,Max Meyer,671737.0,Taj Bradley,Final
777901,2025-05-16,Kansas City Royals,St. Louis Cardinals,118,138,666142.0,Cole Ragans,669467.0,Andre Pallante,Final
777895,2025-05-16,Texas Rangers,Houston Astros,140,117,543135.0,Nathan Eovaldi,621121.0,Lance McCullers Jr.,Final
777898,2025-05-16,Milwaukee Brewers,Minnesota Twins,158,142,694477.0,Chad Patrick,657746.0,Joe Ryan,Final
777897,2025-05-16,Arizona Diamondbacks,Colorado Rockies,109,115,669203.0,Corbin Burnes,687223.0,Carson Palmquist,Final
777896,2025-05-16,San Diego Padres,Seattle Mariners,135,136,663568.0,Stephen Kolek,688138.0,Logan Evans,Final
777899,2025-05-16,Los Angeles Dodgers,Los Angeles Angels,119,108,669160.0,Dustin May,686799.0,Jack Kochanowicz,Final
777891,2025-05-16,San Francisco Giants,Athletics,137,133,657277.0,Logan Webb,676664.0,JP Sears,Final
777888,2025-05-17,New York Yankees,New York Mets,147,121,657376.0,Clarke Schmidt,656288.0,Griffin Canning,Final
777881,2025-05-17,Chicago Cubs,Chicago White Sox,112,145,571510.0,Matthew Boyd,680732.0,Sean Burke,Final
777886,2025-05-17,Toronto Blue Jays,Detroit Tigers,141,116,641778.0,Eric Lauer,681857.0,Reese Olson,Final
777890,2025-05-17,Baltimore Orioles,Washington Nationals,110,120,502043.0,Kyle Gibson,663623.0,Jake Irvin,Final
777889,2025-05-17,Miami Marlins,Tampa Bay Rays,146,139,645261.0,Sandy Alcantara,656876.0,Drew Rasmussen,Final
777894,2025-05-17,Philadelphia Phillies,Pittsburgh Pirates,143,134,554430.0,Zack Wheeler,669387.0,Carmen Mlodzinski,Final
777892,2025-05-17,Cincinnati Reds,Cleveland Guardians,113,114,608718.0,Brent Suter,677944.0,Slade Cecconi,Final
777882,2025-05-17,Texas Rangers,Houston Astros,140,117,641816.0,Tyler Mahle,669854.0,Ronel Blanco,Final
777885,2025-05-17,Kansas City Royals,St. Louis Cardinals,118,138,702070.0,Noah Cameron,571945.0,Miles Mikolas,Final
777893,2025-05-17,Boston Red Sox,Atlanta Braves,111,144,608337.0,Lucas Giolito,656550.0,Grant Holmes,Final
777883,2025-05-17,Milwaukee Brewers,Minnesota Twins,158,142,668964.0,Tobias Myers,641154.0,Pablo López,Final
777887,2025-05-17,Arizona Diamondbacks,Colorado Rockies,109,115,668678.0,Zac Gallen,608566.0,Germán Márquez,Final
777875,2025-05-17,San Diego Padres,Seattle Mariners,135,136,601713.0,Nick Pivetta,676106.0,Emerson Hancock,Final
777879,2025-05-17,San Francisco Giants,Athletics,137,133,694738.0,Landen Roupp,622663.0,Luis Severino,Final
777884,2025-05-17,Los Angeles Dodgers,Los Angeles Angels,119,108,477132.0,Clayton Kershaw,542881.0,Tyler Anderson,Final
777869,2025-05-18,Texas Rangers,Houston Astros,140,117,683004.0,Jack Leiter,664285.0,Framber Valdez,Final
777873,2025-05-18,Baltimore Orioles,Washington Nationals,110,120,621107.0,Zach Eflin,647336.0,Michael Soroka,Final
777880,2025-05-18,Philadelphia Phillies,Pittsburgh Pirates,143,134,690953.0,Mick Abel,694973.0,Paul Skenes,Final
777876,2025-05-18,Boston Red Sox,Atlanta Braves,111,144,678394.0,Brayan Bello,680885.0,Spencer Schwellenbach,Final
777871,2025-05-18,Toronto Blue Jays,Detroit Tigers,141,116,621244.0,José Berríos,695549.0,Jackson Jobe,Final
777874,2025-05-18,Cincinnati Reds,Cleveland Guardians,113,114,671096.0,Andrew Abbott,682847.0,Luis Ortiz,Final
777877,2025-05-18,Miami Marlins,Tampa Bay Rays,146,139,615698.0,Cal Quantrill,669358.0,Shane Baz,Final
777864,2025-05-18,Kansas City Royals,St. Louis Cardinals,118,138,608379.0,Michael Wacha,669461.0,Matthew Liberatore,Final
777865,2025-05-18,Milwaukee Brewers,Minnesota Twins,158,142,642547.0,Freddy Peralta,805673.0,Zebby Matthews,Final
777872,2025-05-18,Chicago Cubs,Chicago White Sox,112,145,607067.0,Colin Rea,686563.0,Jonathan Cannon,Final
777867,2025-05-18,San Francisco Giants,Athletics,137,133,434378.0,Justin Verlander,605488.0,Jeffrey Springs,Final
777870,2025-05-18,Arizona Diamondbacks,Colorado Rockies,109,115,518876.0,Merrill Kelly,801403.0,Chase Dollander,Final
777866,2025-05-18,Los Angeles Dodgers,Los Angeles Angels,119,108,664062.0,Tony Gonsolin,579328.0,Yusei Kikuchi,Final
777868,2025-05-18,San Diego Padres,Seattle Mariners,135,136,650633.0,Michael King,693433.0,Bryan Woo,Final
777878,2025-05-18,New York Yankees,New York Mets,147,121,608331.0,Max Fried,656849.0,David Peterson,Final
777859,2025-05-19,Pittsburgh Pirates,Cincinnati Reds,134,113,656605.0,Mitch Keller,666157.0,Nick Lodolo,Final
777863,2025-05-19,Miami Marlins,Chicago Cubs,146,112,665795.0,Edward Cabrera,676962.0,Ben Brown,Final
777856,2025-05-19,Boston Red Sox,New York Mets,111,121,690928.0,Hunter Dobbins,673540.0,Kodai Senga,Final
777858,2025-05-19,Tampa Bay Rays,Houston Astros,139,117,686752.0,Ryan Pepiot,676467.0,Colton Gordon,Final
777861,2025-05-19,Minnesota Twins,Cleveland Guardians,142,114,657746.0,Joe Ryan,,,Final
777857,2025-05-19,Chicago White Sox,Seattle Mariners,145,136,663436.0,Davis Martin,622491.0,Luis Castillo,Final
777860,2025-05-19,Milwaukee Brewers,Baltimore Orioles,158,110,642239.0,Rob Zastryzny,665152.0,Dean Kremer,Final
777862,2025-05-19,St. Louis Cardinals,Detroit Tigers,138,116,543243.0,Sonny Gray,674944.0,Sean Guenther,Final
777852,2025-05-19,Colorado Rockies,Philadelphia Phillies,115,143,607536.0,Kyle Freeland,650911.0,Cristopher Sánchez,Final
777855,2025-05-19,San Francisco Giants,Kansas City Royals,137,118,592662.0,Robbie Ray,663460.0,Kris Bubic,Final
777853,2025-05-19,Athletics,Los Angeles Angels,133,108,669372.0,J.T. Ginn,667755.0,José Soriano,Final
777854,2025-05-19,Los Angeles Dodgers,Arizona Diamondbacks,119,109,676263.0,Jack Dreyer,694297.0,Brandon Pfaadt,Final
777847,2025-05-20,Pittsburgh Pirates,Cincinnati Reds,134,113,663559.0,Bailey Falter,607259.0,Nick Martinez,Final
777850,2025-05-20,Miami Marlins,Chicago Cubs,146,112,677960.0,Ryan Weathers,592791.0,Jameson Taillon,Final
777851,2025-05-20,Boston Red Sox,New York Mets,111,121,621111.0,Walker Buehler,605280.0,Clay Holmes,Final
777841,2025-05-20,Washington Nationals,Atlanta Braves,120,144,680730.0,Mitchell Parker,675911.0,Spencer Strider,Final
777848,2025-05-20,Tampa Bay Rays,Houston Astros,139,117,641793.0,Zack Littell,687888.0,Brandon Walter,Final
777849,2025-05-20,New York Yankees,Texas Rangers,147,140,701542.0,Will Warren,571578.0,Patrick Corbin,Final
777845,2025-05-20,Toronto Blue Jays,San Diego Padres,141,135,605135.0,Chris Bassitt,656302.0,Dylan Cease,Final
777846,2025-05-20,Chicago White Sox,Seattle Mariners,145,136,605288.0,Adrian Houser,668984.0,Casey Legumina,Final
777844,2025-05-20,Milwaukee Brewers,Baltimore Orioles,158,110,701656.0,Logan Henderson,669211.0,Keegan Akin,Final
777840,2025-05-20,St. Louis Cardinals,Detroit Tigers,138,116,607200.0,Erick Fedde,669373.0,Tarik Skubal,Final
777842,2025-05-20,Colorado Rockies,Philadelphia Phillies,115,143,622608.0,Antonio Senzatela,666200.0,Jesús Luzardo,Final
777836,2025-05-20,San Francisco Giants,Kansas City Royals,137,118,806185.0,Hayden Birdsong,547179.0,Michael Lorenzen,Final
777843,2025-05-20,Athletics,Los Angeles Angels,133,108,680684.0,Gunnar Hoglund,543294.0,Kyle Hendricks,Final
777838,2025-05-20,Los Angeles Dodgers,Arizona Diamondbacks,119,109,808967.0,Yoshinobu Yamamoto,669194.0,Ryne Nelson,Final
777839,2025-05-20,Minnesota Twins,Cleveland Guardians,142,114,663978.0,Chris Paddack,668909.0,Gavin Williams,Postponed
777834,2025-05-21,Pittsburgh Pirates,Cincinnati Reds,134,113,571760.0,Andrew Heaney,663903.0,Brady Singer,Final
777832,2025-05-21,Tampa Bay Rays,Houston Astros,139,117,671737.0,Taj Bradley,686613.0,Hunter Brown,Final
777833,2025-05-21,Miami Marlins,Chicago Cubs,146,112,676974.0,Max Meyer,690990.0,Cade Horton,Final
777826,2025-05-21,Milwaukee Brewers,Baltimore Orioles,158,110,694477.0,Chad Patrick,608372.0,Tomoyuki Sugano,Final
777827,2025-05-21,St. Louis Cardinals,Detroit Tigers,138,116,669467.0,Andre Pallante,676428.0,Brant Hurter,Final
777830,2025-05-21,Chicago White Sox,Seattle Mariners,145,136,681343.0,Shane Smith,688138.0,Logan Evans,Final
777819,2025-05-21,San Francisco Giants,Kansas City Royals,137,118,657277.0,Logan Webb,663738.0,Daniel Lynch IV,Final
777829,2025-05-21,Minnesota Twins,Cleveland Guardians,142,114,663978.0,Chris Paddack,668909.0,Gavin Williams,Final
777831,2025-05-21,Boston Red Sox,New York Mets,111,121,676979.0,Garrett Crochet,656731.0,Tylor Megill,Final
777835,2025-05-21,New York Yankees,Texas Rangers,147,140,642232.0,Ryan Yarbrough,594798.0,Jacob deGrom,Final
777837,2025-05-21,Toronto Blue Jays,San Diego Padres,141,135,592332.0,Kevin Gausman,681190.0,Randy Vásquez,Final
777823,2025-05-21,Colorado Rockies,Philadelphia Phillies,115,143,687223.0,Carson Palmquist,592836.0,Taijuan Walker,Final
777828,2025-05-21,Athletics,Los Angeles Angels,133,108,676664.0,JP Sears,686799.0,Jack Kochanowicz,Final
777824,2025-05-21,Los Angeles Dodgers,Arizona Diamondbacks,119,109,669160.0,Dustin May,669203.0,Corbin Burnes,Final
777825,2025-05-21,Washington Nationals,Atlanta Braves,120,144,592866.0,Trevor Williams,700363.0,AJ Smith-Shawver,Postponed
777818,2025-05-22,New York Yankees,Texas Rangers,147,140,607074.0,Carlos Rodón,543135.0,Nathan Eovaldi,Final
777816,2025-05-22,Toronto Blue Jays,San Diego Padres,141,135,670102.0,Bowden Francis,663568.0,Stephen Kolek,Final
777817,2025-05-22,Colorado Rockies,Philadelphia Phillies,115,143,608566.0,Germán Márquez,624133.0,Ranger Suárez,Final
777812,2025-05-22,Athletics,Los Angeles Angels,133,108,622663.0,Luis Severino,542881.0,Tyler Anderson,Final
777821,2025-05-22,Detroit Tigers,Cleveland Guardians,116,114,656427.0,Jack Flaherty,676440.0,Tanner Bibee,Final
777814,2025-05-22,Pittsburgh Pirates,Milwaukee Brewers,134,158,681347.0,Mike Burrows,650644.0,Aaron Civale,Final
777820,2025-05-22,Washington Nationals,Atlanta Braves,120,144,592866.0,Trevor Williams,700363.0,AJ Smith-Shawver,Final
777822,2025-05-22,Houston Astros,Seattle Mariners,117,136,621121.0,Lance McCullers Jr.,669923.0,George Kirby,Final
777815,2025-05-22,Boston Red Sox,Baltimore Orioles,111,110,608337.0,Lucas Giolito,700249.0,Cade Povich,Postponed
777811,2025-05-23,Cincinnati Reds,Chicago Cubs,113,112,668881.0,Hunter Greene,571510.0,Matthew Boyd,Final
777806,2025-05-23,Pittsburgh Pirates,Milwaukee Brewers,134,158,694973.0,Paul Skenes,642547.0,Freddy Peralta,Final
777801,2025-05-23,Washington Nationals,San Francisco Giants,120,137,669022.0,MacKenzie Gore,694738.0,Landen Roupp,Final
777810,2025-05-23,Tampa Bay Rays,Toronto Blue Jays,139,141,656876.0,Drew Rasmussen,641778.0,Eric Lauer,Final
777807,2025-05-23,Detroit Tigers,Cleveland Guardians,116,114,695549.0,Jackson Jobe,677944.0,Slade Cecconi,Final
777808,2025-05-23,New York Mets,Los Angeles Dodgers,121,119,656288.0,Griffin Canning,477132.0,Clayton Kershaw,Final
777813,2025-05-23,Atlanta Braves,San Diego Padres,144,135,519242.0,Chris Sale,601713.0,Nick Pivetta,Final
777805,2025-05-23,Chicago White Sox,Texas Rangers,145,140,680732.0,Sean Burke,641816.0,Tyler Mahle,Final
777800,2025-05-23,Houston Astros,Seattle Mariners,117,136,687473.0,Ryan Gusto,676106.0,Emerson Hancock,Final
777799,2025-05-23,Minnesota Twins,Kansas City Royals,142,118,641154.0,Pablo López,702070.0,Noah Cameron,Final
777797,2025-05-23,St. Louis Cardinals,Arizona Diamondbacks,138,109,571945.0,Miles Mikolas,668678.0,Zac Gallen,Final
777802,2025-05-23,Colorado Rockies,New York Yankees,115,147,685299.0,Tanner Gordon,657376.0,Clarke Schmidt,Final
777798,2025-05-23,Los Angeles Angels,Miami Marlins,108,146,579328.0,Yusei Kikuchi,645261.0,Sandy Alcantara,Final
777804,2025-05-23,Athletics,Philadelphia Phillies,133,143,682052.0,Jacob Lopez,554430.0,Zack Wheeler,Final
777809,2025-05-23,Boston Red Sox,Baltimore Orioles,111,110,608337.0,Lucas Giolito,,,Postponed
777790,2025-05-24,Boston Red Sox,Baltimore Orioles,111,110,608337.0,Lucas Giolito,669432.0,Trevor Rogers,Final
777788,2025-05-24,Minnesota Twins,Kansas City Royals,142,118,805673.0,Zebby Matthews,608379.0,Michael Wacha,Final
777786,2025-05-24,St. Louis Cardinals,Arizona Diamondbacks,138,109,669461.0,Matthew Liberatore,518876.0,Merrill Kelly,Final
777793,2025-05-24,Washington Nationals,San Francisco Giants,120,137,663623.0,Jake Irvin,690986.0,Kyle Harrison,Final
777794,2025-05-24,Pittsburgh Pirates,Milwaukee Brewers,134,158,656605.0,Mitch Keller,682990.0,Quinn Priester,Final
777791,2025-05-24,Cincinnati Reds,Chicago Cubs,113,112,671096.0,Andrew Abbott,607067.0,Colin Rea,Final
777787,2025-05-24,Houston Astros,Seattle Mariners,117,136,664285.0,Framber Valdez,693433.0,Bryan Woo,Final
777803,2025-05-24,Atlanta Braves,San Diego Padres,144,135,656550.0,Grant Holmes,669308.0,Sean Reynolds,Final
777792,2025-05-24,Chicago White Sox,Texas Rangers,145,140,669060.0,Bryse Wilson,683004.0,Jack Leiter,Final
777782,2025-05-24,Colorado Rockies,New York Yankees,115,147,607536.0,Kyle Freeland,608331.0,Max Fried,Final
777795,2025-05-24,Tampa Bay Rays,Toronto Blue Jays,139,141,669358.0,Shane Baz,621244.0,José Berríos,Final
777796,2025-05-24,Detroit Tigers,Cleveland Guardians,116,114,663554.0,Casey Mize,682847.0,Luis Ortiz,Final
777789,2025-05-24,New York Mets,Los Angeles Dodgers,121,119,656849.0,David Peterson,664062.0,Tony Gonsolin,Final
777784,2025-05-24,Athletics,Philadelphia Phillies,133,143,605488.0,Jeffrey Springs,650911.0,Cristopher Sánchez,Final
777781,2025-05-24,Los Angeles Angels,Miami Marlins,108,146,667755.0,José Soriano,615698.0,Cal Quantrill,Final
777780,2025-05-25,Detroit Tigers,Cleveland Guardians,116,114,669373.0,Tarik Skubal,671106.0,Logan Allen,Final
777785,2025-05-25,Boston Red Sox,Baltimore Orioles,111,110,621111.0,Walker Buehler,665152.0,Dean Kremer,Final
777778,2025-05-25,Washington Nationals,San Francisco Giants,120,137,647336.0,Michael Soroka,592662.0,Robbie Ray,Final
777776,2025-05-25,Pittsburgh Pirates,Milwaukee Brewers,134,158,663559.0,Bailey Falter,701656.0,Logan Henderson,Final
777779,2025-05-25,Cincinnati Reds,Chicago Cubs,113,112,666157.0,Nick Lodolo,676962.0,Ben Brown,Final
777775,2025-05-25,Tampa Bay Rays,Toronto Blue Jays,139,141,686752.0,Ryan Pepiot,605135.0,Chris Bassitt,Final
777774,2025-05-25,Houston Astros,Seattle Mariners,117,136,676467.0,Colton Gordon,622491.0,Luis Castillo,Final
777772,2025-05-25,Minnesota Twins,Kansas City Royals,142,118,641927.0,Bailey Ober,663460.0,Kris Bubic,Final
777777,2025-05-25,Chicago White Sox,Texas Rangers,145,140,663436.0,Davis Martin,571578.0,Patrick Corbin,Final
777766,2025-05-25,St. Louis Cardinals,Arizona Diamondbacks,138,109,543243.0,Sonny Gray,694297.0,Brandon Pfaadt,Final
777768,2025-05-25,Colorado Rockies,New York Yankees,115,147,622608.0,Antonio Senzatela,701542.0,Will Warren,Final
777765,2025-05-25,Athletics,Philadelphia Phillies,133,143,680684.0,Gunnar Hoglund,666200.0,Jesús Luzardo,Final
777767,2025-05-25,Los Angeles Angels,Miami Marlins,108,146,543294.0,Kyle Hendricks,665795.0,Edward Cabrera,Final
777783,2025-05-25,Atlanta Braves,San Diego Padres,144,135,680885.0,Spencer Schwellenbach,656302.0,Dylan Cease,Final
777773,2025-05-25,New York Mets,Los Angeles Dodgers,121,119,673540.0,Kodai Senga,689017.0,Landon Knack,Final
777770,2025-05-26,Detroit Tigers,San Francisco Giants,116,137,672456.0,Keider Montero,806185.0,Hayden Birdsong,Final
777764,2025-05-26,Milwaukee Brewers,Boston Red Sox,158,111,694477.0,Chad Patrick,676979.0,Garrett Crochet,Final
777757,2025-05-26,Chicago Cubs,Colorado Rockies,112,115,592791.0,Jameson Taillon,687223.0,Carson Palmquist,Final
777771,2025-05-26,Baltimore Orioles,St. Louis Cardinals,110,138,450203.0,Charlie Morton,607200.0,Erick Fedde,Final
777759,2025-05-26,Texas Rangers,Toronto Blue Jays,140,141,594798.0,Jacob deGrom,592332.0,Kevin Gausman,Final
777760,2025-05-26,Kansas City Royals,Cincinnati Reds,118,113,547179.0,Michael Lorenzen,607259.0,Nick Martinez,Final
777758,2025-05-26,New York Mets,Chicago White Sox,121,145,605280.0,Clay Holmes,605288.0,Adrian Houser,Final
777769,2025-05-26,Cleveland Guardians,Los Angeles Dodgers,114,119,668909.0,Gavin Williams,808967.0,Yoshinobu Yamamoto,Final
777762,2025-05-26,Tampa Bay Rays,Minnesota Twins,139,142,641793.0,Zack Littell,663978.0,Chris Paddack,Final
777761,2025-05-26,Arizona Diamondbacks,Pittsburgh Pirates,109,134,669194.0,Ryne Nelson,571760.0,Andrew Heaney,Final
777756,2025-05-26,San Diego Padres,Miami Marlins,135,146,681190.0,Randy Vásquez,677960.0,Ryan Weathers,Final
777763,2025-05-26,Los Angeles Angels,New York Yankees,108,147,686799.0,Jack Kochanowicz,642232.0,Ryan Yarbrough,Final
777753,2025-05-27,Cleveland Guardians,Los Angeles Dodgers,114,119,676440.0,Tanner Bibee,669160.0,Dustin May,Final
777754,2025-05-27,Baltimore Orioles,St. Louis Cardinals,110,138,608372.0,Tomoyuki Sugano,669467.0,Andre Pallante,Final
777755,2025-05-27,Detroit Tigers,San Francisco Giants,116,137,656427.0,Jack Flaherty,657277.0,Logan Webb,Final
777748,2025-05-27,Philadelphia Phillies,Atlanta Braves,143,144,624133.0,Ranger Suárez,675911.0,Spencer Strider,Final
777746,2025-05-27,Tampa Bay Rays,Minnesota Twins,139,142,671737.0,Taj Bradley,657746.0,Joe Ryan,Final
777749,2025-05-27,New York Mets,Chicago White Sox,121,145,656731.0,Tylor Megill,686563.0,Jonathan Cannon,Final
777750,2025-05-27,Kansas City Royals,Cincinnati Reds,118,113,663738.0,Daniel Lynch IV,663903.0,Brady Singer,Final
777747,2025-05-27,Milwaukee Brewers,Boston Red Sox,158,111,650644.0,Aaron Civale,690916.0,Richard Fitts,Final
777751,2025-05-27,Chicago Cubs,Colorado Rockies,112,115,690990.0,Cade Horton,608566.0,Germán Márquez,Final
777741,2025-05-27,Texas Rangers,Toronto Blue Jays,140,141,543135.0,Nathan Eovaldi,670102.0,Bowden Francis,Final
777752,2025-05-27,Houston Astros,Athletics,117,133,686613.0,Hunter Brown,676664.0,JP Sears,Final
777745,2025-05-27,Los Angeles Angels,New York Yankees,108,147,542881.0,Tyler Anderson,607074.0,Carlos Rodón,Final
777744,2025-05-27,Arizona Diamondbacks,Pittsburgh Pirates,109,134,669203.0,Corbin Burnes,681347.0,Mike Burrows,Final
777743,2025-05-27,Seattle Mariners,Washington Nationals,136,120,688138.0,Logan Evans,680730.0,Mitchell Parker,Final
777742,2025-05-27,San Diego Padres,Miami Marlins,135,146,663568.0,Stephen Kolek,676974.0,Max Meyer,Final
777739,2025-05-28,Cleveland Guardians,Los Angeles Dodgers,114,119,663465.0,Kolby Allard,477132.0,Clayton Kershaw,Final
777738,2025-05-28,Detroit Tigers,San Francisco Giants,116,137,695549.0,Jackson Jobe,694738.0,Landen Roupp,Final
777732,2025-05-28,Tampa Bay Rays,Minnesota Twins,139,142,656876.0,Drew Rasmussen,641154.0,Pablo López,Final
777737,2025-05-28,New York Mets,Chicago White Sox,121,145,656288.0,Griffin Canning,681343.0,Shane Smith,Final
777736,2025-05-28,Milwaukee Brewers,Boston Red Sox,158,111,642547.0,Freddy Peralta,678394.0,Brayan Bello,Final
777734,2025-05-28,Houston Astros,Athletics,117,133,621121.0,Lance McCullers Jr.,622663.0,Luis Severino,Final
777729,2025-05-28,Arizona Diamondbacks,Pittsburgh Pirates,109,134,668678.0,Zac Gallen,694973.0,Paul Skenes,Final
777726,2025-05-28,San Diego Padres,Miami Marlins,135,146,606996.0,Kyle Hart,645261.0,Sandy Alcantara,Final
777740,2025-05-28,Baltimore Orioles,St. Louis Cardinals,110,138,700249.0,Cade Povich,571945.0,Miles Mikolas,Final
777733,2025-05-28,Kansas City Royals,Cincinnati Reds,118,113,702070.0,Noah Cameron,668881.0,Hunter Greene,Final
777731,2025-05-28,Chicago Cubs,Colorado Rockies,112,115,571510.0,Matthew Boyd,685299.0,Tanner Gordon,Final
777724,2025-05-28,Texas Rangers,Toronto Blue Jays,140,141,641816.0,Tyler Mahle,687606.0,Paxton Schultz,Final
777728,2025-05-28,Los Angeles Angels,New York Yankees,108,147,579328.0,Yusei Kikuchi,657376.0,Clarke Schmidt,Final
777730,2025-05-28,Seattle Mariners,Washington Nationals,136,120,669923.0,George Kirby,592866.0,Trevor Williams,Final
777735,2025-05-28,Philadelphia Phillies,Atlanta Braves,143,144,554430.0,Zack Wheeler,700363.0,AJ Smith-Shawver,Postponed
777723,2025-05-29,Philadelphia Phillies,Atlanta Braves,143,144,554430.0,Zack Wheeler,519242.0,Chris Sale,Final
777727,2025-05-29,Toronto Blue Jays,Athletics,141,133,621244.0,José Berríos,682052.0,Jacob Lopez,Final
777725,2025-05-29,Houston Astros,Tampa Bay Rays,117,139,687473.0,Ryan Gusto,669358.0,Shane Baz,Final
777722,2025-05-29,Seattle Mariners,Washington Nationals,136,120,676106.0,Emerson Hancock,669022.0,MacKenzie Gore,Final
777712,2025-05-30,Chicago Cubs,Cincinnati Reds,112,113,607067.0,Colin Rea,671096.0,Andrew Abbott,Final
777720,2025-05-30,Baltimore Orioles,Chicago White Sox,110,145,621107.0,Zach Eflin,694363.0,Jared Shuster,Final
777715,2025-05-30,Philadelphia Phillies,Milwaukee Brewers,143,158,592836.0,Taijuan Walker,669084.0,DL Hall,Final
777716,2025-05-30,Toronto Blue Jays,Athletics,141,133,605135.0,Chris Bassitt,605488.0,Jeffrey Springs,Final
777721,2025-05-30,Cleveland Guardians,Los Angeles Angels,114,108,682847.0,Luis Ortiz,667755.0,José Soriano,Final
777718,2025-05-30,New York Mets,Colorado Rockies,121,115,656849.0,David Peterson,607536.0,Kyle Freeland,Final
777717,2025-05-30,Miami Marlins,San Francisco Giants,146,137,615698.0,Cal Quantrill,690986.0,Kyle Harrison,Final
777719,2025-05-30,Atlanta Braves,Boston Red Sox,144,111,656550.0,Grant Holmes,608337.0,Lucas Giolito,Final
777709,2025-05-30,Texas Rangers,St. Louis Cardinals,140,138,683004.0,Jack Leiter,669461.0,Matthew Liberatore,Final
777711,2025-05-30,Kansas City Royals,Detroit Tigers,118,116,607625.0,Seth Lugo,663554.0,Casey Mize,Final
777714,2025-05-30,Houston Astros,Tampa Bay Rays,117,139,664285.0,Framber Valdez,686752.0,Ryan Pepiot,Final
777710,2025-05-30,Arizona Diamondbacks,Washington Nationals,109,120,518876.0,Merrill Kelly,663623.0,Jake Irvin,Final
777707,2025-05-30,San Diego Padres,Pittsburgh Pirates,135,134,601713.0,Nick Pivetta,656605.0,Mitch Keller,Final
777713,2025-05-30,Seattle Mariners,Minnesota Twins,136,142,693433.0,Bryan Woo,805673.0,Zebby Matthews,Final
777708,2025-05-30,Los Angeles Dodgers,New York Yankees,119,147,664062.0,Tony Gonsolin,608331.0,Max Fried,Final
777704,2025-05-31,Chicago Cubs,Cincinnati Reds,112,113,519141.0,Drew Pomeranz,666157.0,Nick Lodolo,Final
777701,2025-05-31,Toronto Blue Jays,Athletics,141,133,680755.0,Braydon Fisher,680684.0,Gunnar Hoglund,Final
777697,2025-05-31,Texas Rangers,St. Louis Cardinals,140,138,571578.0,Patrick Corbin,543243.0,Sonny Gray,Final
777699,2025-05-31,Baltimore Orioles,Chicago White Sox,110,145,665152.0,Dean Kremer,663436.0,Davis Martin,Final
777702,2025-05-31,Philadelphia Phillies,Milwaukee Brewers,143,158,666200.0,Jesús Luzardo,694477.0,Chad Patrick,Final
777703,2025-05-31,Cleveland Guardians,Los Angeles Angels,114,108,677944.0,Slade Cecconi,543294.0,Kyle Hendricks,Final
777694,2025-05-31,Kansas City Royals,Detroit Tigers,118,116,608379.0,Michael Wacha,669373.0,Tarik Skubal,Final
777700,2025-05-31,New York Mets,Colorado Rockies,121,115,673540.0,Kodai Senga,622608.0,Antonio Senzatela,Final
777693,2025-05-31,Houston Astros,Tampa Bay Rays,117,139,676467.0,Colton Gordon,641793.0,Zack Littell,Final
777706,2025-05-31,Atlanta Braves,Boston Red Sox,144,111,680885.0,Spencer Schwellenbach,621111.0,Walker Buehler,Final
777705,2025-05-31,Miami Marlins,San Francisco Giants,146,137,665795.0,Edward Cabrera,592662.0,Robbie Ray,Final
777695,2025-05-31,Seattle Mariners,Minnesota Twins,136,142,682243.0,Bryce Miller,641927.0,Bailey Ober,Final
777698,2025-05-31,Los Angeles Dodgers,New York Yankees,119,147,689017.0,Landon Knack,701542.0,Will Warren,Final
777691,2025-05-31,San Diego Padres,Pittsburgh Pirates,135,134,656302.0,Dylan Cease,663559.0,Bailey Falter,Final
777696,2025-05-31,Arizona Diamondbacks,Washington Nationals,109,120,694297.0,Brandon Pfaadt,647336.0,Michael Soroka,Final
777678,2025-06-01,Texas Rangers,St. Louis Cardinals,140,138,594798.0,Jacob deGrom,607200.0,Erick Fedde,Final
777692,2025-06-01,Atlanta Braves,Boston Red Sox,144,111,693821.0,Bryce Elder,676979.0,Garrett Crochet,Final
777684,2025-06-01,Baltimore Orioles,Chicago White Sox,110,145,450203.0,Charlie Morton,605288.0,Adrian Houser,Final
777688,2025-06-01,Philadelphia Phillies,Milwaukee Brewers,143,158,624133.0,Ranger Suárez,500779.0,Jose Quintana,Final
777685,2025-06-01,Toronto Blue Jays,Athletics,141,133,592332.0,Kevin Gausman,676664.0,JP Sears,Final
777683,2025-06-01,Cleveland Guardians,Los Angeles Angels,114,108,668909.0,Gavin Williams,686799.0,Jack Kochanowicz,Final
777686,2025-06-01,New York Mets,Colorado Rockies,121,115,605280.0,Clay Holmes,687223.0,Carson Palmquist,Final
777689,2025-06-01,Miami Marlins,San Francisco Giants,146,137,677960.0,Ryan Weathers,806185.0,Hayden Birdsong,Final
777677,2025-06-01,Kansas City Royals,Detroit Tigers,118,116,663460.0,Kris Bubic,672456.0,Keider Montero,Final
777690,2025-06-01,Houston Astros,Tampa Bay Rays,117,139,686613.0,Hunter Brown,671737.0,Taj Bradley,Final
777687,2025-06-01,Chicago Cubs,Cincinnati Reds,112,113,592791.0,Jameson Taillon,607259.0,Nick Martinez,Final
777679,2025-06-01,Arizona Diamondbacks,Washington Nationals,109,120,669203.0,Corbin Burnes,680730.0,Mitchell Parker,Final
777680,2025-06-01,Seattle Mariners,Minnesota Twins,136,142,622491.0,Luis Castillo,663978.0,Chris Paddack,Final
777681,2025-06-01,San Diego Padres,Pittsburgh Pirates,135,134,681190.0,Randy Vásquez,571760.0,Andrew Heaney,Final
777682,2025-06-01,Los Angeles Dodgers,New York Yankees,119,147,808967.0,Yoshinobu Yamamoto,642232.0,Ryan Yarbrough,Final
777673,2025-06-02,Miami Marlins,Colorado Rockies,146,115,676974.0,Max Meyer,608566.0,Germán Márquez,Final
777670,2025-06-02,Boston Red Sox,Los Angeles Angels,111,108,690916.0,Richard Fitts,542881.0,Tyler Anderson,Final
777671,2025-06-02,Cincinnati Reds,Milwaukee Brewers,113,158,663903.0,Brady Singer,650644.0,Aaron Civale,Final
777674,2025-06-02,Chicago White Sox,Detroit Tigers,145,116,686563.0,Jonathan Cannon,656427.0,Jack Flaherty,Final
777676,2025-06-02,San Francisco Giants,San Diego Padres,137,135,657277.0,Logan Webb,663568.0,Stephen Kolek,Final
777669,2025-06-02,Athletics,Minnesota Twins,133,142,622663.0,Luis Severino,657746.0,Joe Ryan,Final
777675,2025-06-02,Los Angeles Dodgers,New York Mets,119,121,669160.0,Dustin May,621112.0,Paul Blackburn,Final
777663,2025-06-03,Pittsburgh Pirates,Houston Astros,134,117,694973.0,Paul Skenes,621121.0,Lance McCullers Jr.,Final
777666,2025-06-03,Miami Marlins,Colorado Rockies,146,115,645261.0,Sandy Alcantara,801403.0,Chase Dollander,Final
777659,2025-06-03,Washington Nationals,Chicago Cubs,120,112,592866.0,Trevor Williams,690990.0,Cade Horton,Final
777664,2025-06-03,New York Yankees,Cleveland Guardians,147,114,607074.0,Carlos Rodón,676440.0,Tanner Bibee,Final
777665,2025-06-03,Toronto Blue Jays,Philadelphia Phillies,141,143,670102.0,Bowden Francis,650911.0,Cristopher Sánchez,Final
777667,2025-06-03,Boston Red Sox,Los Angeles Angels,111,108,678394.0,Brayan Bello,579328.0,Yusei Kikuchi,Final
777668,2025-06-03,Cincinnati Reds,Milwaukee Brewers,113,158,668881.0,Hunter Greene,642547.0,Freddy Peralta,Final
777672,2025-06-03,Atlanta Braves,Arizona Diamondbacks,144,109,675911.0,Spencer Strider,668678.0,Zac Gallen,Final
777662,2025-06-03,Tampa Bay Rays,Texas Rangers,139,140,656876.0,Drew Rasmussen,641816.0,Tyler Mahle,Final
777661,2025-06-03,Chicago White Sox,Detroit Tigers,145,116,681343.0,Shane Smith,689225.0,Beau Brieske,Final
777660,2025-06-03,St. Louis Cardinals,Kansas City Royals,138,118,669467.0,Andre Pallante,547179.0,Michael Lorenzen,Final
777655,2025-06-03,Seattle Mariners,Baltimore Orioles,136,110,669923.0,George Kirby,608372.0,Tomoyuki Sugano,Final
777656,2025-06-03,San Francisco Giants,San Diego Padres,137,135,694738.0,Landen Roupp,686701.0,Ryan Bergert,Final
777658,2025-06-03,Athletics,Minnesota Twins,133,142,680880.0,Grant Holman,641154.0,Pablo López,Final
777657,2025-06-03,Los Angeles Dodgers,New York Mets,119,121,477132.0,Clayton Kershaw,656731.0,Tylor Megill,Final
777652,2025-06-04,Miami Marlins,Colorado Rockies,146,115,615698.0,Cal Quantrill,607536.0,Kyle Freeland,Final
777647,2025-06-04,Cincinnati Reds,Milwaukee Brewers,113,158,671096.0,Andrew Abbott,669084.0,DL Hall,Final
777649,2025-06-04,Boston Red Sox,Los Angeles Angels,111,108,608337.0,Lucas Giolito,667755.0,José Soriano,Final
777648,2025-06-04,Pittsburgh Pirates,Houston Astros,134,117,681347.0,Mike Burrows,687473.0,Ryan Gusto,Final
777650,2025-06-04,Washington Nationals,Chicago Cubs,120,112,669022.0,MacKenzie Gore,571510.0,Matthew Boyd,Final
777653,2025-06-04,New York Yankees,Cleveland Guardians,147,114,657376.0,Clarke Schmidt,682847.0,Luis Ortiz,Final
777651,2025-06-04,Toronto Blue Jays,Philadelphia Phillies,141,143,621244.0,José Berríos,690953.0,Mick Abel,Final
777654,2025-06-04,Atlanta Braves,Arizona Diamondbacks,144,109,519242.0,Chris Sale,518876.0,Merrill Kelly,Final
777646,2025-06-04,Tampa Bay Rays,Texas Rangers,139,140,669358.0,Shane Baz,677958.0,Kumar Rocker,Final
777639,2025-06-04,Chicago White Sox,Detroit Tigers,145,116,694363.0,Jared Shuster,687830.0,Sawyer Gipson-Long,Final
777645,2025-06-04,Seattle Mariners,Baltimore Orioles,136,110,676106.0,Emerson Hancock,700249.0,Cade Povich,Final
777641,2025-06-04,San Francisco Giants,San Diego Padres,137,135,690986.0,Kyle Harrison,601713.0,Nick Pivetta,Final
777643,2025-06-04,Athletics,Minnesota Twins,133,142,,,805673.0,Zebby Matthews,Final
777638,2025-06-04,Los Angeles Dodgers,New York Mets,119,121,664062.0,Tony Gonsolin,656288.0,Griffin Canning,Final
777642,2025-06-04,St. Louis Cardinals,Kansas City Royals,138,118,571945.0,Miles Mikolas,702070.0,Noah Cameron,Postponed
777640,2025-06-05,Atlanta Braves,Arizona Diamondbacks,144,109,656550.0,Grant Holmes,694297.0,Brandon Pfaadt,Final
777635,2025-06-05,St. Louis Cardinals,Kansas City Royals,138,118,669461.0,Matthew Liberatore,666142.0,Cole Ragans,Final
777634,2025-06-05,Chicago White Sox,Detroit Tigers,145,116,680732.0,Sean Burke,663554.0,Casey Mize,Final
777637,2025-06-05,Toronto Blue Jays,Philadelphia Phillies,141,143,605135.0,Chris Bassitt,666200.0,Jesús Luzardo,Final
777636,2025-06-05,Athletics,Minnesota Twins,133,142,687765.0,Mitch Spence,701581.0,David Festa,Final
777628,2025-06-05,Seattle Mariners,Baltimore Orioles,136,110,693433.0,Bryan Woo,621107.0,Zach Eflin,Final
777633,2025-06-05,San Francisco Giants,San Diego Padres,137,135,592662.0,Robbie Ray,656302.0,Dylan Cease,Final
777631,2025-06-05,Los Angeles Dodgers,New York Mets,119,121,689017.0,Landon Knack,656849.0,David Peterson,Final
777630,2025-06-05,Pittsburgh Pirates,Houston Astros,134,117,656605.0,Mitch Keller,664285.0,Framber Valdez,Final
777632,2025-06-05,Washington Nationals,Chicago Cubs,120,112,663623.0,Jake Irvin,519141.0,Drew Pomeranz,Final
777644,2025-06-05,New York Yankees,Cleveland Guardians,147,114,608331.0,Max Fried,677944.0,Slade Cecconi,Final
777629,2025-06-05,Tampa Bay Rays,Texas Rangers,139,140,686752.0,Ryan Pepiot,683004.0,Jack Leiter,Final
777625,2025-06-06,Tampa Bay Rays,Miami Marlins,139,146,641793.0,Zack Littell,665795.0,Edward Cabrera,Final
777621,2025-06-06,Pittsburgh Pirates,Philadelphia Phillies,134,143,663559.0,Bailey Falter,605452.0,Joe Ross,Final
777624,2025-06-06,Washington Nationals,Texas Rangers,120,140,647336.0,Michael Soroka,571578.0,Patrick Corbin,Final
777627,2025-06-06,New York Yankees,Boston Red Sox,147,111,701542.0,Will Warren,621111.0,Walker Buehler,Final
777623,2025-06-06,Cincinnati Reds,Arizona Diamondbacks,113,109,666157.0,Nick Lodolo,593958.0,Eduardo Rodriguez,Final
777626,2025-06-06,Detroit Tigers,Chicago Cubs,116,112,669373.0,Tarik Skubal,676962.0,Ben Brown,Final
777622,2025-06-06,Cleveland Guardians,Houston Astros,114,117,671106.0,Logan Allen,676467.0,Colton Gordon,Final
777618,2025-06-06,Chicago White Sox,Kansas City Royals,145,118,663436.0,Davis Martin,607625.0,Seth Lugo,Final
777615,2025-06-06,Minnesota Twins,Toronto Blue Jays,142,141,641927.0,Bailey Ober,687606.0,Paxton Schultz,Final
777617,2025-06-06,Milwaukee Brewers,San Diego Padres,158,135,694477.0,Chad Patrick,681190.0,Randy Vásquez,Final
777620,2025-06-06,St. Louis Cardinals,Los Angeles Dodgers,138,119,543243.0,Sonny Gray,680736.0,Justin Wrobleski,Final
777616,2025-06-06,Colorado Rockies,New York Mets,115,121,669020.0,Ryan Rolison,673540.0,Kodai Senga,Final
777614,2025-06-06,Los Angeles Angels,Seattle Mariners,108,136,543294.0,Kyle Hendricks,682243.0,Bryce Miller,Final
777613,2025-06-06,Athletics,Baltimore Orioles,133,110,676664.0,JP Sears,665152.0,Dean Kremer,Final
777619,2025-06-06,San Francisco Giants,Atlanta Braves,137,144,806185.0,Hayden Birdsong,680885.0,Spencer Schwellenbach,Final
777609,2025-06-07,Detroit Tigers,Chicago Cubs,116,112,663947.0,Tyler Holton,592791.0,Jameson Taillon,Final
777600,2025-06-07,Minnesota Twins,Toronto Blue Jays,142,141,663978.0,Chris Paddack,592332.0,Kevin Gausman,Final
777601,2025-06-07,St. Louis Cardinals,Los Angeles Dodgers,138,119,607200.0,Erick Fedde,808967.0,Yoshinobu Yamamoto,Final
777610,2025-06-07,Washington Nationals,Texas Rangers,120,140,680730.0,Mitchell Parker,594798.0,Jacob deGrom,Final
777607,2025-06-07,Pittsburgh Pirates,Philadelphia Phillies,134,143,571760.0,Andrew Heaney,624133.0,Ranger Suárez,Final
777598,2025-06-07,San Francisco Giants,Atlanta Braves,137,144,657277.0,Logan Webb,693821.0,Bryce Elder,Final
777612,2025-06-07,Cincinnati Reds,Arizona Diamondbacks,113,109,607259.0,Nick Martinez,669194.0,Ryne Nelson,Final
777608,2025-06-07,Cleveland Guardians,Houston Astros,114,117,668909.0,Gavin Williams,686613.0,Hunter Brown,Final
777606,2025-06-07,Chicago White Sox,Kansas City Royals,145,118,605288.0,Adrian Houser,608379.0,Michael Wacha,Final
777611,2025-06-07,Tampa Bay Rays,Miami Marlins,139,146,671737.0,Taj Bradley,677960.0,Ryan Weathers,Final
777605,2025-06-07,New York Yankees,Boston Red Sox,147,111,642232.0,Ryan Yarbrough,676979.0,Garrett Crochet,Final
777597,2025-06-07,Milwaukee Brewers,San Diego Padres,158,135,500779.0,Jose Quintana,663568.0,Stephen Kolek,Final
777603,2025-06-07,Los Angeles Angels,Seattle Mariners,108,136,686799.0,Jack Kochanowicz,622491.0,Luis Castillo,Final
777604,2025-06-07,Colorado Rockies,New York Mets,115,121,608566.0,Germán Márquez,605280.0,Clay Holmes,Final
777599,2025-06-07,Athletics,Baltimore Orioles,133,110,622663.0,Luis Severino,450203.0,Charlie Morton,Final
777592,2025-06-08,Tampa Bay Rays,Miami Marlins,139,146,656876.0,Drew Rasmussen,685107.0,Anthony Veneziano,Final
777586,2025-06-08,Milwaukee Brewers,San Diego Padres,158,135,642547.0,Freddy Peralta,686701.0,Ryan Bergert,Final
777596,2025-06-08,Washington Nationals,Texas Rangers,120,140,592866.0,Trevor Williams,656641.0,Jacob Latz,Final
777595,2025-06-08,Pittsburgh Pirates,Philadelphia Phillies,134,143,694973.0,Paul Skenes,650911.0,Cristopher Sánchez,Final
777602,2025-06-08,Cincinnati Reds,Arizona Diamondbacks,113,109,663903.0,Brady Singer,668678.0,Zac Gallen,Final
777594,2025-06-08,Detroit Tigers,Chicago Cubs,116,112,656427.0,Jack Flaherty,690990.0,Cade Horton,Final
777591,2025-06-08,Cleveland Guardians,Houston Astros,114,117,676440.0,Tanner Bibee,687888.0,Brandon Walter,Final
777585,2025-06-08,Minnesota Twins,Toronto Blue Jays,142,141,657746.0,Joe Ryan,670102.0,Bowden Francis,Final
777590,2025-06-08,Chicago White Sox,Kansas City Royals,145,118,678024.0,Mike Vasil,547179.0,Michael Lorenzen,Final
777582,2025-06-08,St. Louis Cardinals,Los Angeles Dodgers,138,119,700241.0,Michael McGreevy,477132.0,Clayton Kershaw,Final
777583,2025-06-08,Colorado Rockies,New York Mets,115,121,801403.0,Chase Dollander,656731.0,Tylor Megill,Final
777588,2025-06-08,Athletics,Baltimore Orioles,133,110,682052.0,Jacob Lopez,608372.0,Tomoyuki Sugano,Final
777587,2025-06-08,San Francisco Giants,Atlanta Braves,137,144,694738.0,Landen Roupp,675911.0,Spencer Strider,Final
777589,2025-06-08,Los Angeles Angels,Seattle Mariners,108,136,542881.0,Tyler Anderson,669923.0,George Kirby,Final
777593,2025-06-08,New York Yankees,Boston Red Sox,147,111,607074.0,Carlos Rodón,690928.0,Hunter Dobbins,Final
777580,2025-06-09,Cleveland Guardians,Cincinnati Reds,114,113,682847.0,Luis Ortiz,489119.0,Wade Miley,Final
777574,2025-06-09,Pittsburgh Pirates,Miami Marlins,134,146,681347.0,Mike Burrows,691587.0,Eury Pérez,Final
777578,2025-06-09,Philadelphia Phillies,Chicago Cubs,143,112,554430.0,Zack Wheeler,571510.0,Matthew Boyd,Final
777584,2025-06-09,Boston Red Sox,Tampa Bay Rays,111,139,678394.0,Brayan Bello,669358.0,Shane Baz,Final
777575,2025-06-09,Milwaukee Brewers,Atlanta Braves,158,144,650644.0,Aaron Civale,519242.0,Chris Sale,Final
777581,2025-06-09,St. Louis Cardinals,Toronto Blue Jays,138,141,669467.0,Andre Pallante,621244.0,José Berríos,Final
777576,2025-06-09,Los Angeles Angels,Athletics,108,133,579328.0,Yusei Kikuchi,680880.0,Grant Holman,Final
777579,2025-06-09,San Diego Padres,Los Angeles Dodgers,135,119,601713.0,Nick Pivetta,669160.0,Dustin May,Final
777577,2025-06-09,Arizona Diamondbacks,Seattle Mariners,109,136,518876.0,Merrill Kelly,676106.0,Emerson Hancock,Final
777573,2025-06-10,Baltimore Orioles,Detroit Tigers,110,116,700249.0,Cade Povich,676428.0,Brant Hurter,Final
777569,2025-06-10,Cleveland Guardians,Cincinnati Reds,114,113,677944.0,Slade Cecconi,671096.0,Andrew Abbott,Final
777566,2025-06-10,Pittsburgh Pirates,Miami Marlins,134,146,656605.0,Mitch Keller,645261.0,Sandy Alcantara,Final
777571,2025-06-10,Philadelphia Phillies,Chicago Cubs,143,112,690953.0,Mick Abel,607067.0,Colin Rea,Final
777570,2025-06-10,New York Mets,Washington Nationals,121,120,656288.0,Griffin Canning,669022.0,MacKenzie Gore,Final
777565,2025-06-10,Boston Red Sox,Tampa Bay Rays,111,139,608337.0,Lucas Giolito,686752.0,Ryan Pepiot,Final
777557,2025-06-10,Minnesota Twins,Texas Rangers,142,140,680573.0,Simeon Woods Richardson,641816.0,Tyler Mahle,Final
777572,2025-06-10,Kansas City Royals,New York Yankees,118,147,702070.0,Noah Cameron,608331.0,Max Fried,Final
777568,2025-06-10,Milwaukee Brewers,Atlanta Braves,158,144,682990.0,Quinn Priester,656550.0,Grant Holmes,Final
777558,2025-06-10,St. Louis Cardinals,Toronto Blue Jays,138,141,571945.0,Miles Mikolas,605135.0,Chris Bassitt,Final
777567,2025-06-10,Houston Astros,Chicago White Sox,117,145,621121.0,Lance McCullers Jr.,681343.0,Shane Smith,Final
777563,2025-06-10,Colorado Rockies,San Francisco Giants,115,137,687223.0,Carson Palmquist,690986.0,Kyle Harrison,Final
777564,2025-06-10,Los Angeles Angels,Athletics,108,133,667755.0,José Soriano,687765.0,Mitch Spence,Final
777560,2025-06-10,San Diego Padres,Los Angeles Dodgers,135,119,656302.0,Dylan Cease,642152.0,Lou Trivino,Final
777559,2025-06-10,Arizona Diamondbacks,Seattle Mariners,109,136,694297.0,Brandon Pfaadt,688138.0,Logan Evans,Final
777552,2025-06-11,Pittsburgh Pirates,Miami Marlins,134,146,663559.0,Bailey Falter,615698.0,Cal Quantrill,Final
777553,2025-06-11,Philadelphia Phillies,Chicago Cubs,143,112,666200.0,Jesús Luzardo,676962.0,Ben Brown,Final
777549,2025-06-11,Cleveland Guardians,Cincinnati Reds,114,113,671106.0,Logan Allen,666157.0,Nick Lodolo,Final
777554,2025-06-11,Milwaukee Brewers,Atlanta Braves,158,144,694477.0,Chad Patrick,680885.0,Spencer Schwellenbach,Final
777545,2025-06-11,St. Louis Cardinals,Toronto Blue Jays,138,141,669461.0,Matthew Liberatore,641778.0,Eric Lauer,Final
777548,2025-06-11,Arizona Diamondbacks,Seattle Mariners,109,136,593958.0,Eduardo Rodriguez,693433.0,Bryan Woo,Final
777542,2025-06-11,Los Angeles Angels,Athletics,108,133,543294.0,Kyle Hendricks,676664.0,JP Sears,Final
777543,2025-06-11,San Diego Padres,Los Angeles Dodgers,135,119,681190.0,Randy Vásquez,676508.0,Ben Casparius,Final
777562,2025-06-11,Baltimore Orioles,Detroit Tigers,110,116,621107.0,Zach Eflin,663554.0,Casey Mize,Final
777555,2025-06-11,New York Mets,Washington Nationals,121,120,656849.0,David Peterson,663623.0,Jake Irvin,Final
777561,2025-06-11,Boston Red Sox,Tampa Bay Rays,111,139,621111.0,Walker Buehler,641793.0,Zack Littell,Final
777556,2025-06-11,Minnesota Twins,Texas Rangers,142,140,701581.0,David Festa,683004.0,Jack Leiter,Final
777551,2025-06-11,Kansas City Royals,New York Yankees,118,147,663460.0,Kris Bubic,657376.0,Clarke Schmidt,Final
777550,2025-06-11,Houston Astros,Chicago White Sox,117,145,687473.0,Ryan Gusto,680732.0,Sean Burke,Final
777547,2025-06-11,Colorado Rockies,San Francisco Giants,115,137,607536.0,Kyle Freeland,592662.0,Robbie Ray,Final
777544,2025-06-12,New York Mets,Washington Nationals,121,120,673540.0,Kodai Senga,647336.0,Michael Soroka,Final
777533,2025-06-12,Minnesota Twins,Texas Rangers,142,140,641927.0,Bailey Ober,571578.0,Patrick Corbin,Final
777534,2025-06-12,Colorado Rockies,San Francisco Giants,115,137,622608.0,Antonio Senzatela,806185.0,Hayden Birdsong,Final
777540,2025-06-12,Baltimore Orioles,Detroit Tigers,110,116,669211.0,Keegan Akin,669373.0,Tarik Skubal,Final
777536,2025-06-12,Kansas City Royals,New York Yankees,118,147,607625.0,Seth Lugo,701542.0,Will Warren,Final
777532,2025-06-12,Milwaukee Brewers,St. Louis Cardinals,158,138,694819.0,Jacob Misiorowski,543243.0,Sonny Gray,Final
777541,2025-06-12,Chicago Cubs,Pittsburgh Pirates,112,134,592791.0,Jameson Taillon,571760.0,Andrew Heaney,Final
777546,2025-06-12,Houston Astros,Chicago White Sox,117,145,664285.0,Framber Valdez,663436.0,Davis Martin,Final
777526,2025-06-13,Chicago Cubs,Pittsburgh Pirates,112,134,690990.0,Cade Horton,694973.0,Paul Skenes,Final
777531,2025-06-13,Philadelphia Phillies,Toronto Blue Jays,143,141,624133.0,Ranger Suárez,592332.0,Kevin Gausman,Final
777530,2025-06-13,Washington Nationals,Miami Marlins,120,146,680730.0,Mitchell Parker,665795.0,Edward Cabrera,Final
777539,2025-06-13,Baltimore Orioles,Los Angeles Angels,110,108,450203.0,Charlie Morton,686799.0,Jack Kochanowicz,Final
777538,2025-06-13,Detroit Tigers,Cincinnati Reds,116,113,676428.0,Brant Hurter,607259.0,Nick Martinez,Final
777528,2025-06-13,New York Mets,Tampa Bay Rays,121,139,605280.0,Clay Holmes,671737.0,Taj Bradley,Final
777537,2025-06-13,Boston Red Sox,New York Yankees,111,147,676979.0,Garrett Crochet,642232.0,Ryan Yarbrough,Final
777535,2025-06-13,Atlanta Braves,Colorado Rockies,144,115,693821.0,Bryce Elder,608566.0,Germán Márquez,Final
777524,2025-06-13,Texas Rangers,Chicago White Sox,140,145,542888.0,Shawn Armstrong,605288.0,Adrian Houser,Final
777529,2025-06-13,Kansas City Royals,Athletics,118,133,608379.0,Michael Wacha,622663.0,Luis Severino,Final
777527,2025-06-13,Houston Astros,Minnesota Twins,117,142,676467.0,Colton Gordon,663978.0,Chris Paddack,Final
777525,2025-06-13,Milwaukee Brewers,St. Louis Cardinals,158,138,642547.0,Freddy Peralta,607200.0,Erick Fedde,Final
777521,2025-06-13,Arizona Diamondbacks,San Diego Padres,109,135,669194.0,Ryne Nelson,663568.0,Stephen Kolek,Final
777520,2025-06-13,Seattle Mariners,Cleveland Guardians,136,114,622491.0,Luis Castillo,668909.0,Gavin Williams,Final
777522,2025-06-13,Los Angeles Dodgers,San Francisco Giants,119,137,808967.0,Yoshinobu Yamamoto,657277.0,Logan Webb,Final
777514,2025-06-14,Washington Nationals,Miami Marlins,120,146,592866.0,Trevor Williams,806188.0,Cade Gibson,Final
777517,2025-06-14,Detroit Tigers,Cincinnati Reds,116,113,656427.0,Jack Flaherty,663903.0,Brady Singer,Final
777513,2025-06-14,Chicago Cubs,Pittsburgh Pirates,112,134,571510.0,Matthew Boyd,681347.0,Mike Burrows,Final
777519,2025-06-14,Baltimore Orioles,Los Angeles Angels,110,108,608372.0,Tomoyuki Sugano,542881.0,Tyler Anderson,Final
777509,2025-06-14,Philadelphia Phillies,Toronto Blue Jays,143,141,650911.0,Cristopher Sánchez,670102.0,Bowden Francis,Final
777508,2025-06-14,Texas Rangers,Chicago White Sox,140,145,594798.0,Jacob deGrom,678024.0,Mike Vasil,Final
777511,2025-06-14,Kansas City Royals,Athletics,118,133,547179.0,Michael Lorenzen,682052.0,Jacob Lopez,Final
777518,2025-06-14,New York Mets,Tampa Bay Rays,121,139,656731.0,Tylor Megill,656876.0,Drew Rasmussen,Final
777510,2025-06-14,Houston Astros,Minnesota Twins,117,142,686613.0,Hunter Brown,657746.0,Joe Ryan,Final
777523,2025-06-14,Atlanta Braves,Colorado Rockies,144,115,675911.0,Spencer Strider,801403.0,Chase Dollander,Final
777512,2025-06-14,Milwaukee Brewers,St. Louis Cardinals,158,138,500779.0,Jose Quintana,669467.0,Andre Pallante,Final
777515,2025-06-14,Arizona Diamondbacks,San Diego Padres,109,135,668678.0,Zac Gallen,686701.0,Ryan Bergert,Final
777516,2025-06-14,Boston Red Sox,New York Yankees,111,147,690928.0,Hunter Dobbins,607074.0,Carlos Rodón,Final
777507,2025-06-14,Seattle Mariners,Cleveland Guardians,136,114,669923.0,George Kirby,676440.0,Tanner Bibee,Final
777506,2025-06-14,Los Angeles Dodgers,San Francisco Giants,119,137,477132.0,Clayton Kershaw,694738.0,Landen Roupp,Final
777505,2025-06-15,Detroit Tigers,Cincinnati Reds,116,113,663947.0,Tyler Holton,489119.0,Wade Miley,Final
777501,2025-06-15,Baltimore Orioles,Los Angeles Angels,110,108,656240.0,Scott Blewett,579328.0,Yusei Kikuchi,Final
777499,2025-06-15,Philadelphia Phillies,Toronto Blue Jays,143,141,554430.0,Zack Wheeler,621244.0,José Berríos,Final
777504,2025-06-15,Atlanta Braves,Colorado Rockies,144,115,656550.0,Grant Holmes,596295.0,Austin Gomber,Final
777503,2025-06-15,Washington Nationals,Miami Marlins,120,146,669022.0,MacKenzie Gore,691587.0,Eury Pérez,Final
777500,2025-06-15,Boston Red Sox,New York Yankees,111,147,678394.0,Brayan Bello,608331.0,Max Fried,Final
777502,2025-06-15,New York Mets,Tampa Bay Rays,121,139,656288.0,Griffin Canning,669358.0,Shane Baz,Final
777496,2025-06-15,Kansas City Royals,Athletics,118,133,702070.0,Noah Cameron,605488.0,Jeffrey Springs,Final
777494,2025-06-15,Houston Astros,Minnesota Twins,117,142,687888.0,Brandon Walter,680573.0,Simeon Woods Richardson,Final
777492,2025-06-15,Milwaukee Brewers,St. Louis Cardinals,158,138,682990.0,Quinn Priester,571945.0,Miles Mikolas,Final
777497,2025-06-15,Chicago Cubs,Pittsburgh Pirates,112,134,607067.0,Colin Rea,656605.0,Mitch Keller,Final
777493,2025-06-15,Texas Rangers,Chicago White Sox,140,145,677958.0,Kumar Rocker,650644.0,Aaron Civale,Final
777491,2025-06-15,Arizona Diamondbacks,San Diego Padres,109,135,518876.0,Merrill Kelly,601713.0,Nick Pivetta,Final
777495,2025-06-15,Seattle Mariners,Cleveland Guardians,136,114,676106.0,Emerson Hancock,682847.0,Luis Ortiz,Final
777498,2025-06-15,Los Angeles Dodgers,San Francisco Giants,119,137,669160.0,Dustin May,663546.0,Sean Hjelle,Final
777483,2025-06-16,Miami Marlins,Philadelphia Phillies,146,143,645261.0,Sandy Alcantara,690953.0,Mick Abel,Final
777488,2025-06-16,Washington Nationals,Colorado Rockies,120,115,663623.0,Jake Irvin,687223.0,Carson Palmquist,Final
777487,2025-06-16,New York Yankees,Los Angeles Angels,147,108,657376.0,Clarke Schmidt,667755.0,José Soriano,Final
777484,2025-06-16,Tampa Bay Rays,Baltimore Orioles,139,110,686752.0,Ryan Pepiot,621107.0,Zach Eflin,Final
777486,2025-06-16,Seattle Mariners,Boston Red Sox,136,111,669302.0,Logan Gilbert,608337.0,Lucas Giolito,Final
777485,2025-06-16,Athletics,Houston Astros,133,117,687765.0,Mitch Spence,687473.0,Ryan Gusto,Final
777490,2025-06-16,Los Angeles Dodgers,San Diego Padres,119,135,660271.0,Shohei Ohtani,656302.0,Dylan Cease,Final
777481,2025-06-17,Miami Marlins,Philadelphia Phillies,146,143,615698.0,Cal Quantrill,666200.0,Jesús Luzardo,Final
777475,2025-06-17,Detroit Tigers,Pittsburgh Pirates,116,134,663554.0,Casey Mize,663559.0,Bailey Falter,Final
777480,2025-06-17,Washington Nationals,Colorado Rockies,120,115,647336.0,Michael Soroka,622608.0,Antonio Senzatela,Final
777476,2025-06-17,New York Yankees,Los Angeles Angels,147,108,701542.0,Will Warren,543294.0,Kyle Hendricks,Final
777479,2025-06-17,Toronto Blue Jays,Arizona Diamondbacks,141,109,605135.0,Chris Bassitt,694297.0,Brandon Pfaadt,Final
777478,2025-06-17,Cincinnati Reds,Minnesota Twins,113,142,671096.0,Andrew Abbott,701581.0,David Festa,Final
777489,2025-06-17,Atlanta Braves,New York Mets,144,121,680885.0,Spencer Schwellenbach,656849.0,David Peterson,Final
777477,2025-06-17,Tampa Bay Rays,Baltimore Orioles,139,110,641793.0,Zack Littell,665152.0,Dean Kremer,Final
777467,2025-06-17,Chicago White Sox,St. Louis Cardinals,145,138,681343.0,Shane Smith,669461.0,Matthew Liberatore,Final
777468,2025-06-17,Texas Rangers,Kansas City Royals,140,118,683004.0,Jack Leiter,607625.0,Seth Lugo,Final
777482,2025-06-17,Chicago Cubs,Milwaukee Brewers,112,158,676962.0,Ben Brown,694477.0,Chad Patrick,Final
777473,2025-06-17,Seattle Mariners,Boston Red Sox,136,111,693433.0,Bryan Woo,621111.0,Walker Buehler,Final
777472,2025-06-17,San Francisco Giants,Cleveland Guardians,137,114,592662.0,Robbie Ray,677944.0,Slade Cecconi,Final
777469,2025-06-17,Athletics,Houston Astros,133,117,676664.0,JP Sears,669920.0,Jason Alexander,Final
777471,2025-06-17,Los Angeles Dodgers,San Diego Padres,119,135,676263.0,Jack Dreyer,681190.0,Randy Vásquez,Final
777453,2025-06-18,Seattle Mariners,Boston Red Sox,136,111,622491.0,Luis Castillo,676979.0,Garrett Crochet,Final
777465,2025-06-18,Miami Marlins,Philadelphia Phillies,146,143,800049.0,Adam Mazur,624133.0,Ranger Suárez,Final
777461,2025-06-18,Washington Nationals,Colorado Rockies,120,115,680730.0,Mitchell Parker,608566.0,Germán Márquez,Final
777466,2025-06-18,New York Yankees,Los Angeles Angels,147,108,642232.0,Ryan Yarbrough,686799.0,Jack Kochanowicz,Final
777462,2025-06-18,Toronto Blue Jays,Arizona Diamondbacks,141,109,641778.0,Eric Lauer,593958.0,Eduardo Rodriguez,Final
777474,2025-06-18,Cincinnati Reds,Minnesota Twins,113,142,666157.0,Nick Lodolo,641927.0,Bailey Ober,Completed Early
777470,2025-06-18,Atlanta Braves,New York Mets,144,121,519242.0,Chris Sale,621112.0,Paul Blackburn,Final
777463,2025-06-18,Tampa Bay Rays,Baltimore Orioles,139,110,671737.0,Taj Bradley,669432.0,Trevor Rogers,Final
777460,2025-06-18,Texas Rangers,Kansas City Royals,140,118,571578.0,Patrick Corbin,663460.0,Kris Bubic,Final
777454,2025-06-18,San Francisco Giants,Cleveland Guardians,137,114,434378.0,Justin Verlander,671106.0,Logan Allen,Final
777456,2025-06-18,Athletics,Houston Astros,133,117,622663.0,Luis Severino,664285.0,Framber Valdez,Final
777457,2025-06-18,Los Angeles Dodgers,San Diego Padres,119,135,686218.0,Emmet Sheehan,663568.0,Stephen Kolek,Final
777464,2025-06-18,Detroit Tigers,Pittsburgh Pirates,116,134,669373.0,Tarik Skubal,571760.0,Andrew Heaney,Postponed
777458,2025-06-18,Chicago White Sox,St. Louis Cardinals,145,138,680732.0,Sean Burke,543243.0,Sonny Gray,Postponed
777459,2025-06-18,Chicago Cubs,Milwaukee Brewers,112,158,592791.0,Jameson Taillon,694819.0,Jacob Misiorowski,Postponed
777452,2025-06-19,Cincinnati Reds,Minnesota Twins,113,142,607259.0,Nick Martinez,663978.0,Chris Paddack,Final
777445,2025-06-19,Washington Nationals,Colorado Rockies,120,115,592866.0,Trevor Williams,801403.0,Chase Dollander,Final
777449,2025-06-19,New York Yankees,Los Angeles Angels,147,108,607074.0,Carlos Rodón,542881.0,Tyler Anderson,Final
777451,2025-06-19,Detroit Tigers,Pittsburgh Pirates,116,134,669373.0,Tarik Skubal,571760.0,Andrew Heaney,Final
777447,2025-06-19,Chicago White Sox,St. Louis Cardinals,145,138,680732.0,Sean Burke,607200.0,Erick Fedde,Final
777450,2025-06-19,Chicago Cubs,Milwaukee Brewers,112,158,592791.0,Jameson Taillon,642547.0,Freddy Peralta,Final
777443,2025-06-19,Texas Rangers,Kansas City Royals,140,118,542888.0,Shawn Armstrong,608379.0,Michael Wacha,Final
777448,2025-06-19,Toronto Blue Jays,Arizona Diamondbacks,141,109,592332.0,Kevin Gausman,669194.0,Ryne Nelson,Final
777440,2025-06-19,San Francisco Giants,Cleveland Guardians,137,114,657277.0,Logan Webb,668909.0,Gavin Williams,Final
777444,2025-06-19,Miami Marlins,Philadelphia Phillies,146,143,665795.0,Edward Cabrera,650911.0,Cristopher Sánchez,Final
777455,2025-06-19,Atlanta Braves,New York Mets,144,121,675911.0,Spencer Strider,605280.0,Clay Holmes,Final
777446,2025-06-19,Tampa Bay Rays,Baltimore Orioles,139,110,656876.0,Drew Rasmussen,450203.0,Charlie Morton,Final
777441,2025-06-19,Athletics,Houston Astros,133,117,682052.0,Jacob Lopez,676467.0,Colton Gordon,Final
777442,2025-06-19,Los Angeles Dodgers,San Diego Padres,119,135,808967.0,Yoshinobu Yamamoto,686701.0,Ryan Bergert,Final
777436,2025-06-20,Chicago Cubs,Seattle Mariners,112,136,571510.0,Matthew Boyd,669923.0,George Kirby,Final
777432,2025-06-20,Pittsburgh Pirates,Texas Rangers,134,140,681347.0,Mike Burrows,594798.0,Jacob deGrom,Final
777431,2025-06-20,Tampa Bay Rays,Detroit Tigers,139,116,669358.0,Shane Baz,656427.0,Jack Flaherty,Final
777438,2025-06-20,New York Yankees,Baltimore Orioles,147,110,608331.0,Max Fried,608372.0,Tomoyuki Sugano,Final
777435,2025-06-20,Toronto Blue Jays,Chicago White Sox,141,145,605513.0,Spencer Turnbull,691799.0,Grant Taylor,Final
777439,2025-06-20,Miami Marlins,Atlanta Braves,146,144,676083.0,Janson Junk,800311.0,Didier Fuentes,Final
777433,2025-06-20,St. Louis Cardinals,Cincinnati Reds,138,113,669467.0,Andre Pallante,663903.0,Brady Singer,Final
777437,2025-06-20,Philadelphia Phillies,New York Mets,143,121,554430.0,Zack Wheeler,694918.0,Blade Tidwell,Final
777434,2025-06-20,Minnesota Twins,Milwaukee Brewers,142,158,657746.0,Joe Ryan,694819.0,Jacob Misiorowski,Final
777430,2025-06-20,Colorado Rockies,Arizona Diamondbacks,115,109,596295.0,Austin Gomber,668678.0,Zac Gallen,Final
777428,2025-06-20,Los Angeles Angels,Houston Astros,108,117,579328.0,Yusei Kikuchi,686613.0,Hunter Brown,Final
777426,2025-06-20,San Diego Padres,Kansas City Royals,135,118,601713.0,Nick Pivetta,547179.0,Michael Lorenzen,Final
777429,2025-06-20,Athletics,Cleveland Guardians,133,114,605488.0,Jeffrey Springs,676440.0,Tanner Bibee,Final
777427,2025-06-20,Los Angeles Dodgers,Washington Nationals,119,120,477132.0,Clayton Kershaw,669022.0,MacKenzie Gore,Final
777425,2025-06-20,San Francisco Giants,Boston Red Sox,137,111,806185.0,Hayden Birdsong,690928.0,Hunter Dobbins,Final
777420,2025-06-21,Tampa Bay Rays,Detroit Tigers,139,116,686752.0,Ryan Pepiot,687830.0,Sawyer Gipson-Long,Final
777422,2025-06-21,New York Yankees,Baltimore Orioles,147,110,657376.0,Clarke Schmidt,621107.0,Zach Eflin,Final
777412,2025-06-21,Minnesota Twins,Milwaukee Brewers,142,158,680573.0,Simeon Woods Richardson,500779.0,Jose Quintana,Final
777415,2025-06-21,St. Louis Cardinals,Cincinnati Reds,138,113,543243.0,Sonny Gray,608718.0,Brent Suter,Final
777419,2025-06-21,Chicago Cubs,Seattle Mariners,112,136,690990.0,Cade Horton,676106.0,Emerson Hancock,Final
777418,2025-06-21,Toronto Blue Jays,Chicago White Sox,141,145,621244.0,José Berríos,650644.0,Aaron Civale,Final
777417,2025-06-21,San Francisco Giants,Boston Red Sox,137,111,694738.0,Landen Roupp,678394.0,Brayan Bello,Final
777421,2025-06-21,Pittsburgh Pirates,Texas Rangers,134,140,656605.0,Mitch Keller,677958.0,Kumar Rocker,Final
777424,2025-06-21,Miami Marlins,Atlanta Braves,146,144,691587.0,Eury Pérez,656550.0,Grant Holmes,Final
777413,2025-06-21,San Diego Padres,Kansas City Royals,135,118,656302.0,Dylan Cease,702070.0,Noah Cameron,Final
777423,2025-06-21,Philadelphia Phillies,New York Mets,143,121,690953.0,Mick Abel,656288.0,Griffin Canning,Final
777410,2025-06-21,Colorado Rockies,Arizona Diamondbacks,115,109,687223.0,Carson Palmquist,518876.0,Merrill Kelly,Final
777414,2025-06-21,Los Angeles Angels,Houston Astros,108,117,667755.0,José Soriano,687888.0,Brandon Walter,Final
777411,2025-06-21,Athletics,Cleveland Guardians,133,114,687765.0,Mitch Spence,682847.0,Luis Ortiz,Final
777416,2025-06-21,Los Angeles Dodgers,Washington Nationals,119,120,669160.0,Dustin May,663623.0,Jake Irvin,Final
777406,2025-06-22,New York Yankees,Baltimore Orioles,147,110,701542.0,Will Warren,665152.0,Dean Kremer,Final
777409,2025-06-22,Tampa Bay Rays,Detroit Tigers,139,116,641793.0,Zack Littell,663554.0,Casey Mize,Final
777404,2025-06-22,Pittsburgh Pirates,Texas Rangers,134,140,663559.0,Bailey Falter,683004.0,Jack Leiter,Final
777408,2025-06-22,Toronto Blue Jays,Chicago White Sox,141,145,605135.0,Chris Bassitt,605288.0,Adrian Houser,Final
777402,2025-06-22,Miami Marlins,Atlanta Braves,146,144,645261.0,Sandy Alcantara,693821.0,Bryce Elder,Final
777401,2025-06-22,Minnesota Twins,Milwaukee Brewers,142,158,543056.0,Danny Coulombe,682990.0,Quinn Priester,Final
777407,2025-06-22,St. Louis Cardinals,Cincinnati Reds,138,113,571945.0,Miles Mikolas,671096.0,Andrew Abbott,Final
777403,2025-06-22,Chicago Cubs,Seattle Mariners,112,136,607067.0,Colin Rea,669302.0,Logan Gilbert,Final
777399,2025-06-22,Colorado Rockies,Arizona Diamondbacks,115,109,622608.0,Antonio Senzatela,694297.0,Brandon Pfaadt,Final
777400,2025-06-22,Athletics,Cleveland Guardians,133,114,676664.0,JP Sears,677944.0,Slade Cecconi,Final
777395,2025-06-22,San Francisco Giants,Boston Red Sox,137,111,592662.0,Robbie Ray,608337.0,Lucas Giolito,Final
777397,2025-06-22,Los Angeles Angels,Houston Astros,108,117,543294.0,Kyle Hendricks,687473.0,Ryan Gusto,Final
777398,2025-06-22,Los Angeles Dodgers,Washington Nationals,119,120,660271.0,Shohei Ohtani,647336.0,Michael Soroka,Final
777396,2025-06-22,San Diego Padres,Kansas City Royals,135,118,681190.0,Randy Vásquez,607625.0,Seth Lugo,Final
777405,2025-06-22,Philadelphia Phillies,New York Mets,143,121,666200.0,Jesús Luzardo,656849.0,David Peterson,Final
777394,2025-06-23,Baltimore Orioles,Texas Rangers,110,140,669432.0,Trevor Rogers,571578.0,Patrick Corbin,Final
777389,2025-06-23,New York Mets,Atlanta Braves,121,144,621112.0,Paul Blackburn,680885.0,Spencer Schwellenbach,Final
777390,2025-06-23,Cincinnati Reds,New York Yankees,113,147,666157.0,Nick Lodolo,642216.0,Allan Winans,Final
777388,2025-06-23,Minnesota Twins,Seattle Mariners,142,136,641927.0,Bailey Ober,693433.0,Bryan Woo,Final
777393,2025-06-23,Chicago White Sox,Arizona Diamondbacks,145,109,681343.0,Shane Smith,593958.0,Eduardo Rodriguez,Final
777391,2025-06-23,Milwaukee Brewers,Pittsburgh Pirates,158,134,694477.0,Chad Patrick,677952.0,Braxton Ashcraft,Final
777392,2025-06-23,St. Louis Cardinals,Chicago Cubs,138,112,669461.0,Matthew Liberatore,676962.0,Ben Brown,Final
777381,2025-06-23,Los Angeles Angels,Boston Red Sox,108,111,686799.0,Jack Kochanowicz,621111.0,Walker Buehler,Final
777382,2025-06-23,San Diego Padres,Washington Nationals,135,120,663568.0,Stephen Kolek,680730.0,Mitchell Parker,Final
777380,2025-06-24,Baltimore Orioles,Texas Rangers,110,140,450203.0,Charlie Morton,656641.0,Jacob Latz,Final
777386,2025-06-24,Detroit Tigers,Athletics,116,133,669373.0,Tarik Skubal,622663.0,Luis Severino,Final
777384,2025-06-24,Cleveland Guardians,Toronto Blue Jays,114,141,671106.0,Logan Allen,641778.0,Eric Lauer,Final
777387,2025-06-24,New York Mets,Atlanta Braves,121,144,593423.0,Frankie Montas,675911.0,Spencer Strider,Final
777385,2025-06-24,Cincinnati Reds,New York Yankees,113,147,695505.0,Chase Burns,607074.0,Carlos Rodón,Final
777378,2025-06-24,Kansas City Royals,Tampa Bay Rays,118,139,663460.0,Kris Bubic,671737.0,Taj Bradley,Final
777375,2025-06-24,Minnesota Twins,Seattle Mariners,142,136,663978.0,Chris Paddack,622491.0,Luis Castillo,Final
777383,2025-06-24,Chicago White Sox,Arizona Diamondbacks,145,109,673929.0,Jordan Leasure,669194.0,Ryne Nelson,Final
777374,2025-06-24,Milwaukee Brewers,Pittsburgh Pirates,158,134,642547.0,Freddy Peralta,571760.0,Andrew Heaney,Final
777373,2025-06-24,St. Louis Cardinals,Chicago Cubs,138,112,700241.0,Michael McGreevy,592791.0,Jameson Taillon,Final
777377,2025-06-24,Houston Astros,Philadelphia Phillies,117,143,664285.0,Framber Valdez,624133.0,Ranger Suárez,Final
777379,2025-06-24,Colorado Rockies,Los Angeles Dodgers,115,119,608566.0,Germán Márquez,676263.0,Jack Dreyer,Final
777376,2025-06-24,Los Angeles Angels,Boston Red Sox,108,111,542881.0,Tyler Anderson,676979.0,Garrett Crochet,Final
777372,2025-06-24,San Diego Padres,Washington Nationals,135,120,686701.0,Ryan Bergert,592866.0,Trevor Williams,Final
777364,2025-06-24,San Francisco Giants,Miami Marlins,137,146,434378.0,Justin Verlander,615698.0,Cal Quantrill,Final
777370,2025-06-25,Chicago White Sox,Arizona Diamondbacks,145,109,680732.0,Sean Burke,668678.0,Zac Gallen,Final
777361,2025-06-25,Milwaukee Brewers,Pittsburgh Pirates,158,134,694819.0,Jacob Misiorowski,694973.0,Paul Skenes,Final
777362,2025-06-25,Los Angeles Angels,Boston Red Sox,108,111,579328.0,Yusei Kikuchi,690916.0,Richard Fitts,Final
777360,2025-06-25,San Diego Padres,Washington Nationals,135,120,601713.0,Nick Pivetta,669022.0,MacKenzie Gore,Final
777365,2025-06-25,Baltimore Orioles,Texas Rangers,110,140,687064.0,Brandon Young,594798.0,Jacob deGrom,Final
777371,2025-06-25,Detroit Tigers,Athletics,116,133,656427.0,Jack Flaherty,682052.0,Jacob Lopez,Final
777368,2025-06-25,Cleveland Guardians,Toronto Blue Jays,114,141,668909.0,Gavin Williams,453286.0,Max Scherzer,Final
777369,2025-06-25,New York Mets,Atlanta Braves,121,144,605280.0,Clay Holmes,800311.0,Didier Fuentes,Final
777367,2025-06-25,Cincinnati Reds,New York Yankees,113,147,663903.0,Brady Singer,608331.0,Max Fried,Final
777359,2025-06-25,Kansas City Royals,Tampa Bay Rays,118,139,608379.0,Michael Wacha,656876.0,Drew Rasmussen,Final
777363,2025-06-25,Minnesota Twins,Seattle Mariners,142,136,657746.0,Joe Ryan,669923.0,George Kirby,Final
777357,2025-06-25,St. Louis Cardinals,Chicago Cubs,138,112,607200.0,Erick Fedde,571510.0,Matthew Boyd,Final
777366,2025-06-25,Houston Astros,Philadelphia Phillies,117,143,676467.0,Colton Gordon,554430.0,Zack Wheeler,Final
777358,2025-06-25,Colorado Rockies,Los Angeles Dodgers,115,119,801403.0,Chase Dollander,808967.0,Yoshinobu Yamamoto,Final
777355,2025-06-25,San Francisco Giants,Miami Marlins,137,146,657277.0,Logan Webb,665795.0,Edward Cabrera,Final
777351,2025-06-26,Detroit Tigers,Athletics,116,133,608650.0,Dietrich Enns,605488.0,Jeffrey Springs,Final
777354,2025-06-26,Cleveland Guardians,Toronto Blue Jays,114,141,676440.0,Tanner Bibee,592332.0,Kevin Gausman,Final
777356,2025-06-26,Minnesota Twins,Seattle Mariners,142,136,680573.0,Simeon Woods Richardson,676106.0,Emerson Hancock,Final
777353,2025-06-26,Kansas City Royals,Tampa Bay Rays,118,139,547179.0,Michael Lorenzen,669358.0,Shane Baz,Final
777350,2025-06-26,Houston Astros,Philadelphia Phillies,117,143,686613.0,Hunter Brown,650911.0,Cristopher Sánchez,Final
777348,2025-06-26,St. Louis Cardinals,Chicago Cubs,138,112,669467.0,Andre Pallante,684007.0,Shota Imanaga,Final
777344,2025-06-26,Colorado Rockies,Los Angeles Dodgers,115,119,596295.0,Austin Gomber,477132.0,Clayton Kershaw,Final
777347,2025-06-26,San Francisco Giants,Miami Marlins,137,146,806185.0,Hayden Birdsong,676083.0,Janson Junk,Final
777352,2025-06-26,New York Mets,Atlanta Braves,121,144,656288.0,Griffin Canning,656550.0,Grant Holmes,Final
777341,2025-06-27,Pittsburgh Pirates,New York Mets,134,121,656605.0,Mitch Keller,656849.0,David Peterson,Final
777343,2025-06-27,Baltimore Orioles,Tampa Bay Rays,110,139,608372.0,Tomoyuki Sugano,686752.0,Ryan Pepiot,Final
777337,2025-06-27,New York Yankees,Athletics,147,133,701542.0,Will Warren,687765.0,Mitch Spence,Final
777346,2025-06-27,Cincinnati Reds,San Diego Padres,113,135,607259.0,Nick Martinez,656302.0,Dylan Cease,Final
777349,2025-06-27,Cleveland Guardians,St. Louis Cardinals,114,138,682847.0,Luis Ortiz,543243.0,Sonny Gray,Final
777345,2025-06-27,Boston Red Sox,Toronto Blue Jays,111,141,678394.0,Brayan Bello,621244.0,José Berríos,Final
777334,2025-06-27,Detroit Tigers,Minnesota Twins,116,142,687830.0,Sawyer Gipson-Long,701581.0,David Festa,Final
777342,2025-06-27,Atlanta Braves,Philadelphia Phillies,144,143,693821.0,Bryce Elder,690953.0,Mick Abel,Final
777338,2025-06-27,Chicago White Sox,San Francisco Giants,145,137,650644.0,Aaron Civale,694738.0,Landen Roupp,Final
777340,2025-06-27,Texas Rangers,Seattle Mariners,140,136,543135.0,Nathan Eovaldi,669302.0,Logan Gilbert,Final
777336,2025-06-27,Houston Astros,Chicago Cubs,117,112,687888.0,Brandon Walter,690990.0,Cade Horton,Final
777335,2025-06-27,Kansas City Royals,Los Angeles Dodgers,118,119,702070.0,Noah Cameron,669160.0,Dustin May,Final
777339,2025-06-27,Milwaukee Brewers,Colorado Rockies,158,115,500779.0,Jose Quintana,607536.0,Kyle Freeland,Final
777331,2025-06-27,Los Angeles Angels,Washington Nationals,108,120,667755.0,José Soriano,663623.0,Jake Irvin,Final
777332,2025-06-27,Arizona Diamondbacks,Miami Marlins,109,146,518876.0,Merrill Kelly,691587.0,Eury Pérez,Final
777326,2025-06-28,New York Yankees,Athletics,147,133,657376.0,Clarke Schmidt,676664.0,JP Sears,Final
777324,2025-06-28,Detroit Tigers,Minnesota Twins,116,142,663554.0,Casey Mize,641927.0,Bailey Ober,Final
777325,2025-06-28,Pittsburgh Pirates,New York Mets,134,121,663559.0,Bailey Falter,621112.0,Paul Blackburn,Final
777330,2025-06-28,Baltimore Orioles,Tampa Bay Rays,110,139,621107.0,Zach Eflin,641793.0,Zack Littell,Final
777322,2025-06-28,Texas Rangers,Seattle Mariners,140,136,677958.0,Kumar Rocker,693433.0,Bryan Woo,Final
777319,2025-06-28,Kansas City Royals,Los Angeles Dodgers,118,119,607625.0,Seth Lugo,660271.0,Shohei Ohtani,Final
777328,2025-06-28,Cincinnati Reds,San Diego Padres,113,135,671096.0,Andrew Abbott,681190.0,Randy Vásquez,Final
777329,2025-06-28,Cleveland Guardians,St. Louis Cardinals,114,138,677944.0,Slade Cecconi,571945.0,Miles Mikolas,Final
777323,2025-06-28,Boston Red Sox,Toronto Blue Jays,111,141,608337.0,Lucas Giolito,605135.0,Chris Bassitt,Final
777327,2025-06-28,Chicago White Sox,San Francisco Giants,145,137,605288.0,Adrian Houser,592662.0,Robbie Ray,Final
777318,2025-06-28,Arizona Diamondbacks,Miami Marlins,109,146,694297.0,Brandon Pfaadt,645261.0,Sandy Alcantara,Final
777321,2025-06-28,Milwaukee Brewers,Colorado Rockies,158,115,682990.0,Quinn Priester,622608.0,Antonio Senzatela,Final
777320,2025-06-28,Houston Astros,Chicago Cubs,117,112,621121.0,Lance McCullers Jr.,607067.0,Colin Rea,Final
777333,2025-06-28,Atlanta Braves,Philadelphia Phillies,144,143,680885.0,Spencer Schwellenbach,666200.0,Jesús Luzardo,Final
777315,2025-06-28,Los Angeles Angels,Washington Nationals,108,120,543294.0,Kyle Hendricks,647336.0,Michael Soroka,Final
777309,2025-06-29,Cleveland Guardians,St. Louis Cardinals,114,138,671106.0,Logan Allen,669461.0,Matthew Liberatore,Final
777313,2025-06-29,Pittsburgh Pirates,New York Mets,134,121,681347.0,Mike Burrows,593423.0,Frankie Montas,Final
777317,2025-06-29,Baltimore Orioles,Tampa Bay Rays,110,139,665152.0,Dean Kremer,671737.0,Taj Bradley,Final
777310,2025-06-29,Boston Red Sox,Toronto Blue Jays,111,141,621111.0,Walker Buehler,641778.0,Eric Lauer,Final
777316,2025-06-29,Atlanta Braves,Philadelphia Phillies,144,143,675911.0,Spencer Strider,624133.0,Ranger Suárez,Final
777307,2025-06-29,New York Yankees,Athletics,147,133,573186.0,Marcus Stroman,622663.0,Luis Severino,Final
777312,2025-06-29,Cincinnati Reds,San Diego Padres,113,135,666157.0,Nick Lodolo,663568.0,Stephen Kolek,Final
777308,2025-06-29,Houston Astros,Chicago Cubs,117,112,664285.0,Framber Valdez,592791.0,Jameson Taillon,Final
777304,2025-06-29,Kansas City Royals,Los Angeles Dodgers,118,119,663460.0,Kris Bubic,642152.0,Lou Trivino,Final
777311,2025-06-29,Chicago White Sox,San Francisco Giants,145,137,686563.0,Jonathan Cannon,434378.0,Justin Verlander,Final
777301,2025-06-29,Milwaukee Brewers,Colorado Rockies,158,115,694477.0,Chad Patrick,608566.0,Germán Márquez,Final
777302,2025-06-29,Texas Rangers,Seattle Mariners,140,136,683004.0,Jack Leiter,622491.0,Luis Castillo,Final
777305,2025-06-29,Los Angeles Angels,Washington Nationals,108,120,686799.0,Jack Kochanowicz,680730.0,Mitchell Parker,Final
777303,2025-06-29,Arizona Diamondbacks,Miami Marlins,109,146,593958.0,Eduardo Rodriguez,615698.0,Cal Quantrill,Final
777314,2025-06-29,Detroit Tigers,Minnesota Twins,116,142,669373.0,Tarik Skubal,663978.0,Chris Paddack,Final
777306,2025-06-30,Philadelphia Phillies,San Diego Padres,143,135,554430.0,Zack Wheeler,663362.0,Matt Waldron,Final
777299,2025-06-30,Pittsburgh Pirates,St. Louis Cardinals,134,138,571760.0,Andrew Heaney,607200.0,Erick Fedde,Final
777295,2025-06-30,Toronto Blue Jays,New York Yankees,141,147,453286.0,Max Scherzer,607074.0,Carlos Rodón,Final
777300,2025-06-30,Boston Red Sox,Cincinnati Reds,111,113,676979.0,Garrett Crochet,695505.0,Chase Burns,Final
777296,2025-06-30,Tampa Bay Rays,Athletics,139,133,656876.0,Drew Rasmussen,682052.0,Jacob Lopez,Final
777292,2025-06-30,Texas Rangers,Baltimore Orioles,140,110,571578.0,Patrick Corbin,669432.0,Trevor Rogers,Final
777297,2025-06-30,Seattle Mariners,Kansas City Royals,136,118,669923.0,George Kirby,608379.0,Michael Wacha,Final
777291,2025-06-30,Arizona Diamondbacks,San Francisco Giants,109,137,669194.0,Ryne Nelson,657277.0,Logan Webb,Final
777283,2025-07-01,Toronto Blue Jays,New York Yankees,141,147,592332.0,Kevin Gausman,608331.0,Max Fried,Final
777288,2025-07-01,Pittsburgh Pirates,St. Louis Cardinals,134,138,694973.0,Paul Skenes,669467.0,Andre Pallante,Final
777293,2025-07-01,Miami Marlins,Minnesota Twins,146,142,665795.0,Edward Cabrera,657746.0,Joe Ryan,Final
777286,2025-07-01,Tampa Bay Rays,Athletics,139,133,669358.0,Shane Baz,605488.0,Jeffrey Springs,Final
777294,2025-07-01,Boston Red Sox,Cincinnati Reds,111,113,690916.0,Richard Fitts,663903.0,Brady Singer,Final
777298,2025-07-01,Atlanta Braves,Los Angeles Angels,144,108,656550.0,Grant Holmes,542881.0,Tyler Anderson,Final
777287,2025-07-01,Chicago Cubs,Cleveland Guardians,112,114,571510.0,Matthew Boyd,668909.0,Gavin Williams,Final
777282,2025-07-01,Texas Rangers,Baltimore Orioles,140,110,594798.0,Jacob deGrom,687064.0,Brandon Young,Final
777285,2025-07-01,Colorado Rockies,Houston Astros,115,117,801403.0,Chase Dollander,676467.0,Colton Gordon,Final
777281,2025-07-01,Seattle Mariners,Kansas City Royals,136,118,676106.0,Emerson Hancock,547179.0,Michael Lorenzen,Final
777278,2025-07-01,Arizona Diamondbacks,San Francisco Giants,109,137,668678.0,Zac Gallen,806185.0,Hayden Birdsong,Final
777280,2025-07-01,Los Angeles Dodgers,Chicago White Sox,119,145,808967.0,Yoshinobu Yamamoto,681343.0,Shane Smith,Final
777290,2025-07-01,Philadelphia Phillies,San Diego Padres,143,135,650911.0,Cristopher Sánchez,601713.0,Nick Pivetta,Postponed
777284,2025-07-01,Washington Nationals,Detroit Tigers,120,116,592866.0,Trevor Williams,656427.0,Jack Flaherty,Postponed
777289,2025-07-01,New York Mets,Milwaukee Brewers,121,158,605280.0,Clay Holmes,642547.0,Freddy Peralta,Postponed
777271,2025-07-02,Tampa Bay Rays,Athletics,139,133,686752.0,Ryan Pepiot,687765.0,Mitch Spence,Final
777272,2025-07-02,Pittsburgh Pirates,St. Louis Cardinals,134,138,656605.0,Mitch Keller,543243.0,Sonny Gray,Final
777265,2025-07-02,Washington Nationals,Detroit Tigers,120,116,669022.0,MacKenzie Gore,656427.0,Jack Flaherty,Final
777273,2025-07-02,Philadelphia Phillies,San Diego Padres,143,135,690953.0,Mick Abel,601713.0,Nick Pivetta,Final
777276,2025-07-02,New York Mets,Milwaukee Brewers,121,158,623211.0,Huascar Brazobán,694819.0,Jacob Misiorowski,Final
777275,2025-07-02,Miami Marlins,Minnesota Twins,146,142,676083.0,Janson Junk,680573.0,Simeon Woods Richardson,Final
777274,2025-07-02,Toronto Blue Jays,New York Yankees,141,147,621244.0,José Berríos,701542.0,Will Warren,Final
777277,2025-07-02,Boston Red Sox,Cincinnati Reds,111,113,657514.0,Brennan Bernardino,607259.0,Nick Martinez,Final
777279,2025-07-02,Atlanta Braves,Los Angeles Angels,144,108,800311.0,Didier Fuentes,579328.0,Yusei Kikuchi,Final
777266,2025-07-02,Chicago Cubs,Cleveland Guardians,112,114,684007.0,Shota Imanaga,676440.0,Tanner Bibee,Final
777268,2025-07-02,Texas Rangers,Baltimore Orioles,140,110,543135.0,Nathan Eovaldi,608372.0,Tomoyuki Sugano,Final
777269,2025-07-02,Colorado Rockies,Houston Astros,115,117,596295.0,Austin Gomber,686613.0,Hunter Brown,Final
777262,2025-07-02,Seattle Mariners,Kansas City Royals,136,118,669302.0,Logan Gilbert,702070.0,Noah Cameron,Final
777270,2025-07-02,Arizona Diamondbacks,San Francisco Giants,109,137,518876.0,Merrill Kelly,694738.0,Landen Roupp,Final
777267,2025-07-02,Los Angeles Dodgers,Chicago White Sox,119,145,477132.0,Clayton Kershaw,685126.0,Brandon Eisert,Final
777263,2025-07-03,Miami Marlins,Minnesota Twins,146,142,691587.0,Eury Pérez,701581.0,David Festa,Final
777264,2025-07-03,Colorado Rockies,Houston Astros,115,117,607536.0,Kyle Freeland,687888.0,Brandon Walter,Final
777258,2025-07-03,Washington Nationals,Detroit Tigers,120,116,663623.0,Jake Irvin,608650.0,Dietrich Enns,Final
777260,2025-07-03,Toronto Blue Jays,New York Yankees,141,147,605135.0,Chris Bassitt,657376.0,Clarke Schmidt,Final
777257,2025-07-03,New York Mets,Milwaukee Brewers,121,158,656849.0,David Peterson,500779.0,Jose Quintana,Final
777261,2025-07-03,Atlanta Braves,Los Angeles Angels,144,108,693821.0,Bryce Elder,667755.0,José Soriano,Final
777259,2025-07-03,Chicago Cubs,Cleveland Guardians,112,114,690990.0,Cade Horton,676282.0,Joey Cantillo,Final
777256,2025-07-03,Arizona Diamondbacks,San Francisco Giants,109,137,694297.0,Brandon Pfaadt,592662.0,Robbie Ray,Final
777251,2025-07-03,Seattle Mariners,Kansas City Royals,136,118,688138.0,Logan Evans,607625.0,Seth Lugo,Final
777253,2025-07-03,Los Angeles Dodgers,Chicago White Sox,119,145,669160.0,Dustin May,650644.0,Aaron Civale,Final
777245,2025-07-04,Washington Nationals,Boston Red Sox,120,111,647336.0,Michael Soroka,608337.0,Lucas Giolito,Final
777255,2025-07-04,Philadelphia Phillies,Cincinnati Reds,143,113,666200.0,Jesús Luzardo,671096.0,Andrew Abbott,Final
777246,2025-07-04,Chicago Cubs,St. Louis Cardinals,112,138,607067.0,Colin Rea,571945.0,Miles Mikolas,Final
777250,2025-07-04,New York Mets,New York Yankees,121,147,663795.0,Justin Hagenman,573186.0,Marcus Stroman,Final
777236,2025-07-04,Seattle Mariners,Pittsburgh Pirates,136,134,693433.0,Bryan Woo,663559.0,Bailey Falter,Final
777247,2025-07-04,Minnesota Twins,Tampa Bay Rays,142,139,663978.0,Chris Paddack,641793.0,Zack Littell,Final
777239,2025-07-04,San Diego Padres,Texas Rangers,135,140,681190.0,Randy Vásquez,677958.0,Kumar Rocker,Final
777242,2025-07-04,Toronto Blue Jays,Los Angeles Angels,141,108,641778.0,Eric Lauer,543294.0,Kyle Hendricks,Final
777249,2025-07-04,Cleveland Guardians,Detroit Tigers,114,116,677944.0,Slade Cecconi,681857.0,Reese Olson,Final
777254,2025-07-04,Miami Marlins,Milwaukee Brewers,146,158,645261.0,Sandy Alcantara,682990.0,Quinn Priester,Final
777252,2025-07-04,Atlanta Braves,Baltimore Orioles,144,110,675911.0,Spencer Strider,450203.0,Charlie Morton,Final
777243,2025-07-04,Colorado Rockies,Chicago White Sox,115,145,622608.0,Antonio Senzatela,605288.0,Adrian Houser,Final
777235,2025-07-04,Los Angeles Dodgers,Houston Astros,119,117,676508.0,Ben Casparius,621121.0,Lance McCullers Jr.,Final
777248,2025-07-04,Arizona Diamondbacks,Kansas City Royals,109,118,593958.0,Eduardo Rodriguez,663460.0,Kris Bubic,Final
777244,2025-07-04,Athletics,San Francisco Giants,133,137,676664.0,JP Sears,434378.0,Justin Verlander,Final
777230,2025-07-05,Minnesota Twins,Tampa Bay Rays,142,139,663485.0,Cole Sands,671737.0,Taj Bradley,Final
777229,2025-07-05,Chicago Cubs,St. Louis Cardinals,112,138,519141.0,Drew Pomeranz,669461.0,Matthew Liberatore,Final
777231,2025-07-05,Toronto Blue Jays,Los Angeles Angels,141,108,453286.0,Max Scherzer,686799.0,Jack Kochanowicz,Final
777228,2025-07-05,Washington Nationals,Boston Red Sox,120,111,680730.0,Mitchell Parker,621111.0,Walker Buehler,Final
777233,2025-07-05,Philadelphia Phillies,Cincinnati Reds,143,113,624133.0,Ranger Suárez,666157.0,Nick Lodolo,Final
777234,2025-07-05,Arizona Diamondbacks,Kansas City Royals,109,118,669194.0,Ryne Nelson,608379.0,Michael Wacha,Final
777237,2025-07-05,Atlanta Braves,Baltimore Orioles,144,110,607481.0,Aaron Bummer,665152.0,Dean Kremer,Final
777241,2025-07-05,New York Mets,New York Yankees,121,147,593423.0,Frankie Montas,607074.0,Carlos Rodón,Final
777238,2025-07-05,Miami Marlins,Milwaukee Brewers,146,158,615698.0,Cal Quantrill,694477.0,Chad Patrick,Final
777240,2025-07-05,Cleveland Guardians,Detroit Tigers,114,116,671106.0,Logan Allen,663554.0,Casey Mize,Final
777221,2025-07-05,Los Angeles Dodgers,Houston Astros,119,117,660271.0,Shohei Ohtani,664285.0,Framber Valdez,Final
777232,2025-07-05,Colorado Rockies,Chicago White Sox,115,145,608566.0,Germán Márquez,686563.0,Jonathan Cannon,Final
777223,2025-07-05,San Diego Padres,Texas Rangers,135,140,663568.0,Stephen Kolek,571578.0,Patrick Corbin,Final
777227,2025-07-05,Athletics,San Francisco Giants,133,137,622663.0,Luis Severino,657277.0,Logan Webb,Final
777225,2025-07-05,Seattle Mariners,Pittsburgh Pirates,136,134,622491.0,Luis Castillo,681347.0,Mike Burrows,Final
777222,2025-07-06,Atlanta Braves,Baltimore Orioles,144,110,656550.0,Grant Holmes,669432.0,Trevor Rogers,Final
777213,2025-07-06,Washington Nationals,Boston Red Sox,120,111,829272.0,Shinnosuke Ogasawara,676979.0,Garrett Crochet,Final
777217,2025-07-06,Philadelphia Phillies,Cincinnati Reds,143,113,554430.0,Zack Wheeler,695505.0,Chase Burns,Final
777214,2025-07-06,Toronto Blue Jays,Los Angeles Angels,141,108,592332.0,Kevin Gausman,542881.0,Tyler Anderson,Final
777226,2025-07-06,Cleveland Guardians,Detroit Tigers,114,116,668909.0,Gavin Williams,669373.0,Tarik Skubal,Final
777216,2025-07-06,New York Mets,New York Yankees,121,147,606965.0,Chris Devenski,608331.0,Max Fried,Final
777224,2025-07-06,Miami Marlins,Milwaukee Brewers,146,158,665795.0,Edward Cabrera,605540.0,Brandon Woodruff,Final
777220,2025-07-06,Minnesota Twins,Tampa Bay Rays,142,139,657746.0,Joe Ryan,656876.0,Drew Rasmussen,Final
777215,2025-07-06,Colorado Rockies,Chicago White Sox,115,145,801403.0,Chase Dollander,681343.0,Shane Smith,Final
777218,2025-07-06,Arizona Diamondbacks,Kansas City Royals,109,118,543101.0,Anthony DeSclafani,547179.0,Michael Lorenzen,Final
777206,2025-07-06,Los Angeles Dodgers,Houston Astros,119,117,686218.0,Emmet Sheehan,687473.0,Ryan Gusto,Final
777205,2025-07-06,Seattle Mariners,Pittsburgh Pirates,136,134,669923.0,George Kirby,694973.0,Paul Skenes,Final
777219,2025-07-06,Chicago Cubs,St. Louis Cardinals,112,138,571510.0,Matthew Boyd,607200.0,Erick Fedde,Final
777207,2025-07-06,San Diego Padres,Texas Rangers,135,140,688158.0,David Morgan,683004.0,Jack Leiter,Final
777210,2025-07-06,Athletics,San Francisco Giants,133,137,682052.0,Jacob Lopez,806185.0,Hayden Birdsong,Final
777211,2025-07-07,Detroit Tigers,Tampa Bay Rays,116,139,672456.0,Keider Montero,669358.0,Shane Baz,Final
777209,2025-07-07,Boston Red Sox,Colorado Rockies,111,115,690916.0,Richard Fitts,596295.0,Austin Gomber,Final
777208,2025-07-07,Cincinnati Reds,Miami Marlins,113,146,663903.0,Brady Singer,676083.0,Janson Junk,Final
777204,2025-07-07,Kansas City Royals,Pittsburgh Pirates,118,134,702070.0,Noah Cameron,571760.0,Andrew Heaney,Final
777212,2025-07-07,Chicago White Sox,Toronto Blue Jays,145,141,680732.0,Sean Burke,621244.0,José Berríos,Final
777201,2025-07-07,Milwaukee Brewers,Los Angeles Dodgers,158,119,642547.0,Freddy Peralta,808967.0,Yoshinobu Yamamoto,Final
777202,2025-07-07,Houston Astros,Cleveland Guardians,117,114,676467.0,Colton Gordon,676440.0,Tanner Bibee,Final
777200,2025-07-07,Los Angeles Angels,Texas Rangers,108,140,579328.0,Yusei Kikuchi,594798.0,Jacob deGrom,Final
777203,2025-07-07,San Diego Padres,Arizona Diamondbacks,135,109,506433.0,Yu Darvish,668678.0,Zac Gallen,Final
777199,2025-07-07,San Francisco Giants,Philadelphia Phillies,137,143,694738.0,Landen Roupp,650911.0,Cristopher Sánchez,Final
777198,2025-07-08,Baltimore Orioles,New York Mets,110,121,687064.0,Brandon Young,605280.0,Clay Holmes,Final
777195,2025-07-08,Detroit Tigers,Tampa Bay Rays,116,139,656427.0,Jack Flaherty,686752.0,Ryan Pepiot,Final
777187,2025-07-08,New York Yankees,Seattle Mariners,147,136,701542.0,Will Warren,669302.0,Logan Gilbert,Final
777196,2025-07-08,Boston Red Sox,Colorado Rockies,111,115,678394.0,Brayan Bello,607536.0,Kyle Freeland,Final
777197,2025-07-08,Cincinnati Reds,Miami Marlins,113,146,607259.0,Nick Martinez,691587.0,Eury Pérez,Final
777194,2025-07-08,Kansas City Royals,Pittsburgh Pirates,118,134,607625.0,Seth Lugo,656605.0,Mitch Keller,Final
777190,2025-07-08,Minnesota Twins,Chicago Cubs,142,112,680573.0,Simeon Woods Richardson,684007.0,Shota Imanaga,Final
777188,2025-07-08,Chicago White Sox,Toronto Blue Jays,145,141,650644.0,Aaron Civale,605135.0,Chris Bassitt,Completed Early
777193,2025-07-08,Milwaukee Brewers,Los Angeles Dodgers,158,119,694819.0,Jacob Misiorowski,477132.0,Clayton Kershaw,Final
777191,2025-07-08,St. Louis Cardinals,Washington Nationals,138,120,543243.0,Sonny Gray,663623.0,Jake Irvin,Final
777192,2025-07-08,Houston Astros,Cleveland Guardians,117,114,686613.0,Hunter Brown,676282.0,Joey Cantillo,Final
777180,2025-07-08,Los Angeles Angels,Texas Rangers,108,140,667755.0,José Soriano,543135.0,Nathan Eovaldi,Final
777185,2025-07-08,San Diego Padres,Arizona Diamondbacks,135,109,601713.0,Nick Pivetta,518876.0,Merrill Kelly,Final
777186,2025-07-08,San Francisco Giants,Philadelphia Phillies,137,143,592662.0,Robbie Ray,592836.0,Taijuan Walker,Final
777189,2025-07-08,Athletics,Atlanta Braves,133,144,605488.0,Jeffrey Springs,800311.0,Didier Fuentes,Final
777172,2025-07-09,Chicago White Sox,Toronto Blue Jays,145,141,605288.0,Adrian Houser,641778.0,Eric Lauer,Final
777175,2025-07-09,Milwaukee Brewers,Los Angeles Dodgers,158,119,500779.0,Jose Quintana,607192.0,Tyler Glasnow,Final
777163,2025-07-09,San Francisco Giants,Philadelphia Phillies,137,143,434378.0,Justin Verlander,666200.0,Jesús Luzardo,Final
777182,2025-07-09,Detroit Tigers,Tampa Bay Rays,116,139,681857.0,Reese Olson,641793.0,Zack Littell,Final
777184,2025-07-09,New York Yankees,Seattle Mariners,147,136,693645.0,Cam Schlittler,688138.0,Logan Evans,Final
777179,2025-07-09,Boston Red Sox,Colorado Rockies,111,115,608337.0,Lucas Giolito,622608.0,Antonio Senzatela,Final
777183,2025-07-09,Cincinnati Reds,Miami Marlins,113,146,671096.0,Andrew Abbott,645261.0,Sandy Alcantara,Final
777177,2025-07-09,Kansas City Royals,Pittsburgh Pirates,118,134,663460.0,Kris Bubic,663559.0,Bailey Falter,Final
777173,2025-07-09,Minnesota Twins,Chicago Cubs,142,112,701581.0,David Festa,690990.0,Cade Horton,Final
777178,2025-07-09,St. Louis Cardinals,Washington Nationals,138,120,669467.0,Andre Pallante,669022.0,MacKenzie Gore,Final
777174,2025-07-09,Houston Astros,Cleveland Guardians,117,114,687888.0,Brandon Walter,677944.0,Slade Cecconi,Final
777171,2025-07-09,Los Angeles Angels,Texas Rangers,108,140,543294.0,Kyle Hendricks,677958.0,Kumar Rocker,Final
777162,2025-07-09,San Diego Padres,Arizona Diamondbacks,135,109,656302.0,Dylan Cease,694297.0,Brandon Pfaadt,Final
777176,2025-07-09,Athletics,Atlanta Braves,133,144,687765.0,Mitch Spence,693821.0,Bryce Elder,Final
777181,2025-07-09,Baltimore Orioles,New York Mets,110,121,608372.0,Tomoyuki Sugano,656849.0,David Peterson,Postponed
777165,2025-07-10,Baltimore Orioles,New York Mets,110,121,450203.0,Charlie Morton,656849.0,David Peterson,Final
777166,2025-07-10,Minnesota Twins,Chicago Cubs,142,112,663978.0,Chris Paddack,607067.0,Colin Rea,Final
777168,2025-07-10,Cincinnati Reds,Miami Marlins,113,146,666157.0,Nick Lodolo,615698.0,Cal Quantrill,Final
777169,2025-07-10,New York Yankees,Seattle Mariners,147,136,573186.0,Marcus Stroman,693433.0,Bryan Woo,Final
777170,2025-07-10,Boston Red Sox,Tampa Bay Rays,111,139,621111.0,Walker Buehler,671737.0,Taj Bradley,Final
777167,2025-07-10,St. Louis Cardinals,Washington Nationals,138,120,571945.0,Miles Mikolas,647336.0,Michael Soroka,Final
777156,2025-07-10,Athletics,Atlanta Braves,133,144,676664.0,JP Sears,675911.0,Spencer Strider,Final
777159,2025-07-10,Los Angeles Angels,Texas Rangers,108,140,686799.0,Jack Kochanowicz,571578.0,Patrick Corbin,Final
777158,2025-07-10,San Diego Padres,Arizona Diamondbacks,135,109,681190.0,Randy Vásquez,593958.0,Eduardo Rodriguez,Final
777164,2025-07-10,Chicago White Sox,Cleveland Guardians,145,114,686563.0,Jonathan Cannon,671106.0,Logan Allen,Postponed
777146,2025-07-11,Chicago White Sox,Cleveland Guardians,145,114,686563.0,Jonathan Cannon,668909.0,Gavin Williams,Final
777157,2025-07-11,Baltimore Orioles,Miami Marlins,110,146,665152.0,Dean Kremer,665795.0,Edward Cabrera,Final
777153,2025-07-11,New York Yankees,Chicago Cubs,147,112,607074.0,Carlos Rodón,623167.0,Chris Flexen,Final
777160,2025-07-11,Cincinnati Reds,Colorado Rockies,113,115,695505.0,Chase Burns,608566.0,Germán Márquez,Final
777161,2025-07-11,Detroit Tigers,Seattle Mariners,116,136,669373.0,Tarik Skubal,622491.0,Luis Castillo,Final
777155,2025-07-11,Boston Red Sox,Tampa Bay Rays,111,139,690928.0,Hunter Dobbins,656876.0,Drew Rasmussen,Final
777151,2025-07-11,Kansas City Royals,New York Mets,118,121,608379.0,Michael Wacha,673540.0,Kodai Senga,Final
777154,2025-07-11,Houston Astros,Texas Rangers,117,140,621121.0,Lance McCullers Jr.,683004.0,Jack Leiter,Final
777148,2025-07-11,Minnesota Twins,Pittsburgh Pirates,142,134,657746.0,Joe Ryan,694973.0,Paul Skenes,Final
777149,2025-07-11,Milwaukee Brewers,Washington Nationals,158,120,669084.0,DL Hall,680730.0,Mitchell Parker,Final
777147,2025-07-11,St. Louis Cardinals,Atlanta Braves,138,144,669461.0,Matthew Liberatore,656550.0,Grant Holmes,Final
777150,2025-07-11,Los Angeles Angels,Arizona Diamondbacks,108,109,542881.0,Tyler Anderson,669194.0,Ryne Nelson,Final
777139,2025-07-11,San Diego Padres,Philadelphia Phillies,135,143,686701.0,Ryan Bergert,624133.0,Ranger Suárez,Final
777152,2025-07-11,Athletics,Toronto Blue Jays,133,141,622663.0,Luis Severino,453286.0,Max Scherzer,Final
777143,2025-07-11,San Francisco Giants,Los Angeles Dodgers,137,119,657277.0,Logan Webb,669160.0,Dustin May,Final
777142,2025-07-12,New York Yankees,Chicago Cubs,147,112,608331.0,Max Fried,571510.0,Matthew Boyd,Final
777145,2025-07-12,Detroit Tigers,Seattle Mariners,116,136,663554.0,Casey Mize,669923.0,George Kirby,Final
777134,2025-07-12,Minnesota Twins,Pittsburgh Pirates,142,134,663485.0,Cole Sands,681347.0,Mike Burrows,Final
777133,2025-07-12,St. Louis Cardinals,Atlanta Braves,138,144,607200.0,Erick Fedde,,,Final
777127,2025-07-12,San Francisco Giants,Los Angeles Dodgers,137,119,694738.0,Landen Roupp,660271.0,Shohei Ohtani,Final
777141,2025-07-12,Baltimore Orioles,Miami Marlins,110,146,669432.0,Trevor Rogers,676083.0,Janson Junk,Final
777140,2025-07-12,Cincinnati Reds,Colorado Rockies,113,115,663903.0,Brady Singer,687134.0,Bradley Blalock,Final
777136,2025-07-12,Kansas City Royals,New York Mets,118,121,672582.0,Angel Zerpa,593423.0,Frankie Montas,Final
777144,2025-07-12,Boston Red Sox,Tampa Bay Rays,111,139,676979.0,Garrett Crochet,669358.0,Shane Baz,Final
777138,2025-07-12,Chicago White Sox,Cleveland Guardians,145,114,680732.0,Sean Burke,676440.0,Tanner Bibee,Final
777135,2025-07-12,Milwaukee Brewers,Washington Nationals,158,120,605540.0,Brandon Woodruff,829272.0,Shinnosuke Ogasawara,Final
777137,2025-07-12,Houston Astros,Texas Rangers,117,140,664285.0,Framber Valdez,594798.0,Jacob deGrom,Final
777126,2025-07-12,San Diego Padres,Philadelphia Phillies,135,143,506433.0,Yu Darvish,554430.0,Zack Wheeler,Final
777131,2025-07-12,Los Angeles Angels,Arizona Diamondbacks,108,109,579328.0,Yusei Kikuchi,668678.0,Zac Gallen,Final
777132,2025-07-12,Athletics,Toronto Blue Jays,133,141,682052.0,Jacob Lopez,592332.0,Kevin Gausman,Final
777130,2025-07-13,Boston Red Sox,Tampa Bay Rays,111,139,678394.0,Brayan Bello,686752.0,Ryan Pepiot,Final
777129,2025-07-13,Baltimore Orioles,Miami Marlins,110,146,687064.0,Brandon Young,691587.0,Eury Pérez,Final
777122,2025-07-13,New York Yankees,Chicago Cubs,147,112,701542.0,Will Warren,684007.0,Shota Imanaga,Final
777128,2025-07-13,Cincinnati Reds,Colorado Rockies,113,115,607259.0,Nick Martinez,596295.0,Austin Gomber,Final
777121,2025-07-13,Detroit Tigers,Seattle Mariners,116,136,656427.0,Jack Flaherty,669302.0,Logan Gilbert,Final
777124,2025-07-13,Kansas City Royals,New York Mets,118,121,702070.0,Noah Cameron,605280.0,Clay Holmes,Final
777125,2025-07-13,Houston Astros,Texas Rangers,117,140,686613.0,Hunter Brown,543135.0,Nathan Eovaldi,Final
777113,2025-07-13,Minnesota Twins,Pittsburgh Pirates,142,134,680573.0,Simeon Woods Richardson,656605.0,Mitch Keller,Final
777120,2025-07-13,Chicago White Sox,Cleveland Guardians,145,114,650644.0,Aaron Civale,676282.0,Joey Cantillo,Final
777123,2025-07-13,Milwaukee Brewers,Washington Nationals,158,120,642547.0,Freddy Peralta,663623.0,Jake Irvin,Final
777118,2025-07-13,St. Louis Cardinals,Atlanta Braves,138,144,543243.0,Sonny Gray,669721.0,Davis Daniel,Final
777119,2025-07-13,San Francisco Giants,Los Angeles Dodgers,137,119,592662.0,Robbie Ray,808967.0,Yoshinobu Yamamoto,Final
777116,2025-07-13,Athletics,Toronto Blue Jays,133,141,605488.0,Jeffrey Springs,621244.0,José Berríos,Final
777115,2025-07-13,Los Angeles Angels,Arizona Diamondbacks,108,109,667755.0,José Soriano,518876.0,Merrill Kelly,Final
777117,2025-07-13,San Diego Padres,Philadelphia Phillies,135,143,601713.0,Nick Pivetta,650911.0,Cristopher Sánchez,Final
778566,2025-07-15,National League All-Stars,American League All-Stars,160,159,694973.0,Paul Skenes,669373.0,Tarik Skubal,Final
777101,2025-07-18,Chicago Cubs,Boston Red Sox,112,111,607067.0,Colin Rea,608337.0,Lucas Giolito,Final
777107,2025-07-18,Pittsburgh Pirates,Chicago White Sox,134,145,663559.0,Bailey Falter,686563.0,Jonathan Cannon,Final
777112,2025-07-18,Washington Nationals,San Diego Padres,120,135,647336.0,Michael Soroka,656302.0,Dylan Cease,Final
777106,2025-07-18,Philadelphia Phillies,Los Angeles Angels,143,108,666200.0,Jesús Luzardo,666171.0,Ryan Zeferjahn,Final
777108,2025-07-18,Toronto Blue Jays,San Francisco Giants,141,137,605135.0,Chris Bassitt,434378.0,Justin Verlander,Final
777111,2025-07-18,New York Mets,Cincinnati Reds,121,113,640455.0,Sean Manaea,666157.0,Nick Lodolo,Final
777105,2025-07-18,Cleveland Guardians,Athletics,114,133,677944.0,Slade Cecconi,676664.0,JP Sears,Final
777109,2025-07-18,Miami Marlins,Kansas City Royals,146,118,645261.0,Sandy Alcantara,607625.0,Seth Lugo,Final
777114,2025-07-18,Atlanta Braves,New York Yankees,144,147,675911.0,Spencer Strider,641656.0,Ian Hamilton,Final
777110,2025-07-18,Tampa Bay Rays,Baltimore Orioles,139,110,671737.0,Taj Bradley,450203.0,Charlie Morton,Final
777098,2025-07-18,Texas Rangers,Detroit Tigers,140,116,571578.0,Patrick Corbin,681857.0,Reese Olson,Final
777102,2025-07-18,Colorado Rockies,Minnesota Twins,115,142,607536.0,Kyle Freeland,663978.0,Chris Paddack,Final
777100,2025-07-18,Arizona Diamondbacks,St. Louis Cardinals,109,138,694297.0,Brandon Pfaadt,669467.0,Andre Pallante,Final
777099,2025-07-18,Seattle Mariners,Houston Astros,136,117,622491.0,Luis Castillo,687888.0,Brandon Walter,Final
777103,2025-07-18,Los Angeles Dodgers,Milwaukee Brewers,119,158,607192.0,Tyler Glasnow,682990.0,Quinn Priester,Final
777094,2025-07-19,Toronto Blue Jays,San Francisco Giants,141,137,641778.0,Eric Lauer,657277.0,Logan Webb,Final
777092,2025-07-19,New York Mets,Cincinnati Reds,121,113,605280.0,Clay Holmes,607259.0,Nick Martinez,Final
777093,2025-07-19,Miami Marlins,Kansas City Royals,146,118,615698.0,Cal Quantrill,608379.0,Michael Wacha,Final
777089,2025-07-19,Philadelphia Phillies,Los Angeles Angels,143,108,592836.0,Taijuan Walker,579328.0,Yusei Kikuchi,Final
777090,2025-07-19,Pittsburgh Pirates,Chicago White Sox,134,145,681347.0,Mike Burrows,605288.0,Adrian Houser,Final
777091,2025-07-19,Washington Nationals,San Diego Padres,120,135,680730.0,Mitchell Parker,506433.0,Yu Darvish,Final
777095,2025-07-19,Tampa Bay Rays,Baltimore Orioles,139,110,641793.0,Zack Littell,665152.0,Dean Kremer,Final
777088,2025-07-19,Texas Rangers,Detroit Tigers,140,116,677958.0,Kumar Rocker,672456.0,Keider Montero,Final
777104,2025-07-19,Cleveland Guardians,Athletics,114,133,671106.0,Logan Allen,622663.0,Luis Severino,Final
777096,2025-07-19,Chicago Cubs,Boston Red Sox,112,111,684007.0,Shota Imanaga,678394.0,Brayan Bello,Final
777081,2025-07-19,Arizona Diamondbacks,St. Louis Cardinals,109,138,669194.0,Ryne Nelson,543243.0,Sonny Gray,Final
777097,2025-07-19,Atlanta Braves,New York Yankees,144,147,666214.0,Joey Wentz,701542.0,Will Warren,Final
777080,2025-07-19,Colorado Rockies,Minnesota Twins,115,142,622608.0,Antonio Senzatela,805673.0,Zebby Matthews,Final
777085,2025-07-19,Los Angeles Dodgers,Milwaukee Brewers,119,158,686218.0,Emmet Sheehan,642547.0,Freddy Peralta,Final
777086,2025-07-19,Seattle Mariners,Houston Astros,136,117,688138.0,Logan Evans,621121.0,Lance McCullers Jr.,Final
777079,2025-07-20,Toronto Blue Jays,San Francisco Giants,141,137,621244.0,José Berríos,592662.0,Robbie Ray,Final
777076,2025-07-20,Tampa Bay Rays,Baltimore Orioles,139,110,686752.0,Ryan Pepiot,669432.0,Trevor Rogers,Final
777077,2025-07-20,Washington Nationals,San Diego Padres,120,135,669022.0,MacKenzie Gore,601713.0,Nick Pivetta,Final
777078,2025-07-20,Philadelphia Phillies,Los Angeles Angels,143,108,624133.0,Ranger Suárez,667755.0,José Soriano,Final
777074,2025-07-20,Pittsburgh Pirates,Chicago White Sox,134,145,571760.0,Andrew Heaney,650644.0,Aaron Civale,Final
777083,2025-07-20,Atlanta Braves,New York Yankees,144,147,656550.0,Grant Holmes,573186.0,Marcus Stroman,Final
777087,2025-07-20,New York Mets,Cincinnati Reds,121,113,656849.0,David Peterson,671096.0,Andrew Abbott,Final
777084,2025-07-20,Cleveland Guardians,Athletics,114,133,668909.0,Gavin Williams,605488.0,Jeffrey Springs,Final
777082,2025-07-20,Miami Marlins,Kansas City Royals,146,118,676083.0,Janson Junk,663460.0,Kris Bubic,Final
777075,2025-07-20,Chicago Cubs,Boston Red Sox,112,111,690990.0,Cade Horton,676979.0,Garrett Crochet,Final
777072,2025-07-20,Colorado Rockies,Minnesota Twins,115,142,608566.0,Germán Márquez,657746.0,Joe Ryan,Final
777067,2025-07-20,Seattle Mariners,Houston Astros,136,117,693433.0,Bryan Woo,686613.0,Hunter Brown,Final
777071,2025-07-20,Arizona Diamondbacks,St. Louis Cardinals,109,138,518876.0,Merrill Kelly,571945.0,Miles Mikolas,Final
777070,2025-07-20,Los Angeles Dodgers,Milwaukee Brewers,119,158,477132.0,Clayton Kershaw,500779.0,Jose Quintana,Final
777073,2025-07-20,Texas Rangers,Detroit Tigers,140,116,656641.0,Jacob Latz,669373.0,Tarik Skubal,Final
777068,2025-07-21,Cleveland Guardians,Baltimore Orioles,114,110,676440.0,Tanner Bibee,608372.0,Tomoyuki Sugano,Final
777060,2025-07-21,Pittsburgh Pirates,Detroit Tigers,134,116,694973.0,Paul Skenes,656427.0,Jack Flaherty,Final
777062,2025-07-21,Miami Marlins,San Diego Padres,146,135,691587.0,Eury Pérez,681190.0,Randy Vásquez,Final
777064,2025-07-21,Washington Nationals,Cincinnati Reds,120,113,663623.0,Jake Irvin,663903.0,Brady Singer,Final
777063,2025-07-21,Philadelphia Phillies,Boston Red Sox,143,111,554430.0,Zack Wheeler,621111.0,Walker Buehler,Final
777066,2025-07-21,Toronto Blue Jays,New York Yankees,141,147,592332.0,Kevin Gausman,607074.0,Carlos Rodón,Final
777061,2025-07-21,New York Mets,Los Angeles Angels,121,108,673540.0,Kodai Senga,542881.0,Tyler Anderson,Final
777069,2025-07-21,Atlanta Braves,San Francisco Giants,144,137,693821.0,Bryce Elder,806185.0,Hayden Birdsong,Final
777059,2025-07-21,Tampa Bay Rays,Chicago White Sox,139,145,669358.0,Shane Baz,680732.0,Sean Burke,Final
777065,2025-07-21,Chicago Cubs,Kansas City Royals,112,118,518489.0,Ryan Brasier,702070.0,Noah Cameron,Final
777057,2025-07-21,Texas Rangers,Athletics,140,133,683004.0,Jack Leiter,682052.0,Jacob Lopez,Final
777053,2025-07-21,Colorado Rockies,St. Louis Cardinals,115,138,596295.0,Austin Gomber,700241.0,Michael McGreevy,Final
777055,2025-07-21,Arizona Diamondbacks,Houston Astros,109,117,668678.0,Zac Gallen,676467.0,Colton Gordon,Final
777050,2025-07-21,Seattle Mariners,Milwaukee Brewers,136,158,669923.0,George Kirby,605540.0,Brandon Woodruff,Final
777051,2025-07-21,Los Angeles Dodgers,Minnesota Twins,119,142,660271.0,Shohei Ohtani,701581.0,David Festa,Final
777056,2025-07-22,Cleveland Guardians,Baltimore Orioles,114,110,676282.0,Joey Cantillo,687064.0,Brandon Young,Final
777044,2025-07-22,Pittsburgh Pirates,Detroit Tigers,134,116,656605.0,Mitch Keller,663554.0,Casey Mize,Final
777052,2025-07-22,Miami Marlins,San Diego Padres,146,135,665795.0,Edward Cabrera,663568.0,Stephen Kolek,Final
777042,2025-07-22,Washington Nationals,Cincinnati Reds,120,113,695418.0,Brad Lord,695505.0,Chase Burns,Final
777045,2025-07-22,Philadelphia Phillies,Boston Red Sox,143,111,650911.0,Cristopher Sánchez,690916.0,Richard Fitts,Final
777048,2025-07-22,Tampa Bay Rays,Chicago White Sox,139,145,656876.0,Drew Rasmussen,663436.0,Davis Martin,Final
777046,2025-07-22,Toronto Blue Jays,New York Yankees,141,147,453286.0,Max Scherzer,693645.0,Cam Schlittler,Final
777054,2025-07-22,New York Mets,Los Angeles Angels,121,108,593423.0,Frankie Montas,543294.0,Kyle Hendricks,Final
777058,2025-07-22,Atlanta Braves,San Francisco Giants,144,137,669721.0,Davis Daniel,694738.0,Landen Roupp,Final
777047,2025-07-22,Chicago Cubs,Kansas City Royals,112,118,571510.0,Matthew Boyd,448179.0,Rich Hill,Final
777043,2025-07-22,Texas Rangers,Athletics,140,133,594798.0,Jacob deGrom,669372.0,J.T. Ginn,Final
777049,2025-07-22,Colorado Rockies,St. Louis Cardinals,115,138,687134.0,Bradley Blalock,607200.0,Erick Fedde,Final
777040,2025-07-22,Arizona Diamondbacks,Houston Astros,109,117,593958.0,Eduardo Rodriguez,664285.0,Framber Valdez,Final
777035,2025-07-22,Seattle Mariners,Milwaukee Brewers,136,158,669302.0,Logan Gilbert,694819.0,Jacob Misiorowski,Final
777039,2025-07-22,Los Angeles Dodgers,Minnesota Twins,119,142,808967.0,Yoshinobu Yamamoto,680573.0,Simeon Woods Richardson,Final
777026,2025-07-23,Washington Nationals,Cincinnati Reds,120,113,647336.0,Michael Soroka,666157.0,Nick Lodolo,Final
777037,2025-07-23,Miami Marlins,San Diego Padres,146,135,645261.0,Sandy Alcantara,656302.0,Dylan Cease,Final
777041,2025-07-23,Atlanta Braves,San Francisco Giants,144,137,675911.0,Spencer Strider,434378.0,Justin Verlander,Final
777029,2025-07-23,Pittsburgh Pirates,Detroit Tigers,134,116,663559.0,Bailey Falter,675512.0,Troy Melton,Final
777034,2025-07-23,New York Mets,Los Angeles Angels,121,108,640455.0,Sean Manaea,656271.0,Brock Burke,Final
777031,2025-07-23,Chicago Cubs,Kansas City Royals,112,118,607067.0,Colin Rea,607625.0,Seth Lugo,Final
777028,2025-07-23,Colorado Rockies,St. Louis Cardinals,115,138,685299.0,Tanner Gordon,669467.0,Andre Pallante,Final
777032,2025-07-23,Arizona Diamondbacks,Houston Astros,109,117,694297.0,Brandon Pfaadt,687888.0,Brandon Walter,Final
777024,2025-07-23,Seattle Mariners,Milwaukee Brewers,136,158,622491.0,Luis Castillo,682990.0,Quinn Priester,Final
777022,2025-07-23,Los Angeles Dodgers,Minnesota Twins,119,142,607192.0,Tyler Glasnow,663978.0,Chris Paddack,Final
777036,2025-07-23,Cleveland Guardians,Baltimore Orioles,114,110,677944.0,Slade Cecconi,621107.0,Zach Eflin,Final
777027,2025-07-23,Toronto Blue Jays,New York Yankees,141,147,605135.0,Chris Bassitt,608331.0,Max Fried,Final
777038,2025-07-23,Philadelphia Phillies,Boston Red Sox,143,111,666200.0,Jesús Luzardo,608337.0,Lucas Giolito,Final
777030,2025-07-23,Tampa Bay Rays,Chicago White Sox,139,145,671737.0,Taj Bradley,686563.0,Jonathan Cannon,Final
777033,2025-07-23,Texas Rangers,Athletics,140,133,571578.0,Patrick Corbin,676664.0,JP Sears,Final
777019,2025-07-24,Cleveland Guardians,Baltimore Orioles,114,110,671106.0,Logan Allen,450203.0,Charlie Morton,Final
777021,2025-07-24,Detroit Tigers,Toronto Blue Jays,116,141,681857.0,Reese Olson,641778.0,Eric Lauer,Final
777023,2025-07-24,St. Louis Cardinals,San Diego Padres,138,135,543243.0,Sonny Gray,506433.0,Yu Darvish,Final
777025,2025-07-24,Houston Astros,Athletics,117,133,669920.0,Jason Alexander,622663.0,Luis Severino,Final
777018,2025-07-24,Los Angeles Angels,Seattle Mariners,108,136,579328.0,Yusei Kikuchi,688138.0,Logan Evans,Final
777008,2025-07-25,Milwaukee Brewers,Miami Marlins,158,146,642547.0,Freddy Peralta,615698.0,Cal Quantrill,Final
777014,2025-07-25,Pittsburgh Pirates,Arizona Diamondbacks,134,109,681347.0,Mike Burrows,669194.0,Ryne Nelson,Final
777020,2025-07-25,Baltimore Orioles,Colorado Rockies,110,115,665152.0,Dean Kremer,607536.0,Kyle Freeland,Final
777015,2025-07-25,New York Yankees,Philadelphia Phillies,147,143,701542.0,Will Warren,592836.0,Taijuan Walker,Final
777012,2025-07-25,Boston Red Sox,Los Angeles Dodgers,111,119,678394.0,Brayan Bello,686218.0,Emmet Sheehan,Final
777013,2025-07-25,Cincinnati Reds,Tampa Bay Rays,113,139,607259.0,Nick Martinez,641793.0,Zack Littell,Final
777016,2025-07-25,Detroit Tigers,Toronto Blue Jays,116,141,672456.0,Keider Montero,621244.0,José Berríos,Final
777005,2025-07-25,St. Louis Cardinals,San Diego Padres,138,135,571945.0,Miles Mikolas,601713.0,Nick Pivetta,Final
777017,2025-07-25,Chicago White Sox,Chicago Cubs,145,112,605288.0,Adrian Houser,684007.0,Shota Imanaga,Final
777009,2025-07-25,Texas Rangers,Atlanta Braves,140,144,543135.0,Nathan Eovaldi,666214.0,Joey Wentz,Final
777007,2025-07-25,Houston Astros,Athletics,117,133,687473.0,Ryan Gusto,605488.0,Jeffrey Springs,Final
777011,2025-07-25,Minnesota Twins,Washington Nationals,142,120,805673.0,Zebby Matthews,669022.0,MacKenzie Gore,Final
777006,2025-07-25,Los Angeles Angels,Seattle Mariners,108,136,667755.0,José Soriano,693433.0,Bryan Woo,Final
777004,2025-07-25,San Francisco Giants,New York Mets,137,121,657277.0,Logan Webb,605280.0,Clay Holmes,Final
777010,2025-07-25,Kansas City Royals,Cleveland Guardians,118,114,608379.0,Michael Wacha,668909.0,Gavin Williams,Postponed
777001,2025-07-26,New York Yankees,Philadelphia Phillies,147,143,573186.0,Marcus Stroman,624133.0,Ranger Suárez,Final
776990,2025-07-26,Kansas City Royals,Cleveland Guardians,118,114,663460.0,Kris Bubic,676440.0,Tanner Bibee,Final
777003,2025-07-26,Detroit Tigers,Toronto Blue Jays,116,141,669373.0,Tarik Skubal,592332.0,Kevin Gausman,Final
777002,2025-07-26,Pittsburgh Pirates,Arizona Diamondbacks,134,109,571760.0,Andrew Heaney,518876.0,Merrill Kelly,Final
777000,2025-07-26,Cincinnati Reds,Tampa Bay Rays,113,139,671096.0,Andrew Abbott,686752.0,Ryan Pepiot,Final
776999,2025-07-26,Baltimore Orioles,Colorado Rockies,110,115,669432.0,Trevor Rogers,622608.0,Antonio Senzatela,Final
776993,2025-07-26,Texas Rangers,Atlanta Braves,140,144,677958.0,Kumar Rocker,656550.0,Grant Holmes,Final
776991,2025-07-26,Houston Astros,Athletics,117,133,686613.0,Hunter Brown,682052.0,Jacob Lopez,Final
776997,2025-07-26,Minnesota Twins,Washington Nationals,142,120,657746.0,Joe Ryan,680730.0,Mitchell Parker,Final
776994,2025-07-26,Chicago White Sox,Chicago Cubs,145,112,650644.0,Aaron Civale,690990.0,Cade Horton,Final
776996,2025-07-26,Milwaukee Brewers,Miami Marlins,158,146,500779.0,Jose Quintana,676083.0,Janson Junk,Final
776998,2025-07-26,Boston Red Sox,Los Angeles Dodgers,111,119,676979.0,Garrett Crochet,477132.0,Clayton Kershaw,Final
776992,2025-07-26,St. Louis Cardinals,San Diego Padres,138,135,669461.0,Matthew Liberatore,681190.0,Randy Vásquez,Final
776985,2025-07-26,San Francisco Giants,New York Mets,137,121,592662.0,Robbie Ray,656849.0,David Peterson,Final
776995,2025-07-26,Los Angeles Angels,Seattle Mariners,108,136,542881.0,Tyler Anderson,669923.0,George Kirby,Final
776986,2025-07-27,Baltimore Orioles,Colorado Rockies,110,115,608372.0,Tomoyuki Sugano,596295.0,Austin Gomber,Final
776983,2025-07-27,Boston Red Sox,Los Angeles Dodgers,111,119,621111.0,Walker Buehler,669160.0,Dustin May,Final
776984,2025-07-27,Pittsburgh Pirates,Arizona Diamondbacks,134,109,694973.0,Paul Skenes,668678.0,Zac Gallen,Final
776988,2025-07-27,New York Yankees,Philadelphia Phillies,147,143,607074.0,Carlos Rodón,554430.0,Zack Wheeler,Final
776982,2025-07-27,Cincinnati Reds,Tampa Bay Rays,113,139,663903.0,Brady Singer,669358.0,Shane Baz,Final
776987,2025-07-27,Detroit Tigers,Toronto Blue Jays,116,141,656427.0,Jack Flaherty,453286.0,Max Scherzer,Final
776975,2025-07-27,Kansas City Royals,Cleveland Guardians,118,114,702070.0,Noah Cameron,676282.0,Joey Cantillo,Final
776976,2025-07-27,Houston Astros,Athletics,117,133,676467.0,Colton Gordon,669372.0,J.T. Ginn,Final
776979,2025-07-27,Minnesota Twins,Washington Nationals,142,120,663485.0,Cole Sands,663623.0,Jake Irvin,Final
776989,2025-07-27,Chicago White Sox,Chicago Cubs,145,112,691799.0,Grant Taylor,676962.0,Ben Brown,Final
776978,2025-07-27,Milwaukee Brewers,Miami Marlins,158,146,605540.0,Brandon Woodruff,691587.0,Eury Pérez,Final
776980,2025-07-27,St. Louis Cardinals,San Diego Padres,138,135,700241.0,Michael McGreevy,663568.0,Stephen Kolek,Final
776981,2025-07-27,Texas Rangers,Atlanta Braves,140,144,683004.0,Jack Leiter,693821.0,Bryce Elder,Final
776977,2025-07-27,Los Angeles Angels,Seattle Mariners,108,136,543294.0,Kyle Hendricks,669302.0,Logan Gilbert,Final
776974,2025-07-27,San Francisco Giants,New York Mets,137,121,657424.0,Matt Gage,673540.0,Kodai Senga,Final
776966,2025-07-28,Baltimore Orioles,Toronto Blue Jays,110,141,621107.0,Zach Eflin,605135.0,Chris Bassitt,Final
776968,2025-07-28,Cleveland Guardians,Colorado Rockies,114,115,677944.0,Slade Cecconi,687134.0,Bradley Blalock,Final
776973,2025-07-28,Detroit Tigers,Arizona Diamondbacks,116,109,675512.0,Troy Melton,593958.0,Eduardo Rodriguez,Final
776970,2025-07-28,New York Yankees,Tampa Bay Rays,147,139,693645.0,Cam Schlittler,656876.0,Drew Rasmussen,Final
776967,2025-07-28,Cincinnati Reds,Los Angeles Dodgers,113,119,695505.0,Chase Burns,808967.0,Yoshinobu Yamamoto,Final
776961,2025-07-28,Minnesota Twins,Boston Red Sox,142,111,680573.0,Simeon Woods Richardson,690916.0,Richard Fitts,Final
776971,2025-07-28,Kansas City Royals,Atlanta Braves,118,144,448179.0,Rich Hill,675911.0,Spencer Strider,Final
776972,2025-07-28,Chicago White Sox,Philadelphia Phillies,145,143,663436.0,Davis Martin,650911.0,Cristopher Sánchez,Final
776965,2025-07-28,Milwaukee Brewers,Chicago Cubs,158,112,694819.0,Jacob Misiorowski,571510.0,Matthew Boyd,Final
776960,2025-07-28,St. Louis Cardinals,Miami Marlins,138,146,669467.0,Andre Pallante,665795.0,Edward Cabrera,Final
776969,2025-07-28,Houston Astros,Washington Nationals,117,120,664285.0,Framber Valdez,695418.0,Brad Lord,Final
776958,2025-07-28,Los Angeles Angels,Texas Rangers,108,140,686799.0,Jack Kochanowicz,594798.0,Jacob deGrom,Final
776959,2025-07-28,San Diego Padres,New York Mets,135,121,656302.0,Dylan Cease,593423.0,Frankie Montas,Final
776964,2025-07-28,San Francisco Giants,Pittsburgh Pirates,137,134,687931.0,Carson Whisenhunt,656605.0,Mitch Keller,Final
776957,2025-07-28,Athletics,Seattle Mariners,133,136,676664.0,JP Sears,622491.0,Luis Castillo,Final
776962,2025-07-29,Baltimore Orioles,Toronto Blue Jays,110,141,687064.0,Brandon Young,641778.0,Eric Lauer,Final
776951,2025-07-29,Cleveland Guardians,Colorado Rockies,114,115,671106.0,Logan Allen,685299.0,Tanner Gordon,Final
776953,2025-07-29,Detroit Tigers,Arizona Diamondbacks,116,109,663554.0,Casey Mize,694297.0,Brandon Pfaadt,Final
776949,2025-07-29,New York Yankees,Tampa Bay Rays,147,139,608331.0,Max Fried,671212.0,Joe Boyle,Final
776963,2025-07-29,Cincinnati Reds,Los Angeles Dodgers,113,119,666157.0,Nick Lodolo,607192.0,Tyler Glasnow,Final
776954,2025-07-29,Minnesota Twins,Boston Red Sox,142,111,701487.0,Pierson Ohl,608337.0,Lucas Giolito,Final
776955,2025-07-29,Kansas City Royals,Atlanta Braves,118,144,607625.0,Seth Lugo,607200.0,Erick Fedde,Final
776952,2025-07-29,Chicago White Sox,Philadelphia Phillies,145,143,686563.0,Jonathan Cannon,666200.0,Jesús Luzardo,Final
776956,2025-07-29,Milwaukee Brewers,Chicago Cubs,158,112,682990.0,Quinn Priester,607067.0,Colin Rea,Final
776946,2025-07-29,St. Louis Cardinals,Miami Marlins,138,146,543243.0,Sonny Gray,645261.0,Sandy Alcantara,Final
776950,2025-07-29,Houston Astros,Washington Nationals,117,120,669920.0,Jason Alexander,647336.0,Michael Soroka,Final
776945,2025-07-29,Los Angeles Angels,Texas Rangers,108,140,579328.0,Yusei Kikuchi,571578.0,Patrick Corbin,Final
776947,2025-07-29,San Diego Padres,New York Mets,135,121,686701.0,Ryan Bergert,640455.0,Sean Manaea,Final
776943,2025-07-29,San Francisco Giants,Pittsburgh Pirates,137,134,434378.0,Justin Verlander,663559.0,Bailey Falter,Final
776944,2025-07-29,Athletics,Seattle Mariners,133,136,622663.0,Luis Severino,688138.0,Logan Evans,Final
776948,2025-07-30,Baltimore Orioles,Toronto Blue Jays,110,141,665152.0,Dean Kremer,621244.0,José Berríos,Final
776940,2025-07-30,Detroit Tigers,Arizona Diamondbacks,116,109,663978.0,Chris Paddack,669194.0,Ryne Nelson,Final
776935,2025-07-30,Minnesota Twins,Boston Red Sox,142,111,805673.0,Zebby Matthews,678394.0,Brayan Bello,Final
776937,2025-07-30,Houston Astros,Washington Nationals,117,120,687473.0,Ryan Gusto,669022.0,MacKenzie Gore,Final
776936,2025-07-30,Kansas City Royals,Atlanta Braves,118,144,672582.0,Angel Zerpa,666214.0,Joey Wentz,Final
776939,2025-07-30,Chicago White Sox,Philadelphia Phillies,145,143,641302.0,Tyler Alexander,592836.0,Taijuan Walker,Final
776929,2025-07-30,Milwaukee Brewers,Chicago Cubs,158,112,642547.0,Freddy Peralta,684007.0,Shota Imanaga,Final
776933,2025-07-30,San Francisco Giants,Pittsburgh Pirates,137,134,657277.0,Logan Webb,681347.0,Mike Burrows,Final
776931,2025-07-30,San Diego Padres,New York Mets,135,121,506433.0,Yu Darvish,605280.0,Clay Holmes,Final
776942,2025-07-30,Cleveland Guardians,Colorado Rockies,114,115,663465.0,Kolby Allard,607536.0,Kyle Freeland,Final
776938,2025-07-30,New York Yankees,Tampa Bay Rays,147,139,701542.0,Will Warren,641793.0,Zack Littell,Final
776941,2025-07-30,Cincinnati Reds,Los Angeles Dodgers,113,119,607259.0,Nick Martinez,660271.0,Shohei Ohtani,Final
776934,2025-07-30,St. Louis Cardinals,Miami Marlins,138,146,571945.0,Miles Mikolas,615698.0,Cal Quantrill,Final
776932,2025-07-30,Los Angeles Angels,Texas Rangers,108,140,667755.0,José Soriano,543135.0,Nathan Eovaldi,Final
776930,2025-07-30,Athletics,Seattle Mariners,133,136,605488.0,Jeffrey Springs,693433.0,Bryan Woo,Final
776927,2025-07-31,New York Yankees,Tampa Bay Rays,147,139,573186.0,Marcus Stroman,686752.0,Ryan Pepiot,Final
776928,2025-07-31,Cincinnati Reds,Atlanta Braves,113,144,671096.0,Andrew Abbott,471911.0,Carlos Carrasco,Final
776923,2025-07-31,Seattle Mariners,Texas Rangers,136,140,669923.0,George Kirby,677958.0,Kumar Rocker,Final
776921,2025-08-01,Cincinnati Reds,Atlanta Braves,113,144,663903.0,Brady Singer,693821.0,Bryce Elder,Final
776915,2025-08-01,Chicago Cubs,Baltimore Orioles,112,110,690990.0,Cade Horton,669432.0,Trevor Rogers,Final
776913,2025-08-01,Philadelphia Phillies,Detroit Tigers,143,116,624133.0,Ranger Suárez,656427.0,Jack Flaherty,Final
776917,2025-08-01,Washington Nationals,Milwaukee Brewers,120,158,680730.0,Mitchell Parker,500779.0,Jose Quintana,Final
776920,2025-08-01,Toronto Blue Jays,Kansas City Royals,141,118,592332.0,Kevin Gausman,608379.0,Michael Wacha,Final
776922,2025-08-01,Boston Red Sox,Houston Astros,111,117,681867.0,Cooper Criswell,686613.0,Hunter Brown,Final
776926,2025-08-01,New York Mets,San Francisco Giants,121,137,656849.0,David Peterson,592662.0,Robbie Ray,Final
776924,2025-08-01,Cleveland Guardians,Minnesota Twins,114,142,668909.0,Gavin Williams,657746.0,Joe Ryan,Final
776925,2025-08-01,Miami Marlins,New York Yankees,146,147,676083.0,Janson Junk,607074.0,Carlos Rodón,Final
776918,2025-08-01,Tampa Bay Rays,Los Angeles Dodgers,139,119,669358.0,Shane Baz,477132.0,Clayton Kershaw,Final
776919,2025-08-01,Colorado Rockies,Pittsburgh Pirates,115,134,622608.0,Antonio Senzatela,571760.0,Andrew Heaney,Final
776916,2025-08-01,Los Angeles Angels,Chicago White Sox,108,145,542881.0,Tyler Anderson,681343.0,Shane Smith,Final
776906,2025-08-01,San Diego Padres,St. Louis Cardinals,135,138,601713.0,Nick Pivetta,669461.0,Matthew Liberatore,Final
776914,2025-08-01,Athletics,Arizona Diamondbacks,133,109,682052.0,Jacob Lopez,543101.0,Anthony DeSclafani,Final
776908,2025-08-01,Seattle Mariners,Texas Rangers,136,140,669302.0,Logan Gilbert,683004.0,Jack Leiter,Final
776901,2025-08-02,Tampa Bay Rays,Los Angeles Dodgers,139,119,656876.0,Drew Rasmussen,605483.0,Blake Snell,Final
776902,2025-08-02,Chicago Cubs,Baltimore Orioles,112,110,571510.0,Matthew Boyd,608372.0,Tomoyuki Sugano,Final
776900,2025-08-02,Toronto Blue Jays,Kansas City Royals,141,118,453286.0,Max Scherzer,702070.0,Noah Cameron,Final
776904,2025-08-02,Colorado Rockies,Pittsburgh Pirates,115,134,596295.0,Austin Gomber,694973.0,Paul Skenes,Final
776912,2025-08-02,Philadelphia Phillies,Detroit Tigers,143,116,554430.0,Zack Wheeler,669373.0,Tarik Skubal,Final
776903,2025-08-02,Washington Nationals,Milwaukee Brewers,120,158,663623.0,Jake Irvin,605540.0,Brandon Woodruff,Final
776909,2025-08-02,Boston Red Sox,Houston Astros,111,117,621111.0,Walker Buehler,676467.0,Colton Gordon,Final
776911,2025-08-02,New York Mets,San Francisco Giants,121,137,673540.0,Kodai Senga,678906.0,Kai-Wei Teng,Final
776897,2025-08-02,Seattle Mariners,Texas Rangers,136,140,622491.0,Luis Castillo,518876.0,Merrill Kelly,Final
776905,2025-08-02,Cleveland Guardians,Minnesota Twins,114,142,676440.0,Tanner Bibee,641927.0,Bailey Ober,Final
776910,2025-08-02,Miami Marlins,New York Yankees,146,147,691587.0,Eury Pérez,693645.0,Cam Schlittler,Final
776907,2025-08-02,Cincinnati Reds,Atlanta Braves,113,144,695505.0,Chase Burns,680735.0,Austin Cox,Final
776899,2025-08-02,Athletics,Arizona Diamondbacks,133,109,669372.0,J.T. Ginn,668678.0,Zac Gallen,Final
776898,2025-08-02,Los Angeles Angels,Chicago White Sox,108,145,543294.0,Kyle Hendricks,650644.0,Aaron Civale,Final
776896,2025-08-02,San Diego Padres,St. Louis Cardinals,135,138,681190.0,Randy Vásquez,700241.0,Michael McGreevy,Final
776895,2025-08-03,Boston Red Sox,Houston Astros,111,117,608337.0,Lucas Giolito,664285.0,Framber Valdez,Final
776889,2025-08-03,Tampa Bay Rays,Los Angeles Dodgers,139,119,671212.0,Joe Boyle,808967.0,Yoshinobu Yamamoto,Final
776894,2025-08-03,Washington Nationals,Milwaukee Brewers,120,158,695418.0,Brad Lord,701656.0,Logan Henderson,Final
776893,2025-08-03,Toronto Blue Jays,Kansas City Royals,141,118,605135.0,Chris Bassitt,607625.0,Seth Lugo,Final
776887,2025-08-03,New York Mets,San Francisco Giants,121,137,593423.0,Frankie Montas,687931.0,Carson Whisenhunt,Final
776892,2025-08-03,Cleveland Guardians,Minnesota Twins,114,142,676282.0,Joey Cantillo,570632.0,José Ureña,Final
776891,2025-08-03,Miami Marlins,New York Yankees,146,147,665795.0,Edward Cabrera,661563.0,Luis Gil,Final
776888,2025-08-03,Chicago Cubs,Baltimore Orioles,112,110,607067.0,Colin Rea,687064.0,Brandon Young,Final
776886,2025-08-03,Colorado Rockies,Pittsburgh Pirates,115,134,687134.0,Bradley Blalock,656605.0,Mitch Keller,Final
776881,2025-08-03,Athletics,Arizona Diamondbacks,133,109,678022.0,Jack Perkins,593958.0,Eduardo Rodriguez,Final
776885,2025-08-03,Los Angeles Angels,Chicago White Sox,108,145,686799.0,Jack Kochanowicz,680732.0,Sean Burke,Final
776884,2025-08-03,San Diego Padres,St. Louis Cardinals,135,138,656302.0,Dylan Cease,669467.0,Andre Pallante,Final
776883,2025-08-03,Seattle Mariners,Texas Rangers,136,140,688138.0,Logan Evans,594798.0,Jacob deGrom,Final
776890,2025-08-03,Philadelphia Phillies,Detroit Tigers,143,116,650911.0,Cristopher Sánchez,450203.0,Charlie Morton,Final
776879,2025-08-04,Pittsburgh Pirates,San Francisco Giants,134,137,670912.0,Johan Oviedo,434378.0,Justin Verlander,Final
776874,2025-08-04,Detroit Tigers,Minnesota Twins,116,142,663554.0,Casey Mize,701519.0,Travis Adams,Final
776875,2025-08-04,Miami Marlins,Houston Astros,146,117,645261.0,Sandy Alcantara,669920.0,Jason Alexander,Final
776877,2025-08-04,Philadelphia Phillies,Baltimore Orioles,143,110,666200.0,Jesús Luzardo,700249.0,Cade Povich,Final
776880,2025-08-04,Boston Red Sox,Kansas City Royals,111,118,678394.0,Brayan Bello,663559.0,Bailey Falter,Final
776876,2025-08-04,New York Mets,Cleveland Guardians,121,114,640455.0,Sean Manaea,677944.0,Slade Cecconi,Final
776882,2025-08-04,Atlanta Braves,Milwaukee Brewers,144,158,607200.0,Erick Fedde,682990.0,Quinn Priester,Final
776878,2025-08-04,Chicago Cubs,Cincinnati Reds,112,113,647336.0,Michael Soroka,666157.0,Nick Lodolo,Final
776871,2025-08-04,Texas Rangers,New York Yankees,140,147,571578.0,Patrick Corbin,608331.0,Max Fried,Final
776872,2025-08-04,Colorado Rockies,Toronto Blue Jays,115,141,685299.0,Tanner Gordon,641778.0,Eric Lauer,Final
776867,2025-08-04,Los Angeles Angels,Tampa Bay Rays,108,139,579328.0,Yusei Kikuchi,605288.0,Adrian Houser,Final
776873,2025-08-04,Arizona Diamondbacks,San Diego Padres,109,135,694297.0,Brandon Pfaadt,676664.0,JP Sears,Final
776870,2025-08-04,Los Angeles Dodgers,St. Louis Cardinals,119,138,607192.0,Tyler Glasnow,543243.0,Sonny Gray,Final
776866,2025-08-05,Pittsburgh Pirates,San Francisco Giants,134,137,681347.0,Mike Burrows,657277.0,Logan Webb,Final
776861,2025-08-05,Detroit Tigers,Minnesota Twins,116,142,663978.0,Chris Paddack,805673.0,Zebby Matthews,Final
776862,2025-08-05,Miami Marlins,Houston Astros,146,117,615698.0,Cal Quantrill,595345.0,Steven Okert,Final
776865,2025-08-05,Washington Nationals,Athletics,120,133,669022.0,MacKenzie Gore,622663.0,Luis Severino,Final
776868,2025-08-05,Philadelphia Phillies,Baltimore Orioles,143,110,592836.0,Taijuan Walker,665152.0,Dean Kremer,Final
776864,2025-08-05,Boston Red Sox,Kansas City Royals,111,118,676979.0,Garrett Crochet,686701.0,Ryan Bergert,Final
776863,2025-08-05,New York Mets,Cleveland Guardians,121,114,605280.0,Clay Holmes,671106.0,Logan Allen,Final
776869,2025-08-05,Atlanta Braves,Milwaukee Brewers,144,158,666214.0,Joey Wentz,642547.0,Freddy Peralta,Final
776860,2025-08-05,Chicago Cubs,Cincinnati Reds,112,113,684007.0,Shota Imanaga,641793.0,Zack Littell,Final
776855,2025-08-05,Texas Rangers,New York Yankees,140,147,543135.0,Nathan Eovaldi,701542.0,Will Warren,Final
776854,2025-08-05,Colorado Rockies,Toronto Blue Jays,115,141,683627.0,Anthony Molina,621244.0,José Berríos,Final
776848,2025-08-05,Los Angeles Angels,Tampa Bay Rays,108,139,667755.0,José Soriano,686752.0,Ryan Pepiot,Final
776852,2025-08-05,Arizona Diamondbacks,San Diego Padres,109,135,669194.0,Ryne Nelson,506433.0,Yu Darvish,Final
776857,2025-08-05,Seattle Mariners,Chicago White Sox,136,145,693433.0,Bryan Woo,663436.0,Davis Martin,Final
776858,2025-08-05,Los Angeles Dodgers,St. Louis Cardinals,119,138,686218.0,Emmet Sheehan,571945.0,Miles Mikolas,Final
776844,2025-08-06,Pittsburgh Pirates,San Francisco Giants,134,137,571760.0,Andrew Heaney,592662.0,Robbie Ray,Final
776851,2025-08-06,Philadelphia Phillies,Baltimore Orioles,143,110,624133.0,Ranger Suárez,669432.0,Trevor Rogers,Final
776846,2025-08-06,New York Mets,Cleveland Guardians,121,114,656849.0,David Peterson,668909.0,Gavin Williams,Final
776859,2025-08-06,Detroit Tigers,Minnesota Twins,116,142,656427.0,Jack Flaherty,701487.0,Pierson Ohl,Final
776847,2025-08-06,Chicago Cubs,Cincinnati Reds,112,113,690990.0,Cade Horton,671096.0,Andrew Abbott,Final
776845,2025-08-06,Texas Rangers,New York Yankees,140,147,683004.0,Jack Leiter,607074.0,Carlos Rodón,Final
776836,2025-08-06,Colorado Rockies,Toronto Blue Jays,115,141,607536.0,Kyle Freeland,592332.0,Kevin Gausman,Final
776843,2025-08-06,Los Angeles Angels,Tampa Bay Rays,108,139,542881.0,Tyler Anderson,669358.0,Shane Baz,Final
776839,2025-08-06,Los Angeles Dodgers,St. Louis Cardinals,119,138,660271.0,Shohei Ohtani,669461.0,Matthew Liberatore,Final
776849,2025-08-06,Miami Marlins,Houston Astros,146,117,676083.0,Janson Junk,681293.0,Spencer Arrighetti,Final
776850,2025-08-06,Washington Nationals,Athletics,120,133,676917.0,Cade Cavalli,605488.0,Jeffrey Springs,Final
776856,2025-08-06,Boston Red Sox,Kansas City Royals,111,118,669160.0,Dustin May,608379.0,Michael Wacha,Final
776853,2025-08-06,Atlanta Braves,Milwaukee Brewers,144,158,675911.0,Spencer Strider,500779.0,Jose Quintana,Final
776838,2025-08-06,Arizona Diamondbacks,San Diego Padres,109,135,543101.0,Anthony DeSclafani,641482.0,Nestor Cortes,Final
776841,2025-08-06,Seattle Mariners,Chicago White Sox,136,145,669923.0,George Kirby,686563.0,Jonathan Cannon,Final
776837,2025-08-07,Washington Nationals,Athletics,120,133,680730.0,Mitchell Parker,682052.0,Jacob Lopez,Final
776830,2025-08-07,Seattle Mariners,Chicago White Sox,136,145,669302.0,Logan Gilbert,681343.0,Shane Smith,Final
776840,2025-08-07,Pittsburgh Pirates,Cincinnati Reds,134,113,694973.0,Paul Skenes,663903.0,Brady Singer,Final
776842,2025-08-07,Atlanta Braves,Miami Marlins,144,146,471911.0,Carlos Carrasco,691587.0,Eury Pérez,Final
776829,2025-08-08,Pittsburgh Pirates,Cincinnati Reds,134,113,656605.0,Mitch Keller,695505.0,Chase Burns,Final
776831,2025-08-08,Baltimore Orioles,Athletics,110,133,608372.0,Tomoyuki Sugano,669372.0,J.T. Ginn,Final
776835,2025-08-08,New York Yankees,Houston Astros,147,117,693645.0,Cam Schlittler,686613.0,Hunter Brown,Final
776832,2025-08-08,Detroit Tigers,Los Angeles Angels,116,108,669373.0,Tarik Skubal,543294.0,Kyle Hendricks,Final
776834,2025-08-08,Atlanta Braves,Miami Marlins,144,146,693821.0,Bryce Elder,665795.0,Edward Cabrera,Final
776833,2025-08-08,Chicago White Sox,Cleveland Guardians,145,114,650644.0,Aaron Civale,676440.0,Tanner Bibee,Final
776821,2025-08-08,Texas Rangers,Philadelphia Phillies,140,143,518876.0,Merrill Kelly,650911.0,Cristopher Sánchez,Final
776827,2025-08-08,Minnesota Twins,Kansas City Royals,142,118,657746.0,Joe Ryan,607625.0,Seth Lugo,Final
776828,2025-08-08,Milwaukee Brewers,New York Mets,158,121,605540.0,Brandon Woodruff,673540.0,Kodai Senga,Final
776826,2025-08-08,St. Louis Cardinals,Chicago Cubs,138,112,700241.0,Michael McGreevy,571510.0,Matthew Boyd,Final
776825,2025-08-08,Arizona Diamondbacks,Colorado Rockies,109,115,668678.0,Zac Gallen,596295.0,Austin Gomber,Final
776820,2025-08-08,San Diego Padres,Boston Red Sox,135,111,601713.0,Nick Pivetta,621111.0,Walker Buehler,Final
776824,2025-08-08,Seattle Mariners,Tampa Bay Rays,136,139,622491.0,Luis Castillo,656876.0,Drew Rasmussen,Final
776823,2025-08-08,Los Angeles Dodgers,Toronto Blue Jays,119,141,477132.0,Clayton Kershaw,453286.0,Max Scherzer,Final
776822,2025-08-08,San Francisco Giants,Washington Nationals,137,120,657424.0,Matt Gage,663623.0,Jake Irvin,Final
776819,2025-08-09,Atlanta Braves,Miami Marlins,144,146,607200.0,Erick Fedde,645261.0,Sandy Alcantara,Final
776815,2025-08-09,New York Yankees,Houston Astros,147,117,661563.0,Luis Gil,664285.0,Framber Valdez,Final
776802,2025-08-09,San Francisco Giants,Washington Nationals,137,120,687931.0,Carson Whisenhunt,695418.0,Brad Lord,Final
776813,2025-08-09,Detroit Tigers,Los Angeles Angels,116,108,450203.0,Charlie Morton,579328.0,Yusei Kikuchi,Final
776812,2025-08-09,Pittsburgh Pirates,Cincinnati Reds,134,113,677952.0,Braxton Ashcraft,607259.0,Nick Martinez,Final
776811,2025-08-09,Baltimore Orioles,Athletics,110,133,687064.0,Brandon Young,678022.0,Jack Perkins,Final
776816,2025-08-09,Minnesota Twins,Kansas City Royals,142,118,641927.0,Bailey Ober,702070.0,Noah Cameron,Final
776814,2025-08-09,Chicago White Sox,Cleveland Guardians,145,114,680732.0,Sean Burke,676282.0,Joey Cantillo,Final
776817,2025-08-09,Milwaukee Brewers,New York Mets,158,121,668964.0,Tobias Myers,657585.0,Reed Garrett,Final
776818,2025-08-09,St. Louis Cardinals,Chicago Cubs,138,112,669467.0,Andre Pallante,607067.0,Colin Rea,Final
776810,2025-08-09,Texas Rangers,Philadelphia Phillies,140,143,594798.0,Jacob deGrom,666200.0,Jesús Luzardo,Final
776809,2025-08-09,Arizona Diamondbacks,Colorado Rockies,109,115,593958.0,Eduardo Rodriguez,687134.0,Bradley Blalock,Final
776807,2025-08-09,San Diego Padres,Boston Red Sox,135,111,650633.0,Michael King,608337.0,Lucas Giolito,Final
776808,2025-08-09,Los Angeles Dodgers,Toronto Blue Jays,119,141,605483.0,Blake Snell,605135.0,Chris Bassitt,Final
776805,2025-08-09,Seattle Mariners,Tampa Bay Rays,136,139,688138.0,Logan Evans,671212.0,Joe Boyle,Final
776796,2025-08-10,Minnesota Twins,Kansas City Royals,142,118,570632.0,José Ureña,686701.0,Ryan Bergert,Final
776804,2025-08-10,Baltimore Orioles,Athletics,110,133,700249.0,Cade Povich,806960.0,Luis Morales,Final
776801,2025-08-10,Pittsburgh Pirates,Cincinnati Reds,134,113,681347.0,Mike Burrows,641793.0,Zack Littell,Final
776803,2025-08-10,Atlanta Braves,Miami Marlins,144,146,666214.0,Joey Wentz,615698.0,Cal Quantrill,Final
776797,2025-08-10,New York Yankees,Houston Astros,147,117,608331.0,Max Fried,669920.0,Jason Alexander,Final
776806,2025-08-10,Detroit Tigers,Los Angeles Angels,116,108,663554.0,Casey Mize,686799.0,Jack Kochanowicz,Final
776798,2025-08-10,Chicago White Sox,Cleveland Guardians,145,114,663436.0,Davis Martin,677944.0,Slade Cecconi,Final
776799,2025-08-10,Milwaukee Brewers,New York Mets,158,121,682990.0,Quinn Priester,640455.0,Sean Manaea,Final
776800,2025-08-10,Texas Rangers,Philadelphia Phillies,140,143,571578.0,Patrick Corbin,554430.0,Zack Wheeler,Final
776793,2025-08-10,San Francisco Giants,Washington Nationals,137,120,434378.0,Justin Verlander,669022.0,MacKenzie Gore,Final
776794,2025-08-10,Arizona Diamondbacks,Colorado Rockies,109,115,694297.0,Brandon Pfaadt,685299.0,Tanner Gordon,Final
776789,2025-08-10,San Diego Padres,Boston Red Sox,135,111,656302.0,Dylan Cease,678394.0,Brayan Bello,Final
776791,2025-08-10,Seattle Mariners,Tampa Bay Rays,136,139,693433.0,Bryan Woo,605288.0,Adrian Houser,Final
776788,2025-08-10,Los Angeles Dodgers,Toronto Blue Jays,119,141,607192.0,Tyler Glasnow,641778.0,Eric Lauer,Final
776795,2025-08-10,St. Louis Cardinals,Chicago Cubs,138,112,543243.0,Sonny Gray,684007.0,Shota Imanaga,Final
776792,2025-08-11,Cincinnati Reds,Philadelphia Phillies,113,143,671096.0,Andrew Abbott,592836.0,Taijuan Walker,Final
776790,2025-08-11,New York Yankees,Minnesota Twins,147,142,701542.0,Will Warren,805673.0,Zebby Matthews,Final
776784,2025-08-11,Kansas City Royals,Washington Nationals,118,120,663559.0,Bailey Falter,676917.0,Cade Cavalli,Final
776781,2025-08-11,Chicago White Sox,Detroit Tigers,145,116,665625.0,Elvis Peguero,663978.0,Chris Paddack,Final
776786,2025-08-11,Milwaukee Brewers,Pittsburgh Pirates,158,134,500779.0,Jose Quintana,571760.0,Andrew Heaney,Final
776783,2025-08-11,St. Louis Cardinals,Colorado Rockies,138,115,571945.0,Miles Mikolas,801403.0,Chase Dollander,Final
776785,2025-08-11,Texas Rangers,Arizona Diamondbacks,140,109,543135.0,Nathan Eovaldi,669194.0,Ryne Nelson,Final
776782,2025-08-11,Houston Astros,Boston Red Sox,117,111,664299.0,Cristian Javier,676979.0,Garrett Crochet,Final
776779,2025-08-11,Los Angeles Angels,Los Angeles Dodgers,108,119,667755.0,José Soriano,808967.0,Yoshinobu Yamamoto,Final
776780,2025-08-11,San Francisco Giants,San Diego Padres,137,135,657277.0,Logan Webb,506433.0,Yu Darvish,Final
776787,2025-08-11,Athletics,Tampa Bay Rays,133,139,605488.0,Jeffrey Springs,686752.0,Ryan Pepiot,Final
776776,2025-08-12,Baltimore Orioles,Seattle Mariners,110,136,665152.0,Dean Kremer,669923.0,George Kirby,Final
776777,2025-08-12,Cincinnati Reds,Philadelphia Phillies,113,143,663903.0,Brady Singer,624133.0,Ranger Suárez,Final
776778,2025-08-12,Cleveland Guardians,Miami Marlins,114,146,671106.0,Logan Allen,676083.0,Janson Junk,Final
776774,2025-08-12,New York Yankees,Minnesota Twins,147,142,607074.0,Carlos Rodón,701519.0,Travis Adams,Final
776768,2025-08-12,Toronto Blue Jays,Chicago Cubs,141,112,621244.0,José Berríos,665871.0,Javier Assad,Final
776772,2025-08-12,New York Mets,Atlanta Braves,121,144,605280.0,Clay Holmes,675911.0,Spencer Strider,Final
776770,2025-08-12,Kansas City Royals,Washington Nationals,118,120,608379.0,Michael Wacha,680730.0,Mitchell Parker,Final
776773,2025-08-12,Chicago White Sox,Detroit Tigers,145,116,672782.0,Yoendrys Gómez,656427.0,Jack Flaherty,Final
776771,2025-08-12,Milwaukee Brewers,Pittsburgh Pirates,158,134,642547.0,Freddy Peralta,694973.0,Paul Skenes,Final
776775,2025-08-12,St. Louis Cardinals,Colorado Rockies,138,115,669461.0,Matthew Liberatore,607536.0,Kyle Freeland,Final
776764,2025-08-12,Texas Rangers,Arizona Diamondbacks,140,109,683004.0,Jack Leiter,543101.0,Anthony DeSclafani,Final
776769,2025-08-12,Houston Astros,Boston Red Sox,117,111,681293.0,Spencer Arrighetti,669160.0,Dustin May,Final
776763,2025-08-12,Los Angeles Angels,Los Angeles Dodgers,108,119,682989.0,Victor Mederos,686218.0,Emmet Sheehan,Final
776767,2025-08-12,San Francisco Giants,San Diego Padres,137,135,592662.0,Robbie Ray,641482.0,Nestor Cortes,Final
776762,2025-08-12,Athletics,Tampa Bay Rays,133,139,682052.0,Jacob Lopez,669358.0,Shane Baz,Final
776759,2025-08-13,Kansas City Royals,Washington Nationals,118,120,607625.0,Seth Lugo,663623.0,Jake Irvin,Final
776754,2025-08-13,Chicago White Sox,Detroit Tigers,145,116,681343.0,Shane Smith,675512.0,Troy Melton,Final
776755,2025-08-13,Milwaukee Brewers,Pittsburgh Pirates,158,134,605540.0,Brandon Woodruff,656605.0,Mitch Keller,Final
776758,2025-08-13,St. Louis Cardinals,Colorado Rockies,138,115,700241.0,Michael McGreevy,596295.0,Austin Gomber,Final
776746,2025-08-13,Texas Rangers,Arizona Diamondbacks,140,109,518876.0,Merrill Kelly,668678.0,Zac Gallen,Final
776749,2025-08-13,San Francisco Giants,San Diego Padres,137,135,678906.0,Kai-Wei Teng,601713.0,Nick Pivetta,Final
776765,2025-08-13,Cincinnati Reds,Philadelphia Phillies,113,143,668881.0,Hunter Greene,650911.0,Cristopher Sánchez,Final
776761,2025-08-13,Baltimore Orioles,Seattle Mariners,110,136,669432.0,Trevor Rogers,669302.0,Logan Gilbert,Final
776766,2025-08-13,Cleveland Guardians,Miami Marlins,114,146,668909.0,Gavin Williams,691587.0,Eury Pérez,Final
776760,2025-08-13,New York Yankees,Minnesota Twins,147,142,693645.0,Cam Schlittler,657746.0,Joe Ryan,Final
776757,2025-08-13,Toronto Blue Jays,Chicago Cubs,141,112,592332.0,Kevin Gausman,690990.0,Cade Horton,Final
776753,2025-08-13,Houston Astros,Boston Red Sox,117,111,686613.0,Hunter Brown,621111.0,Walker Buehler,Final
776756,2025-08-13,New York Mets,Atlanta Braves,121,144,656849.0,David Peterson,471911.0,Carlos Carrasco,Final
776752,2025-08-13,Los Angeles Angels,Los Angeles Dodgers,108,119,543294.0,Kyle Hendricks,660271.0,Shohei Ohtani,Final
776751,2025-08-13,Athletics,Tampa Bay Rays,133,139,669372.0,J.T. Ginn,656876.0,Drew Rasmussen,Final
776750,2025-08-14,Baltimore Orioles,Seattle Mariners,110,136,608372.0,Tomoyuki Sugano,688138.0,Logan Evans,Final
776747,2025-08-14,Toronto Blue Jays,Chicago Cubs,141,112,453286.0,Max Scherzer,571510.0,Matthew Boyd,Final
776745,2025-08-14,Cleveland Guardians,Miami Marlins,114,146,676440.0,Tanner Bibee,665795.0,Edward Cabrera,Final
776743,2025-08-14,Washington Nationals,Philadelphia Phillies,120,143,695418.0,Brad Lord,666200.0,Jesús Luzardo,Final
776748,2025-08-14,New York Mets,Atlanta Braves,121,144,673540.0,Kodai Senga,693821.0,Bryce Elder,Final
776744,2025-08-14,Minnesota Twins,Detroit Tigers,142,116,641927.0,Bailey Ober,669373.0,Tarik Skubal,Final
776742,2025-08-14,Colorado Rockies,Arizona Diamondbacks,115,109,687134.0,Bradley Blalock,593958.0,Eduardo Rodriguez,Final
776737,2025-08-15,Chicago Cubs,Pittsburgh Pirates,112,134,607067.0,Colin Rea,677952.0,Braxton Ashcraft,Final
776740,2025-08-15,Cincinnati Reds,Milwaukee Brewers,113,158,607259.0,Nick Martinez,694819.0,Jacob Misiorowski,Final
776739,2025-08-15,Washington Nationals,Philadelphia Phillies,120,143,669022.0,MacKenzie Gore,554430.0,Zack Wheeler,Final
776735,2025-08-15,Toronto Blue Jays,Texas Rangers,141,140,605135.0,Chris Bassitt,594798.0,Jacob deGrom,Final
776736,2025-08-15,New York Mets,Seattle Mariners,121,136,640455.0,Sean Manaea,622491.0,Luis Castillo,Final
776738,2025-08-15,Cleveland Guardians,Atlanta Braves,114,144,676282.0,Joey Cantillo,694462.0,Hurston Waldrep,Final
776741,2025-08-15,Boston Red Sox,Miami Marlins,111,146,608337.0,Lucas Giolito,645261.0,Sandy Alcantara,Final
776733,2025-08-15,Houston Astros,Baltimore Orioles,117,110,664285.0,Framber Valdez,687064.0,Brandon Young,Final
776732,2025-08-15,Minnesota Twins,Detroit Tigers,142,116,701487.0,Pierson Ohl,450203.0,Charlie Morton,Final
776728,2025-08-15,Kansas City Royals,Chicago White Sox,118,145,702070.0,Noah Cameron,650644.0,Aaron Civale,Final
776731,2025-08-15,St. Louis Cardinals,New York Yankees,138,147,669467.0,Andre Pallante,661563.0,Luis Gil,Final
776730,2025-08-15,Colorado Rockies,Arizona Diamondbacks,115,109,685299.0,Tanner Gordon,694297.0,Brandon Pfaadt,Final
776734,2025-08-15,Athletics,Los Angeles Angels,133,108,678022.0,Jack Perkins,579328.0,Yusei Kikuchi,Final
776727,2025-08-15,Los Angeles Dodgers,San Diego Padres,119,135,477132.0,Clayton Kershaw,593974.0,Wandy Peralta,Final
776729,2025-08-15,San Francisco Giants,Tampa Bay Rays,137,139,694738.0,Landen Roupp,671212.0,Joe Boyle,Final
776719,2025-08-16,Chicago Cubs,Pittsburgh Pirates,112,134,684007.0,Shota Imanaga,681347.0,Mike Burrows,Final
776723,2025-08-16,Toronto Blue Jays,Texas Rangers,141,140,641778.0,Eric Lauer,571578.0,Patrick Corbin,Final
776725,2025-08-16,Washington Nationals,Philadelphia Phillies,120,143,676917.0,Cade Cavalli,592836.0,Taijuan Walker,Final
776726,2025-08-16,New York Mets,Seattle Mariners,121,136,690997.0,Nolan McLean,693433.0,Bryan Woo,Final
776724,2025-08-16,Boston Red Sox,Miami Marlins,111,146,678394.0,Brayan Bello,615698.0,Cal Quantrill,Final
776721,2025-08-16,Cincinnati Reds,Milwaukee Brewers,113,158,641793.0,Zack Littell,682990.0,Quinn Priester,Final
776722,2025-08-16,Houston Astros,Baltimore Orioles,117,110,669920.0,Jason Alexander,670329.0,Rico Garcia,Final
776720,2025-08-16,Cleveland Guardians,Atlanta Braves,114,144,677944.0,Slade Cecconi,666214.0,Joey Wentz,Final
776712,2025-08-16,Kansas City Royals,Chicago White Sox,118,145,547179.0,Michael Lorenzen,680732.0,Sean Burke,Final
776716,2025-08-16,Minnesota Twins,Detroit Tigers,142,116,805673.0,Zebby Matthews,663554.0,Casey Mize,Final
776713,2025-08-16,St. Louis Cardinals,New York Yankees,138,147,543243.0,Sonny Gray,608331.0,Max Fried,Final
776715,2025-08-16,Colorado Rockies,Arizona Diamondbacks,115,109,801403.0,Chase Dollander,669194.0,Ryne Nelson,Final
776711,2025-08-16,San Francisco Giants,Tampa Bay Rays,137,139,434378.0,Justin Verlander,605288.0,Adrian Houser,Final
776717,2025-08-16,Los Angeles Dodgers,San Diego Padres,119,135,605483.0,Blake Snell,656302.0,Dylan Cease,Final
776718,2025-08-16,Athletics,Los Angeles Angels,133,108,806960.0,Luis Morales,542881.0,Tyler Anderson,Final
776708,2025-08-17,Washington Nationals,Philadelphia Phillies,120,143,680730.0,Mitchell Parker,605400.0,Aaron Nola,Final
776714,2025-08-17,Boston Red Sox,Miami Marlins,111,146,676979.0,Garrett Crochet,676083.0,Janson Junk,Final
776710,2025-08-17,Toronto Blue Jays,Texas Rangers,141,140,621244.0,José Berríos,543135.0,Nathan Eovaldi,Final
776706,2025-08-17,Cleveland Guardians,Atlanta Braves,114,144,671106.0,Logan Allen,607200.0,Erick Fedde,Final
776709,2025-08-17,Cincinnati Reds,Milwaukee Brewers,113,158,671096.0,Andrew Abbott,500779.0,Jose Quintana,Final
776705,2025-08-17,Houston Astros,Baltimore Orioles,117,110,664299.0,Cristian Javier,665152.0,Dean Kremer,Final
776700,2025-08-17,Minnesota Twins,Detroit Tigers,142,116,641672.0,Thomas Hatch,663978.0,Chris Paddack,Final
776702,2025-08-17,Kansas City Royals,Chicago White Sox,118,145,686701.0,Ryan Bergert,663436.0,Davis Martin,Final
776698,2025-08-17,St. Louis Cardinals,New York Yankees,138,147,571945.0,Miles Mikolas,701542.0,Will Warren,Final
776704,2025-08-17,Chicago Cubs,Pittsburgh Pirates,112,134,665871.0,Javier Assad,669387.0,Carmen Mlodzinski,Final
776701,2025-08-17,Colorado Rockies,Arizona Diamondbacks,115,109,622608.0,Antonio Senzatela,622503.0,Nabil Crismatt,Final
776699,2025-08-17,Athletics,Los Angeles Angels,133,108,605488.0,Jeffrey Springs,667755.0,José Soriano,Final
776703,2025-08-17,San Francisco Giants,Tampa Bay Rays,137,139,657277.0,Logan Webb,686752.0,Ryan Pepiot,Final
776697,2025-08-17,Los Angeles Dodgers,San Diego Padres,119,135,607192.0,Tyler Glasnow,506433.0,Yu Darvish,Final
776707,2025-08-17,New York Mets,Seattle Mariners,121,136,605280.0,Clay Holmes,669923.0,George Kirby,Final
776692,2025-08-18,Detroit Tigers,Houston Astros,116,117,656427.0,Jack Flaherty,681293.0,Spencer Arrighetti,Final
776694,2025-08-18,Pittsburgh Pirates,Toronto Blue Jays,134,141,694973.0,Paul Skenes,592332.0,Kevin Gausman,Final
776688,2025-08-18,Miami Marlins,St. Louis Cardinals,146,138,691587.0,Eury Pérez,669461.0,Matthew Liberatore,Final
776689,2025-08-18,Philadelphia Phillies,Seattle Mariners,143,136,624133.0,Ranger Suárez,669302.0,Logan Gilbert,Final
776695,2025-08-18,Boston Red Sox,Baltimore Orioles,111,110,669160.0,Dustin May,669432.0,Trevor Rogers,Final
776696,2025-08-18,Atlanta Braves,Chicago White Sox,144,145,675911.0,Spencer Strider,672782.0,Yoendrys Gómez,Final
776690,2025-08-18,Kansas City Royals,Texas Rangers,118,140,608379.0,Michael Wacha,683004.0,Jack Leiter,Final
776693,2025-08-18,Colorado Rockies,Los Angeles Dodgers,115,119,607536.0,Kyle Freeland,808967.0,Yoshinobu Yamamoto,Final
776681,2025-08-18,Los Angeles Angels,Cincinnati Reds,108,113,682989.0,Victor Mederos,663903.0,Brady Singer,Final
776682,2025-08-18,Arizona Diamondbacks,Cleveland Guardians,109,114,668678.0,Zac Gallen,668909.0,Gavin Williams,Final
776683,2025-08-18,San Diego Padres,San Francisco Giants,135,137,641482.0,Nestor Cortes,592662.0,Robbie Ray,Final
776691,2025-08-18,Chicago Cubs,Milwaukee Brewers,112,158,,,,,Postponed
776676,2025-08-19,Chicago Cubs,Milwaukee Brewers,112,158,592791.0,Jameson Taillon,605540.0,Brandon Woodruff,Final
776685,2025-08-19,Detroit Tigers,Houston Astros,116,117,669373.0,Tarik Skubal,686613.0,Hunter Brown,Final
776679,2025-08-19,Pittsburgh Pirates,Toronto Blue Jays,134,141,656605.0,Mitch Keller,453286.0,Max Scherzer,Final
776686,2025-08-19,Miami Marlins,St. Louis Cardinals,146,138,665795.0,Edward Cabrera,700241.0,Michael McGreevy,Final
776678,2025-08-19,Washington Nationals,New York Mets,120,121,663623.0,Jake Irvin,656849.0,David Peterson,Final
776680,2025-08-19,Philadelphia Phillies,Seattle Mariners,143,136,650911.0,Cristopher Sánchez,682243.0,Bryce Miller,Final
776684,2025-08-19,Boston Red Sox,Baltimore Orioles,111,110,621111.0,Walker Buehler,608372.0,Tomoyuki Sugano,Final
776687,2025-08-19,Atlanta Braves,Chicago White Sox,144,145,693821.0,Bryce Elder,681343.0,Shane Smith,Final
776677,2025-08-19,Tampa Bay Rays,New York Yankees,139,147,669358.0,Shane Baz,607074.0,Carlos Rodón,Final
776675,2025-08-19,Kansas City Royals,Texas Rangers,118,140,607625.0,Seth Lugo,518876.0,Merrill Kelly,Final
776674,2025-08-19,Minnesota Twins,Athletics,142,133,657746.0,Joe Ryan,682052.0,Jacob Lopez,Final
776671,2025-08-19,Colorado Rockies,Los Angeles Dodgers,115,119,596295.0,Austin Gomber,686218.0,Emmet Sheehan,Final
776668,2025-08-19,Los Angeles Angels,Cincinnati Reds,108,113,543294.0,Kyle Hendricks,668881.0,Hunter Greene,Final
776672,2025-08-19,Arizona Diamondbacks,Cleveland Guardians,109,114,593958.0,Eduardo Rodriguez,676440.0,Tanner Bibee,Final
776667,2025-08-19,San Diego Padres,San Francisco Giants,135,137,601713.0,Nick Pivetta,678906.0,Kai-Wei Teng,Final
776661,2025-08-20,Pittsburgh Pirates,Toronto Blue Jays,134,141,670912.0,Johan Oviedo,605135.0,Chris Bassitt,Final
776662,2025-08-20,Philadelphia Phillies,Seattle Mariners,143,136,666200.0,Jesús Luzardo,622491.0,Luis Castillo,Final
776673,2025-08-20,Detroit Tigers,Houston Astros,116,117,450203.0,Charlie Morton,664285.0,Framber Valdez,Final
776658,2025-08-20,Arizona Diamondbacks,Cleveland Guardians,109,114,694297.0,Brandon Pfaadt,800048.0,Parker Messick,Final
776670,2025-08-20,Miami Marlins,St. Louis Cardinals,146,138,645261.0,Sandy Alcantara,669467.0,Andre Pallante,Final
776659,2025-08-20,Washington Nationals,New York Mets,120,121,695418.0,Brad Lord,673540.0,Kodai Senga,Final
776669,2025-08-20,Atlanta Braves,Chicago White Sox,144,145,694462.0,Hurston Waldrep,527048.0,Martín Pérez,Final
776664,2025-08-20,Tampa Bay Rays,New York Yankees,139,147,656876.0,Drew Rasmussen,693645.0,Cam Schlittler,Final
776666,2025-08-20,Kansas City Royals,Texas Rangers,118,140,702070.0,Noah Cameron,676961.0,Caleb Boushley,Final
776665,2025-08-20,Minnesota Twins,Athletics,142,133,641927.0,Bailey Ober,669372.0,J.T. Ginn,Final
776663,2025-08-20,Chicago Cubs,Milwaukee Brewers,112,158,607067.0,Colin Rea,694819.0,Jacob Misiorowski,Final
776660,2025-08-20,Colorado Rockies,Los Angeles Dodgers,115,119,685299.0,Tanner Gordon,660271.0,Shohei Ohtani,Final
776652,2025-08-20,Los Angeles Angels,Cincinnati Reds,108,113,579328.0,Yusei Kikuchi,607259.0,Nick Martinez,Final
776656,2025-08-20,San Diego Padres,San Francisco Giants,135,137,676664.0,JP Sears,694738.0,Landen Roupp,Final
776653,2025-08-21,Minnesota Twins,Athletics,142,133,570632.0,José Ureña,678022.0,Jack Perkins,Final
776657,2025-08-21,Kansas City Royals,Texas Rangers,118,140,547179.0,Michael Lorenzen,571578.0,Patrick Corbin,Final
776651,2025-08-21,Chicago Cubs,Milwaukee Brewers,112,158,684007.0,Shota Imanaga,682990.0,Quinn Priester,Final
776644,2025-08-21,Colorado Rockies,Los Angeles Dodgers,115,119,801403.0,Chase Dollander,477132.0,Clayton Kershaw,Final
776650,2025-08-21,Washington Nationals,New York Mets,120,121,669022.0,MacKenzie Gore,640455.0,Sean Manaea,Final
776642,2025-08-21,San Diego Padres,San Francisco Giants,135,137,656302.0,Dylan Cease,434378.0,Justin Verlander,Final
776655,2025-08-21,Baltimore Orioles,Houston Astros,110,117,687064.0,Brandon Young,669920.0,Jason Alexander,Final
776654,2025-08-21,New York Yankees,Boston Red Sox,147,111,661563.0,Luis Gil,608337.0,Lucas Giolito,Final
776631,2025-08-21,Tampa Bay Rays,St. Louis Cardinals,139,138,671212.0,Joe Boyle,543243.0,Sonny Gray,Final
776637,2025-08-22,Pittsburgh Pirates,Colorado Rockies,134,115,677952.0,Braxton Ashcraft,622608.0,Antonio Senzatela,Final
776648,2025-08-22,Philadelphia Phillies,Washington Nationals,143,120,592836.0,Taijuan Walker,676917.0,Cade Cavalli,Final
776643,2025-08-22,Baltimore Orioles,Houston Astros,110,117,700249.0,Cade Povich,621121.0,Lance McCullers Jr.,Final
776647,2025-08-22,New York Yankees,Boston Red Sox,147,111,608331.0,Max Fried,678394.0,Brayan Bello,Final
776649,2025-08-22,Detroit Tigers,Kansas City Royals,116,118,663554.0,Casey Mize,686701.0,Ryan Bergert,Final
776646,2025-08-22,Miami Marlins,Toronto Blue Jays,146,141,687473.0,Ryan Gusto,669456.0,Shane Bieber,Final
776645,2025-08-22,Atlanta Braves,New York Mets,144,121,666214.0,Joey Wentz,690997.0,Nolan McLean,Final
776633,2025-08-22,Tampa Bay Rays,St. Louis Cardinals,139,138,605288.0,Adrian Houser,571945.0,Miles Mikolas,Final
776639,2025-08-22,Chicago White Sox,Minnesota Twins,145,142,650644.0,Aaron Civale,805673.0,Zebby Matthews,Final
776641,2025-08-22,Texas Rangers,Cleveland Guardians,140,114,543135.0,Nathan Eovaldi,677944.0,Slade Cecconi,Final
776634,2025-08-22,Milwaukee Brewers,San Francisco Giants,158,137,500779.0,Jose Quintana,687931.0,Carson Whisenhunt,Final
776640,2025-08-22,Los Angeles Angels,Chicago Cubs,108,112,542881.0,Tyler Anderson,665871.0,Javier Assad,Final
776635,2025-08-22,Arizona Diamondbacks,Cincinnati Reds,109,113,669194.0,Ryne Nelson,641793.0,Zack Littell,Final
776636,2025-08-22,San Diego Padres,Los Angeles Dodgers,135,119,506433.0,Yu Darvish,605483.0,Blake Snell,Final
776638,2025-08-22,Seattle Mariners,Athletics,136,133,693433.0,Bryan Woo,806960.0,Luis Morales,Final
776627,2025-08-23,New York Yankees,Boston Red Sox,147,111,701542.0,Will Warren,676979.0,Garrett Crochet,Final
776630,2025-08-23,Miami Marlins,Toronto Blue Jays,146,141,676083.0,Janson Junk,621244.0,José Berríos,Final
776628,2025-08-23,Philadelphia Phillies,Washington Nationals,143,120,605400.0,Aaron Nola,680730.0,Mitchell Parker,Final
776625,2025-08-23,Detroit Tigers,Kansas City Royals,116,118,663978.0,Chris Paddack,608379.0,Michael Wacha,Final
776632,2025-08-23,Pittsburgh Pirates,Colorado Rockies,134,115,681347.0,Mike Burrows,607536.0,Kyle Freeland,Final
776629,2025-08-23,Baltimore Orioles,Houston Astros,110,117,665152.0,Dean Kremer,664299.0,Cristian Javier,Final
776623,2025-08-23,Texas Rangers,Cleveland Guardians,140,114,683004.0,Jack Leiter,671106.0,Logan Allen,Final
776619,2025-08-23,Chicago White Sox,Minnesota Twins,145,142,663436.0,Davis Martin,690953.0,Mick Abel,Final
776621,2025-08-23,Milwaukee Brewers,San Francisco Giants,158,137,642547.0,Freddy Peralta,657277.0,Logan Webb,Final
776626,2025-08-23,Atlanta Braves,New York Mets,144,121,615698.0,Cal Quantrill,605280.0,Clay Holmes,Final
776622,2025-08-23,Arizona Diamondbacks,Cincinnati Reds,109,113,656222.0,Jalen Beeks,671096.0,Andrew Abbott,Final
776617,2025-08-23,San Diego Padres,Los Angeles Dodgers,135,119,641482.0,Nestor Cortes,607192.0,Tyler Glasnow,Final
776618,2025-08-23,Los Angeles Angels,Chicago Cubs,108,112,682989.0,Victor Mederos,690990.0,Cade Horton,Final
776620,2025-08-23,Seattle Mariners,Athletics,136,133,669923.0,George Kirby,605488.0,Jeffrey Springs,Final
776610,2025-08-24,Pittsburgh Pirates,Colorado Rockies,134,115,694973.0,Paul Skenes,685326.0,McCade Brown,Final
776606,2025-08-24,Tampa Bay Rays,St. Louis Cardinals,139,138,686752.0,Ryan Pepiot,669461.0,Matthew Liberatore,Final
776612,2025-08-24,Baltimore Orioles,Houston Astros,110,117,669432.0,Trevor Rogers,681293.0,Spencer Arrighetti,Final
776613,2025-08-24,Philadelphia Phillies,Washington Nationals,143,120,624133.0,Ranger Suárez,663623.0,Jake Irvin,Final
776624,2025-08-24,Atlanta Braves,New York Mets,144,121,693821.0,Bryce Elder,656849.0,David Peterson,Final
776615,2025-08-24,Detroit Tigers,Kansas City Royals,116,118,656427.0,Jack Flaherty,607625.0,Seth Lugo,Final
776614,2025-08-24,Miami Marlins,Toronto Blue Jays,146,141,691587.0,Eury Pérez,592332.0,Kevin Gausman,Final
776607,2025-08-24,Chicago White Sox,Minnesota Twins,145,142,672782.0,Yoendrys Gómez,671737.0,Taj Bradley,Final
776608,2025-08-24,Milwaukee Brewers,San Francisco Giants,158,137,694477.0,Chad Patrick,592662.0,Robbie Ray,Final
776611,2025-08-24,Texas Rangers,Cleveland Guardians,140,114,518876.0,Merrill Kelly,668909.0,Gavin Williams,Final
776605,2025-08-24,Los Angeles Angels,Chicago Cubs,108,112,543294.0,Kyle Hendricks,592791.0,Jameson Taillon,Final
776609,2025-08-24,Arizona Diamondbacks,Cincinnati Reds,109,113,668678.0,Zac Gallen,663903.0,Brady Singer,Final
776603,2025-08-24,San Diego Padres,Los Angeles Dodgers,135,119,601713.0,Nick Pivetta,808967.0,Yoshinobu Yamamoto,Final
776602,2025-08-24,Seattle Mariners,Athletics,136,133,669302.0,Logan Gilbert,682052.0,Jacob Lopez,Final
776616,2025-08-24,New York Yankees,Boston Red Sox,147,111,607074.0,Carlos Rodón,669160.0,Dustin May,Final
776604,2025-08-25,Baltimore Orioles,Boston Red Sox,110,111,608372.0,Tomoyuki Sugano,657514.0,Brennan Bernardino,Final
776601,2025-08-25,Cleveland Guardians,Tampa Bay Rays,114,139,676440.0,Tanner Bibee,693855.0,Ian Seymour,Final
776600,2025-08-25,Miami Marlins,Atlanta Braves,146,144,665795.0,Edward Cabrera,675911.0,Spencer Strider,Final
776597,2025-08-25,New York Yankees,Washington Nationals,147,120,693645.0,Cam Schlittler,695418.0,Brad Lord,Final
776596,2025-08-25,Toronto Blue Jays,Minnesota Twins,141,142,453286.0,Max Scherzer,657746.0,Joe Ryan,Final
776598,2025-08-25,New York Mets,Philadelphia Phillies,121,143,673540.0,Kodai Senga,650911.0,Cristopher Sánchez,Final
776599,2025-08-25,Chicago White Sox,Kansas City Royals,145,118,681343.0,Shane Smith,702070.0,Noah Cameron,Final
776593,2025-08-25,Milwaukee Brewers,Arizona Diamondbacks,158,109,605540.0,Brandon Woodruff,593958.0,Eduardo Rodriguez,Final
776589,2025-08-25,St. Louis Cardinals,Pittsburgh Pirates,138,134,700241.0,Michael McGreevy,670912.0,Johan Oviedo,Final
776592,2025-08-25,Texas Rangers,Los Angeles Angels,140,108,594798.0,Jacob deGrom,667755.0,José Soriano,Final
776595,2025-08-25,Seattle Mariners,San Diego Padres,136,135,682243.0,Bryce Miller,676664.0,JP Sears,Final
776590,2025-08-25,Athletics,Detroit Tigers,133,116,669372.0,J.T. Ginn,669373.0,Tarik Skubal,Final
776594,2025-08-25,Los Angeles Dodgers,Cincinnati Reds,119,113,686218.0,Emmet Sheehan,668881.0,Hunter Greene,Final
776591,2025-08-26,Baltimore Orioles,Boston Red Sox,110,111,680694.0,Kyle Bradish,608337.0,Lucas Giolito,Final
776584,2025-08-26,Cleveland Guardians,Tampa Bay Rays,114,139,800048.0,Parker Messick,669358.0,Shane Baz,Final
776581,2025-08-26,Miami Marlins,Atlanta Braves,146,144,645261.0,Sandy Alcantara,694462.0,Hurston Waldrep,Final
776588,2025-08-26,New York Yankees,Washington Nationals,147,120,661563.0,Luis Gil,669022.0,MacKenzie Gore,Final
776582,2025-08-26,Toronto Blue Jays,Minnesota Twins,141,142,605135.0,Chris Bassitt,641927.0,Bailey Ober,Final
776585,2025-08-26,New York Mets,Philadelphia Phillies,121,143,640455.0,Sean Manaea,666200.0,Jesús Luzardo,Final
776583,2025-08-26,Chicago White Sox,Kansas City Royals,145,118,527048.0,Martín Pérez,547179.0,Michael Lorenzen,Final
776586,2025-08-26,Milwaukee Brewers,Arizona Diamondbacks,158,109,694819.0,Jacob Misiorowski,694297.0,Brandon Pfaadt,Final
776578,2025-08-26,St. Louis Cardinals,Pittsburgh Pirates,138,134,669467.0,Andre Pallante,656605.0,Mitch Keller,Final
776575,2025-08-26,Texas Rangers,Los Angeles Angels,140,108,571578.0,Patrick Corbin,579328.0,Yusei Kikuchi,Final
776587,2025-08-26,Houston Astros,Colorado Rockies,117,115,686613.0,Hunter Brown,685299.0,Tanner Gordon,Final
776577,2025-08-26,Seattle Mariners,San Diego Padres,136,135,622491.0,Luis Castillo,656302.0,Dylan Cease,Final
776576,2025-08-26,San Francisco Giants,Chicago Cubs,137,112,434378.0,Justin Verlander,571510.0,Matthew Boyd,Final
776573,2025-08-26,Athletics,Detroit Tigers,133,116,674370.0,Osvaldo Bido,450203.0,Charlie Morton,Final
776574,2025-08-26,Los Angeles Dodgers,Cincinnati Reds,119,113,477132.0,Clayton Kershaw,607259.0,Nick Martinez,Final
776570,2025-08-27,New York Yankees,Washington Nationals,147,120,608331.0,Max Fried,676917.0,Cade Cavalli,Final
776580,2025-08-27,Cleveland Guardians,Tampa Bay Rays,114,139,677944.0,Slade Cecconi,656876.0,Drew Rasmussen,Final
776565,2025-08-27,Miami Marlins,Atlanta Braves,146,144,687473.0,Ryan Gusto,666214.0,Joey Wentz,Final
776561,2025-08-27,Seattle Mariners,San Diego Padres,136,135,693433.0,Bryan Woo,506433.0,Yu Darvish,Final
776579,2025-08-27,Baltimore Orioles,Boston Red Sox,110,111,608650.0,Dietrich Enns,678394.0,Brayan Bello,Final
776567,2025-08-27,Toronto Blue Jays,Minnesota Twins,141,142,641778.0,Eric Lauer,680573.0,Simeon Woods Richardson,Final
776566,2025-08-27,New York Mets,Philadelphia Phillies,121,143,690997.0,Nolan McLean,592836.0,Taijuan Walker,Final
776569,2025-08-27,Chicago White Sox,Kansas City Royals,145,118,650644.0,Aaron Civale,686701.0,Ryan Bergert,Final
776572,2025-08-27,Milwaukee Brewers,Arizona Diamondbacks,158,109,676879.0,Aaron Ashby,669194.0,Ryne Nelson,Final
776568,2025-08-27,St. Louis Cardinals,Pittsburgh Pirates,138,134,543243.0,Sonny Gray,669387.0,Carmen Mlodzinski,Final
776563,2025-08-27,Texas Rangers,Los Angeles Angels,140,108,656641.0,Jacob Latz,686799.0,Jack Kochanowicz,Final
776571,2025-08-27,Houston Astros,Colorado Rockies,117,115,664285.0,Framber Valdez,801403.0,Chase Dollander,Final
776562,2025-08-27,Los Angeles Dodgers,Cincinnati Reds,119,113,660271.0,Shohei Ohtani,666157.0,Nick Lodolo,Final
776557,2025-08-27,San Francisco Giants,Chicago Cubs,137,112,687931.0,Carson Whisenhunt,607067.0,Colin Rea,Final
776559,2025-08-27,Athletics,Detroit Tigers,133,116,806960.0,Luis Morales,663554.0,Casey Mize,Final
776564,2025-08-28,Baltimore Orioles,Boston Red Sox,110,111,700249.0,Cade Povich,676979.0,Garrett Crochet,Final
776555,2025-08-28,Houston Astros,Colorado Rockies,117,115,669920.0,Jason Alexander,607536.0,Kyle Freeland,Final
776553,2025-08-28,Milwaukee Brewers,Arizona Diamondbacks,158,109,500779.0,Jose Quintana,622503.0,Nabil Crismatt,Final
776554,2025-08-28,St. Louis Cardinals,Pittsburgh Pirates,138,134,571945.0,Miles Mikolas,677952.0,Braxton Ashcraft,Final
776550,2025-08-28,San Francisco Giants,Chicago Cubs,137,112,657277.0,Logan Webb,684007.0,Shota Imanaga,Final
776560,2025-08-28,Philadelphia Phillies,Atlanta Braves,143,144,605400.0,Aaron Nola,615698.0,Cal Quantrill,Final
776558,2025-08-28,New York Mets,Miami Marlins,121,146,605280.0,Clay Holmes,800049.0,Adam Mazur,Final
776556,2025-08-28,Chicago White Sox,New York Yankees,145,147,663436.0,Davis Martin,701542.0,Will Warren,Final
776551,2025-08-29,Cincinnati Reds,St. Louis Cardinals,113,138,641793.0,Zack Littell,669461.0,Matthew Liberatore,Final
776545,2025-08-29,Washington Nationals,Tampa Bay Rays,120,139,680730.0,Mitchell Parker,605288.0,Adrian Houser,Final
776552,2025-08-29,Philadelphia Phillies,Atlanta Braves,143,144,624133.0,Ranger Suárez,693821.0,Bryce Elder,Final
776546,2025-08-29,Toronto Blue Jays,Milwaukee Brewers,141,158,669456.0,Shane Bieber,642547.0,Freddy Peralta,Final
776549,2025-08-29,Boston Red Sox,Pittsburgh Pirates,111,134,801139.0,Payton Tolle,694973.0,Paul Skenes,Final
776547,2025-08-29,Cleveland Guardians,Seattle Mariners,114,136,671106.0,Logan Allen,669923.0,George Kirby,Final
776548,2025-08-29,New York Mets,Miami Marlins,121,146,804636.0,Jonah Tong,691587.0,Eury Pérez,Final
776544,2025-08-29,Chicago White Sox,New York Yankees,145,147,672782.0,Yoendrys Gómez,607074.0,Carlos Rodón,Final
776543,2025-08-29,Houston Astros,Los Angeles Angels,117,108,664299.0,Cristian Javier,542881.0,Tyler Anderson,Final
776540,2025-08-29,Kansas City Royals,Detroit Tigers,118,116,607625.0,Seth Lugo,663978.0,Chris Paddack,Final
776541,2025-08-29,Minnesota Twins,San Diego Padres,142,135,805673.0,Zebby Matthews,641482.0,Nestor Cortes,Final
776542,2025-08-29,Colorado Rockies,Chicago Cubs,115,112,608566.0,Germán Márquez,690990.0,Cade Horton,Final
776538,2025-08-29,Athletics,Texas Rangers,133,140,605488.0,Jeffrey Springs,683004.0,Jack Leiter,Final
776534,2025-08-29,Los Angeles Dodgers,Arizona Diamondbacks,119,109,605483.0,Blake Snell,668678.0,Zac Gallen,Final
776533,2025-08-29,San Francisco Giants,Baltimore Orioles,137,110,592662.0,Robbie Ray,665152.0,Dean Kremer,Final
776527,2025-08-30,Toronto Blue Jays,Milwaukee Brewers,141,158,592332.0,Kevin Gausman,682990.0,Quinn Priester,Final
776525,2025-08-30,Washington Nationals,Tampa Bay Rays,120,139,663623.0,Jake Irvin,686752.0,Ryan Pepiot,Final
776539,2025-08-30,Boston Red Sox,Pittsburgh Pirates,111,134,669160.0,Dustin May,670912.0,Johan Oviedo,Final
776535,2025-08-30,New York Mets,Miami Marlins,121,146,656849.0,David Peterson,665795.0,Edward Cabrera,Final
776532,2025-08-30,Philadelphia Phillies,Atlanta Braves,143,144,650911.0,Cristopher Sánchez,519242.0,Chris Sale,Final
776536,2025-08-30,Cincinnati Reds,St. Louis Cardinals,113,138,671096.0,Andrew Abbott,700241.0,Michael McGreevy,Final
776531,2025-08-30,Houston Astros,Los Angeles Angels,117,108,681293.0,Spencer Arrighetti,543294.0,Kyle Hendricks,Final
776530,2025-08-30,Minnesota Twins,San Diego Padres,142,135,671737.0,Taj Bradley,601713.0,Nick Pivetta,Final
776529,2025-08-30,Chicago White Sox,New York Yankees,145,147,681343.0,Shane Smith,693645.0,Cam Schlittler,Final
776528,2025-08-30,Kansas City Royals,Detroit Tigers,118,116,663568.0,Stephen Kolek,656427.0,Jack Flaherty,Final
776537,2025-08-30,Cleveland Guardians,Seattle Mariners,114,136,668909.0,Gavin Williams,669302.0,Logan Gilbert,Final
776516,2025-08-30,San Francisco Giants,Baltimore Orioles,137,110,693313.0,Carson Seymour,669432.0,Trevor Rogers,Final
776526,2025-08-30,Colorado Rockies,Chicago Cubs,115,112,685326.0,McCade Brown,665871.0,Javier Assad,Final
776523,2025-08-30,Los Angeles Dodgers,Arizona Diamondbacks,119,109,607192.0,Tyler Glasnow,593958.0,Eduardo Rodriguez,Final
776524,2025-08-30,Athletics,Texas Rangers,133,140,686930.0,Mason Barnett,518876.0,Merrill Kelly,Final
776518,2025-08-31,Cincinnati Reds,St. Louis Cardinals,113,138,663903.0,Brady Singer,669467.0,Andre Pallante,Final
776513,2025-08-31,Minnesota Twins,San Diego Padres,142,135,657746.0,Joe Ryan,688158.0,David Morgan,Final
776517,2025-08-31,Boston Red Sox,Pittsburgh Pirates,111,134,608337.0,Lucas Giolito,656605.0,Mitch Keller,Final
776520,2025-08-31,Washington Nationals,Tampa Bay Rays,120,139,695418.0,Brad Lord,693855.0,Ian Seymour,Final
776515,2025-08-31,Toronto Blue Jays,Milwaukee Brewers,141,158,453286.0,Max Scherzer,605540.0,Brandon Woodruff,Final
776521,2025-08-31,Cleveland Guardians,Seattle Mariners,114,136,676440.0,Tanner Bibee,682243.0,Bryce Miller,Final
776519,2025-08-31,New York Mets,Miami Marlins,121,146,673540.0,Kodai Senga,645261.0,Sandy Alcantara,Final
776510,2025-08-31,Houston Astros,Los Angeles Angels,117,108,686613.0,Hunter Brown,667755.0,José Soriano,Final
776512,2025-08-31,Kansas City Royals,Detroit Tigers,118,116,608379.0,Michael Wacha,669373.0,Tarik Skubal,Final
776514,2025-08-31,Chicago White Sox,New York Yankees,145,147,527048.0,Martín Pérez,661563.0,Luis Gil,Final
776511,2025-08-31,Colorado Rockies,Chicago Cubs,115,112,685299.0,Tanner Gordon,571510.0,Matthew Boyd,Final
776507,2025-08-31,San Francisco Giants,Baltimore Orioles,137,110,434378.0,Justin Verlander,608372.0,Tomoyuki Sugano,Final
776508,2025-08-31,Athletics,Texas Rangers,133,140,669372.0,J.T. Ginn,594798.0,Jacob deGrom,Final
776509,2025-08-31,Los Angeles Dodgers,Arizona Diamondbacks,119,109,808967.0,Yoshinobu Yamamoto,694297.0,Brandon Pfaadt,Final
776522,2025-08-31,Philadelphia Phillies,Atlanta Braves,143,144,666200.0,Jesús Luzardo,694462.0,Hurston Waldrep,Final
776498,2025-09-01,Washington Nationals,Miami Marlins,120,146,674841.0,Andrew Alvarez,669199.0,Lake Bachar,Final
776501,2025-09-01,Detroit Tigers,New York Mets,116,121,450203.0,Charlie Morton,640455.0,Sean Manaea,Final
776503,2025-09-01,Cincinnati Reds,Toronto Blue Jays,113,141,668881.0,Hunter Greene,605135.0,Chris Bassitt,Final
776505,2025-09-01,Boston Red Sox,Cleveland Guardians,111,114,678394.0,Brayan Bello,800048.0,Parker Messick,Final
776499,2025-09-01,Houston Astros,Los Angeles Angels,117,108,677651.0,Luis Garcia,579328.0,Yusei Kikuchi,Final
776502,2025-09-01,Minnesota Twins,Chicago White Sox,142,145,641927.0,Bailey Ober,686642.0,Fraser Ellard,Final
776497,2025-09-01,St. Louis Cardinals,Athletics,138,133,543243.0,Sonny Gray,806960.0,Luis Morales,Final
776506,2025-09-01,Chicago Cubs,Atlanta Braves,112,144,607067.0,Colin Rea,675911.0,Spencer Strider,Final
776492,2025-09-01,Colorado Rockies,San Francisco Giants,115,137,801403.0,Chase Dollander,678906.0,Kai-Wei Teng,Final
776500,2025-09-01,Milwaukee Brewers,Philadelphia Phillies,158,143,694819.0,Jacob Misiorowski,592836.0,Taijuan Walker,Final
776494,2025-09-01,San Diego Padres,Baltimore Orioles,135,110,656302.0,Dylan Cease,680694.0,Kyle Bradish,Final
776504,2025-09-01,Tampa Bay Rays,Seattle Mariners,139,136,669358.0,Shane Baz,622491.0,Luis Castillo,Final
776495,2025-09-01,Arizona Diamondbacks,Texas Rangers,109,140,669194.0,Ryne Nelson,571578.0,Patrick Corbin,Final
776490,2025-09-02,Detroit Tigers,New York Mets,116,121,687830.0,Sawyer Gipson-Long,690997.0,Nolan McLean,Final
776496,2025-09-02,Pittsburgh Pirates,Los Angeles Dodgers,134,119,669387.0,Carmen Mlodzinski,477132.0,Clayton Kershaw,Final
776491,2025-09-02,Cincinnati Reds,Toronto Blue Jays,113,141,605130.0,Scott Barlow,621244.0,José Berríos,Final
776493,2025-09-02,Boston Red Sox,Cleveland Guardians,111,114,676979.0,Garrett Crochet,677944.0,Slade Cecconi,Final
776482,2025-09-02,Washington Nationals,Miami Marlins,120,146,676917.0,Cade Cavalli,800049.0,Adam Mazur,Final
776485,2025-09-02,Tampa Bay Rays,Seattle Mariners,139,136,656876.0,Drew Rasmussen,693433.0,Bryan Woo,Final
776488,2025-09-02,Kansas City Royals,Los Angeles Angels,118,108,547179.0,Michael Lorenzen,815083.0,Mitch Farris,Final
776487,2025-09-02,Chicago Cubs,Atlanta Braves,112,144,684007.0,Shota Imanaga,666214.0,Joey Wentz,Final
776484,2025-09-02,Minnesota Twins,Chicago White Sox,142,145,680573.0,Simeon Woods Richardson,663436.0,Davis Martin,Final
776483,2025-09-02,St. Louis Cardinals,Athletics,138,133,571945.0,Miles Mikolas,622663.0,Luis Severino,Final
776489,2025-09-02,Houston Astros,New York Yankees,117,147,664285.0,Framber Valdez,608331.0,Max Fried,Final
776486,2025-09-02,Colorado Rockies,San Francisco Giants,115,137,607536.0,Kyle Freeland,657277.0,Logan Webb,Final
776480,2025-09-02,San Diego Padres,Baltimore Orioles,135,110,506433.0,Yu Darvish,669330.0,Tyler Wells,Final
776481,2025-09-02,Arizona Diamondbacks,Texas Rangers,109,140,622503.0,Nabil Crismatt,656641.0,Jacob Latz,Final
776477,2025-09-03,Washington Nationals,Miami Marlins,120,146,680730.0,Mitchell Parker,691587.0,Eury Pérez,Final
776478,2025-09-03,Detroit Tigers,New York Mets,116,121,663554.0,Casey Mize,605280.0,Clay Holmes,Final
776468,2025-09-03,Arizona Diamondbacks,Texas Rangers,109,140,668678.0,Zac Gallen,683004.0,Jack Leiter,Final
776465,2025-09-03,San Diego Padres,Baltimore Orioles,135,110,641482.0,Nestor Cortes,700249.0,Cade Povich,Final
776479,2025-09-03,Pittsburgh Pirates,Los Angeles Dodgers,134,119,677952.0,Braxton Ashcraft,686218.0,Emmet Sheehan,Final
776475,2025-09-03,Cincinnati Reds,Toronto Blue Jays,113,141,641793.0,Zack Littell,669456.0,Shane Bieber,Final
776474,2025-09-03,Boston Red Sox,Cleveland Guardians,111,114,657514.0,Brennan Bernardino,676282.0,Joey Cantillo,Final
776476,2025-09-03,Tampa Bay Rays,Seattle Mariners,139,136,605288.0,Adrian Houser,669923.0,George Kirby,Final
776466,2025-09-03,Kansas City Royals,Los Angeles Angels,118,108,686701.0,Ryan Bergert,702674.0,Caden Dana,Final
776473,2025-09-03,Chicago Cubs,Atlanta Braves,112,144,690990.0,Cade Horton,693821.0,Bryce Elder,Final
776469,2025-09-03,Minnesota Twins,Chicago White Sox,142,145,805673.0,Zebby Matthews,672782.0,Yoendrys Gómez,Final
776471,2025-09-03,Milwaukee Brewers,Philadelphia Phillies,158,143,500779.0,Jose Quintana,605400.0,Aaron Nola,Final
776470,2025-09-03,St. Louis Cardinals,Athletics,138,133,669461.0,Matthew Liberatore,605488.0,Jeffrey Springs,Final
776472,2025-09-03,Houston Astros,New York Yankees,117,147,669920.0,Jason Alexander,701542.0,Will Warren,Final
776467,2025-09-03,Colorado Rockies,San Francisco Giants,115,137,608566.0,Germán Márquez,592662.0,Robbie Ray,Final
776459,2025-09-04,Milwaukee Brewers,Philadelphia Phillies,158,143,642547.0,Freddy Peralta,624133.0,Ranger Suárez,Final
776461,2025-09-04,Pittsburgh Pirates,Los Angeles Dodgers,134,119,694973.0,Paul Skenes,605483.0,Blake Snell,Final
776458,2025-09-04,Tampa Bay Rays,Cleveland Guardians,139,114,686752.0,Ryan Pepiot,671106.0,Logan Allen,Final
776463,2025-09-04,Kansas City Royals,Los Angeles Angels,118,108,702070.0,Noah Cameron,543294.0,Kyle Hendricks,Final
776462,2025-09-04,Minnesota Twins,Chicago White Sox,142,145,671737.0,Taj Bradley,686642.0,Fraser Ellard,Final
776464,2025-09-04,Houston Astros,New York Yankees,117,147,664299.0,Cristian Javier,607074.0,Carlos Rodón,Final
776455,2025-09-05,Chicago Cubs,Washington Nationals,112,120,665871.0,Javier Assad,663623.0,Jake Irvin,Final
776450,2025-09-05,Cincinnati Reds,New York Mets,113,121,671096.0,Andrew Abbott,656849.0,David Peterson,Final
776452,2025-09-05,Detroit Tigers,Chicago White Sox,116,145,656427.0,Jack Flaherty,681343.0,Shane Smith,Final
776453,2025-09-05,Pittsburgh Pirates,Milwaukee Brewers,134,158,670912.0,Johan Oviedo,682990.0,Quinn Priester,Final
776454,2025-09-05,Baltimore Orioles,Los Angeles Dodgers,110,119,665152.0,Dean Kremer,660271.0,Shohei Ohtani,Final
776457,2025-09-05,New York Yankees,Toronto Blue Jays,147,141,693645.0,Cam Schlittler,592332.0,Kevin Gausman,Final
776456,2025-09-05,Miami Marlins,Philadelphia Phillies,146,143,678368.0,Valente Bellozo,650911.0,Cristopher Sánchez,Final
776460,2025-09-05,Atlanta Braves,Seattle Mariners,144,136,519242.0,Chris Sale,669302.0,Logan Gilbert,Final
776451,2025-09-05,Tampa Bay Rays,Cleveland Guardians,139,114,643377.0,Griffin Jax,668909.0,Gavin Williams,Final
776446,2025-09-05,Kansas City Royals,Minnesota Twins,118,142,608379.0,Michael Wacha,641154.0,Pablo López,Final
776449,2025-09-05,Texas Rangers,Houston Astros,140,117,518876.0,Merrill Kelly,676467.0,Colton Gordon,Final
776445,2025-09-05,St. Louis Cardinals,San Francisco Giants,138,137,700241.0,Michael McGreevy,693313.0,Carson Seymour,Final
776442,2025-09-05,Colorado Rockies,San Diego Padres,115,135,607536.0,Kyle Freeland,601713.0,Nick Pivetta,Final
776444,2025-09-05,Los Angeles Angels,Athletics,108,133,667755.0,José Soriano,686930.0,Mason Barnett,Final
776448,2025-09-05,Arizona Diamondbacks,Boston Red Sox,109,111,593958.0,Eduardo Rodriguez,801139.0,Payton Tolle,Final
776436,2025-09-06,New York Yankees,Toronto Blue Jays,147,141,661563.0,Luis Gil,605135.0,Chris Bassitt,Final
776440,2025-09-06,Chicago Cubs,Washington Nationals,112,120,571510.0,Matthew Boyd,695418.0,Brad Lord,Final
776433,2025-09-06,Miami Marlins,Philadelphia Phillies,146,143,645261.0,Sandy Alcantara,666200.0,Jesús Luzardo,Final
776435,2025-09-06,Detroit Tigers,Chicago White Sox,116,145,669373.0,Tarik Skubal,527048.0,Martín Pérez,Final
776439,2025-09-06,Cincinnati Reds,New York Mets,113,121,663903.0,Brady Singer,804636.0,Jonah Tong,Final
776441,2025-09-06,Pittsburgh Pirates,Milwaukee Brewers,134,158,656605.0,Mitch Keller,605540.0,Brandon Woodruff,Final
776443,2025-09-06,Baltimore Orioles,Los Angeles Dodgers,110,119,669432.0,Trevor Rogers,808967.0,Yoshinobu Yamamoto,Final
776438,2025-09-06,Tampa Bay Rays,Cleveland Guardians,139,114,669358.0,Shane Baz,676440.0,Tanner Bibee,Final
776437,2025-09-06,St. Louis Cardinals,San Francisco Giants,138,137,669467.0,Andre Pallante,434378.0,Justin Verlander,Final
776432,2025-09-06,Texas Rangers,Houston Astros,140,117,594798.0,Jacob deGrom,686613.0,Hunter Brown,Final
776434,2025-09-06,Kansas City Royals,Minnesota Twins,118,142,663568.0,Stephen Kolek,657746.0,Joe Ryan,Final
776447,2025-09-06,Atlanta Braves,Seattle Mariners,144,136,694462.0,Hurston Waldrep,682243.0,Bryce Miller,Final
776424,2025-09-06,Arizona Diamondbacks,Boston Red Sox,109,111,694297.0,Brandon Pfaadt,608337.0,Lucas Giolito,Final
776431,2025-09-06,Colorado Rockies,San Diego Padres,115,135,685326.0,McCade Brown,681190.0,Randy Vásquez,Final
776430,2025-09-06,Los Angeles Angels,Athletics,108,133,579328.0,Yusei Kikuchi,669372.0,J.T. Ginn,Final
776428,2025-09-07,Atlanta Braves,Seattle Mariners,144,136,666214.0,Joey Wentz,622491.0,Luis Castillo,Final
776421,2025-09-07,Tampa Bay Rays,Cleveland Guardians,139,114,656876.0,Drew Rasmussen,800048.0,Parker Messick,Final
776427,2025-09-07,Baltimore Orioles,Los Angeles Dodgers,110,119,608372.0,Tomoyuki Sugano,477132.0,Clayton Kershaw,Final
776423,2025-09-07,New York Yankees,Toronto Blue Jays,147,141,608331.0,Max Fried,453286.0,Max Scherzer,Final
776419,2025-09-07,Pittsburgh Pirates,Milwaukee Brewers,134,158,696149.0,Bubba Chandler,694819.0,Jacob Misiorowski,Final
776429,2025-09-07,Cincinnati Reds,New York Mets,113,121,668881.0,Hunter Greene,687075.0,Brandon Sproat,Final
776425,2025-09-07,Detroit Tigers,Chicago White Sox,116,145,450203.0,Charlie Morton,663436.0,Davis Martin,Final
776426,2025-09-07,Miami Marlins,Philadelphia Phillies,146,143,663969.0,Tyler Phillips,592836.0,Taijuan Walker,Final
776422,2025-09-07,Kansas City Royals,Minnesota Twins,118,142,547179.0,Michael Lorenzen,641927.0,Bailey Ober,Final
776416,2025-09-07,St. Louis Cardinals,San Francisco Giants,138,137,543243.0,Sonny Gray,678906.0,Kai-Wei Teng,Final
776420,2025-09-07,Chicago Cubs,Washington Nationals,112,120,519141.0,Drew Pomeranz,674841.0,Andrew Alvarez,Final
776418,2025-09-07,Texas Rangers,Houston Astros,140,117,571578.0,Patrick Corbin,664285.0,Framber Valdez,Final
776417,2025-09-07,Colorado Rockies,San Diego Padres,115,135,685299.0,Tanner Gordon,656302.0,Dylan Cease,Final
776414,2025-09-07,Los Angeles Angels,Athletics,108,133,815083.0,Mitch Farris,622663.0,Luis Severino,Final
776415,2025-09-07,Arizona Diamondbacks,Boston Red Sox,109,111,669194.0,Ryne Nelson,678394.0,Brayan Bello,Final
776413,2025-09-08,Cleveland Guardians,Kansas City Royals,114,118,677944.0,Slade Cecconi,686701.0,Ryan Bergert,Final
776409,2025-09-08,Miami Marlins,Washington Nationals,146,120,676083.0,Janson Junk,676917.0,Cade Cavalli,Final
776405,2025-09-08,Philadelphia Phillies,New York Mets,143,121,605400.0,Aaron Nola,690997.0,Nolan McLean,Final
776412,2025-09-08,Atlanta Braves,Chicago Cubs,144,112,693821.0,Bryce Elder,684007.0,Shota Imanaga,Final
776406,2025-09-08,Texas Rangers,Milwaukee Brewers,140,158,656641.0,Jacob Latz,500779.0,Jose Quintana,Final
776411,2025-09-08,Los Angeles Angels,Minnesota Twins,108,142,702674.0,Caden Dana,680573.0,Simeon Woods Richardson,Final
776407,2025-09-08,San Diego Padres,Cincinnati Reds,135,113,506433.0,Yu Darvish,666157.0,Nick Lodolo,Final
776400,2025-09-08,Seattle Mariners,St. Louis Cardinals,136,138,693433.0,Bryan Woo,571945.0,Miles Mikolas,Final
776399,2025-09-08,San Francisco Giants,Arizona Diamondbacks,137,109,657277.0,Logan Webb,622503.0,Nabil Crismatt,Final
776410,2025-09-08,Athletics,Boston Red Sox,133,111,806960.0,Luis Morales,676979.0,Garrett Crochet,Final
776408,2025-09-08,Los Angeles Dodgers,Colorado Rockies,119,115,607192.0,Tyler Glasnow,801403.0,Chase Dollander,Final
776401,2025-09-09,Baltimore Orioles,Pittsburgh Pirates,110,134,680694.0,Kyle Bradish,681347.0,Mike Burrows,Final
776403,2025-09-09,Cleveland Guardians,Kansas City Royals,114,118,676282.0,Joey Cantillo,702070.0,Noah Cameron,Final
776397,2025-09-09,Miami Marlins,Washington Nationals,146,120,800049.0,Adam Mazur,680730.0,Mitchell Parker,Final
776404,2025-09-09,Philadelphia Phillies,New York Mets,143,121,624133.0,Ranger Suárez,640455.0,Sean Manaea,Final
776398,2025-09-09,New York Yankees,Detroit Tigers,147,116,701542.0,Will Warren,663554.0,Casey Mize,Final
776393,2025-09-09,Toronto Blue Jays,Houston Astros,141,117,669456.0,Shane Bieber,677651.0,Luis Garcia,Final
776402,2025-09-09,Atlanta Braves,Chicago Cubs,144,112,675911.0,Spencer Strider,690990.0,Cade Horton,Final
776388,2025-09-09,Chicago White Sox,Tampa Bay Rays,145,139,672782.0,Yoendrys Gómez,605288.0,Adrian Houser,Final
776395,2025-09-09,Texas Rangers,Milwaukee Brewers,140,158,683004.0,Jack Leiter,694477.0,Chad Patrick,Final
776390,2025-09-09,Los Angeles Angels,Minnesota Twins,108,142,543294.0,Kyle Hendricks,805673.0,Zebby Matthews,Final
776392,2025-09-09,San Diego Padres,Cincinnati Reds,135,113,650633.0,Michael King,641793.0,Zack Littell,Final
776391,2025-09-09,Seattle Mariners,St. Louis Cardinals,136,138,669923.0,George Kirby,669461.0,Matthew Liberatore,Final
776394,2025-09-09,San Francisco Giants,Arizona Diamondbacks,137,109,592662.0,Robbie Ray,668678.0,Zac Gallen,Final
776396,2025-09-09,Athletics,Boston Red Sox,133,111,605488.0,Jeffrey Springs,813349.0,Connelly Early,Final
776389,2025-09-09,Los Angeles Dodgers,Colorado Rockies,119,115,686218.0,Emmet Sheehan,608566.0,Germán Márquez,Final
776375,2025-09-10,Texas Rangers,Milwaukee Brewers,140,158,518876.0,Merrill Kelly,642547.0,Freddy Peralta,Final
776379,2025-09-10,Athletics,Boston Red Sox,133,111,686930.0,Mason Barnett,801139.0,Payton Tolle,Final
776374,2025-09-10,San Francisco Giants,Arizona Diamondbacks,137,109,693313.0,Carson Seymour,593958.0,Eduardo Rodriguez,Final
776376,2025-09-10,Los Angeles Angels,Minnesota Twins,108,142,570632.0,José Ureña,671737.0,Taj Bradley,Final
776387,2025-09-10,Baltimore Orioles,Pittsburgh Pirates,110,134,669330.0,Tyler Wells,694973.0,Paul Skenes,Final
776382,2025-09-10,Cleveland Guardians,Kansas City Royals,114,118,671106.0,Logan Allen,680742.0,Jonathan Bowlan,Final
776386,2025-09-10,Miami Marlins,Washington Nationals,146,120,691587.0,Eury Pérez,663623.0,Jake Irvin,Final
776384,2025-09-10,Philadelphia Phillies,New York Mets,143,121,650911.0,Cristopher Sánchez,605280.0,Clay Holmes,Final
776383,2025-09-10,New York Yankees,Detroit Tigers,147,116,607074.0,Carlos Rodón,656427.0,Jack Flaherty,Final
776385,2025-09-10,Toronto Blue Jays,Houston Astros,141,117,621244.0,José Berríos,669920.0,Jason Alexander,Final
776381,2025-09-10,Atlanta Braves,Chicago Cubs,144,112,519242.0,Chris Sale,592791.0,Jameson Taillon,Final
776378,2025-09-10,Chicago White Sox,Tampa Bay Rays,145,139,680732.0,Sean Burke,643377.0,Griffin Jax,Final
776377,2025-09-10,San Diego Padres,Cincinnati Reds,135,113,601713.0,Nick Pivetta,671096.0,Andrew Abbott,Final
776373,2025-09-10,Seattle Mariners,St. Louis Cardinals,136,138,669302.0,Logan Gilbert,700241.0,Michael McGreevy,Final
776380,2025-09-10,Los Angeles Dodgers,Colorado Rockies,119,115,605483.0,Blake Snell,607536.0,Kyle Freeland,Final
776372,2025-09-11,Baltimore Orioles,Pittsburgh Pirates,110,134,700249.0,Cade Povich,670912.0,Johan Oviedo,Final
776364,2025-09-11,Chicago White Sox,Tampa Bay Rays,145,139,681343.0,Shane Smith,693855.0,Ian Seymour,Final
776369,2025-09-11,Toronto Blue Jays,Houston Astros,141,117,592332.0,Kevin Gausman,664299.0,Cristian Javier,Final
776367,2025-09-11,Miami Marlins,Washington Nationals,146,120,677960.0,Ryan Weathers,669022.0,MacKenzie Gore,Final
776368,2025-09-11,New York Yankees,Detroit Tigers,147,116,693645.0,Cam Schlittler,663947.0,Tyler Holton,Final
776370,2025-09-11,Cleveland Guardians,Kansas City Royals,114,118,668909.0,Gavin Williams,663568.0,Stephen Kolek,Final
776371,2025-09-11,Philadelphia Phillies,New York Mets,143,121,666200.0,Jesús Luzardo,656849.0,David Peterson,Final
776365,2025-09-11,San Diego Padres,Colorado Rockies,135,115,681190.0,Randy Vásquez,685326.0,McCade Brown,Final
776362,2025-09-11,Seattle Mariners,Los Angeles Angels,136,108,682243.0,Bryce Miller,667755.0,José Soriano,Final
776352,2025-09-12,Chicago Cubs,Tampa Bay Rays,112,139,571510.0,Matthew Boyd,669358.0,Shane Baz,Final
776351,2025-09-12,Washington Nationals,Pittsburgh Pirates,120,134,695418.0,Brad Lord,656605.0,Mitch Keller,Final
776354,2025-09-12,Philadelphia Phillies,Kansas City Royals,143,118,621111.0,Walker Buehler,547179.0,Michael Lorenzen,Final
776353,2025-09-12,Toronto Blue Jays,Baltimore Orioles,141,110,605135.0,Chris Bassitt,669432.0,Trevor Rogers,Final
776359,2025-09-12,New York Mets,Texas Rangers,121,140,804636.0,Jonah Tong,594798.0,Jacob deGrom,Final
776361,2025-09-12,Cleveland Guardians,Chicago White Sox,114,145,676440.0,Tanner Bibee,527048.0,Martín Pérez,Final
776366,2025-09-12,Miami Marlins,Detroit Tigers,146,116,645261.0,Sandy Alcantara,669373.0,Tarik Skubal,Final
776363,2025-09-12,Boston Red Sox,New York Yankees,111,147,608337.0,Lucas Giolito,661563.0,Luis Gil,Final
776360,2025-09-12,Atlanta Braves,Houston Astros,144,117,694462.0,Hurston Waldrep,681151.0,Jayden Murray,Final
776355,2025-09-12,Minnesota Twins,Arizona Diamondbacks,142,109,641154.0,Pablo López,694297.0,Brandon Pfaadt,Final
776356,2025-09-12,Milwaukee Brewers,St. Louis Cardinals,158,138,682990.0,Quinn Priester,669467.0,Andre Pallante,Final
776357,2025-09-12,San Diego Padres,Colorado Rockies,135,115,676664.0,JP Sears,685299.0,Tanner Gordon,Final
776358,2025-09-12,Athletics,Cincinnati Reds,133,113,669372.0,J.T. Ginn,663903.0,Brady Singer,Final
776345,2025-09-12,Seattle Mariners,Los Angeles Angels,136,108,622491.0,Luis Castillo,579328.0,Yusei Kikuchi,Final
776350,2025-09-12,San Francisco Giants,Los Angeles Dodgers,137,119,434378.0,Justin Verlander,808967.0,Yoshinobu Yamamoto,Final
776338,2025-09-13,Chicago Cubs,Tampa Bay Rays,112,139,607067.0,Colin Rea,656876.0,Drew Rasmussen,Final
776343,2025-09-13,Toronto Blue Jays,Baltimore Orioles,141,110,453286.0,Max Scherzer,608372.0,Tomoyuki Sugano,Final
776336,2025-09-13,Washington Nationals,Pittsburgh Pirates,120,134,674841.0,Andrew Alvarez,696149.0,Bubba Chandler,Final
776349,2025-09-13,New York Mets,Texas Rangers,121,140,687075.0,Brandon Sproat,571578.0,Patrick Corbin,Final
776347,2025-09-13,Miami Marlins,Detroit Tigers,146,116,676083.0,Janson Junk,450203.0,Charlie Morton,Final
776344,2025-09-13,Boston Red Sox,New York Yankees,111,147,678394.0,Brayan Bello,608331.0,Max Fried,Final
776342,2025-09-13,Philadelphia Phillies,Kansas City Royals,143,118,592836.0,Taijuan Walker,686701.0,Ryan Bergert,Final
776348,2025-09-13,Cleveland Guardians,Chicago White Sox,114,145,800048.0,Parker Messick,663436.0,Davis Martin,Final
776337,2025-09-13,Minnesota Twins,Arizona Diamondbacks,142,109,657746.0,Joe Ryan,669194.0,Ryne Nelson,Final
776346,2025-09-13,Atlanta Braves,Houston Astros,144,117,693821.0,Bryce Elder,686613.0,Hunter Brown,Final
776339,2025-09-13,Milwaukee Brewers,St. Louis Cardinals,158,138,694819.0,Jacob Misiorowski,543243.0,Sonny Gray,Final
776341,2025-09-13,San Diego Padres,Colorado Rockies,135,115,656302.0,Dylan Cease,687134.0,Bradley Blalock,Final
776328,2025-09-13,San Francisco Giants,Los Angeles Dodgers,137,119,657277.0,Logan Webb,477132.0,Clayton Kershaw,Final
776333,2025-09-13,Seattle Mariners,Los Angeles Angels,136,108,693433.0,Bryan Woo,815083.0,Mitch Farris,Final
776340,2025-09-13,Athletics,Cincinnati Reds,133,113,622663.0,Luis Severino,668881.0,Hunter Greene,Final
776320,2025-09-14,Washington Nationals,Pittsburgh Pirates,120,134,676917.0,Cade Cavalli,681347.0,Mike Burrows,Final
776334,2025-09-14,Philadelphia Phillies,Kansas City Royals,143,118,605400.0,Aaron Nola,702070.0,Noah Cameron,Final
776329,2025-09-14,Atlanta Braves,Houston Astros,144,117,666214.0,Joey Wentz,664285.0,Framber Valdez,Final
776322,2025-09-14,Toronto Blue Jays,Baltimore Orioles,141,110,669456.0,Shane Bieber,544150.0,Albert Suárez,Final
776335,2025-09-14,New York Mets,Texas Rangers,121,140,690997.0,Nolan McLean,656641.0,Jacob Latz,Final
776331,2025-09-14,Cleveland Guardians,Chicago White Sox,114,145,677944.0,Slade Cecconi,672782.0,Yoendrys Gómez,Final
776332,2025-09-14,Miami Marlins,Detroit Tigers,146,116,800049.0,Adam Mazur,672456.0,Keider Montero,Final
776324,2025-09-14,Minnesota Twins,Arizona Diamondbacks,142,109,641927.0,Bailey Ober,622503.0,Nabil Crismatt,Final
776326,2025-09-14,Milwaukee Brewers,St. Louis Cardinals,158,138,500779.0,Jose Quintana,571945.0,Miles Mikolas,Final
776321,2025-09-14,Chicago Cubs,Tampa Bay Rays,112,139,684007.0,Shota Imanaga,605288.0,Adrian Houser,Final
776327,2025-09-14,Athletics,Cincinnati Reds,133,113,806960.0,Luis Morales,666157.0,Nick Lodolo,Final
776325,2025-09-14,San Francisco Giants,Los Angeles Dodgers,137,119,592662.0,Robbie Ray,607192.0,Tyler Glasnow,Final
776323,2025-09-14,San Diego Padres,Colorado Rockies,135,115,506433.0,Yu Darvish,608566.0,Germán Márquez,Final
776317,2025-09-14,Seattle Mariners,Los Angeles Angels,136,108,669923.0,George Kirby,543294.0,Kyle Hendricks,Final
776330,2025-09-14,Boston Red Sox,New York Yankees,111,147,676979.0,Garrett Crochet,701542.0,Will Warren,Final
776318,2025-09-15,Pittsburgh Pirates,Chicago Cubs,134,112,677952.0,Braxton Ashcraft,592791.0,Jameson Taillon,Final
776315,2025-09-15,Washington Nationals,Atlanta Braves,120,144,680730.0,Mitchell Parker,675911.0,Spencer Strider,Final
776316,2025-09-15,Tampa Bay Rays,Toronto Blue Jays,139,141,671212.0,Joe Boyle,702056.0,Trey Yesavage,Final
776314,2025-09-15,Chicago White Sox,Baltimore Orioles,145,110,656457.0,Tyler Gilbert,680694.0,Kyle Bradish,Final
776313,2025-09-15,Minnesota Twins,New York Yankees,142,147,680573.0,Simeon Woods Richardson,607074.0,Carlos Rodón,Final
776312,2025-09-15,St. Louis Cardinals,Cincinnati Reds,138,113,669461.0,Matthew Liberatore,641793.0,Zack Littell,Final
776319,2025-09-15,Houston Astros,Texas Rangers,117,140,669920.0,Jason Alexander,683004.0,Jack Leiter,Final
776309,2025-09-15,Arizona Diamondbacks,San Francisco Giants,109,137,668678.0,Zac Gallen,678906.0,Kai-Wei Teng,Final
776311,2025-09-15,Los Angeles Dodgers,Philadelphia Phillies,119,143,607455.0,Anthony Banda,624133.0,Ranger Suárez,Final
776307,2025-09-16,Washington Nationals,Atlanta Braves,120,144,669022.0,MacKenzie Gore,519242.0,Chris Sale,Final
776303,2025-09-16,Detroit Tigers,Cleveland Guardians,116,114,663554.0,Casey Mize,676282.0,Joey Cantillo,Final
776308,2025-09-16,Pittsburgh Pirates,Chicago Cubs,134,112,694973.0,Paul Skenes,690990.0,Cade Horton,Final
776310,2025-09-16,Boston Red Sox,Athletics,111,133,813349.0,Connelly Early,605488.0,Jeffrey Springs,Final
776304,2025-09-16,New York Mets,San Diego Padres,121,135,605280.0,Clay Holmes,650633.0,Michael King,Final
776305,2025-09-16,Tampa Bay Rays,Toronto Blue Jays,139,141,686752.0,Ryan Pepiot,621244.0,José Berríos,Final
776302,2025-09-16,Kansas City Royals,Seattle Mariners,118,136,608379.0,Michael Wacha,669302.0,Logan Gilbert,Final
776306,2025-09-16,Chicago White Sox,Baltimore Orioles,145,110,681343.0,Shane Smith,665152.0,Dean Kremer,Final
776298,2025-09-16,Minnesota Twins,New York Yankees,142,147,805673.0,Zebby Matthews,693645.0,Cam Schlittler,Final
776295,2025-09-16,Milwaukee Brewers,Los Angeles Angels,158,108,642547.0,Freddy Peralta,702674.0,Caden Dana,Final
776300,2025-09-16,St. Louis Cardinals,Cincinnati Reds,138,113,700241.0,Michael McGreevy,671096.0,Andrew Abbott,Final
776301,2025-09-16,Houston Astros,Texas Rangers,117,140,805123.0,AJ Blubaugh,518876.0,Merrill Kelly,Final
776293,2025-09-16,Colorado Rockies,Miami Marlins,115,146,607536.0,Kyle Freeland,691587.0,Eury Pérez,Final
776294,2025-09-16,Arizona Diamondbacks,San Francisco Giants,109,137,593958.0,Eduardo Rodriguez,663941.0,Tristan Beck,Final
776297,2025-09-16,Los Angeles Dodgers,Philadelphia Phillies,119,143,660271.0,Shohei Ohtani,650911.0,Cristopher Sánchez,Final
776287,2025-09-17,Pittsburgh Pirates,Chicago Cubs,134,112,670912.0,Johan Oviedo,571510.0,Matthew Boyd,Final
776283,2025-09-17,St. Louis Cardinals,Cincinnati Reds,138,113,669467.0,Andre Pallante,663903.0,Brady Singer,Final
776285,2025-09-17,Chicago White Sox,Baltimore Orioles,145,110,527048.0,Martín Pérez,669330.0,Tyler Wells,Final
776279,2025-09-17,Arizona Diamondbacks,San Francisco Giants,109,137,694297.0,Brandon Pfaadt,434378.0,Justin Verlander,Final
776286,2025-09-17,Washington Nationals,Atlanta Braves,120,144,695418.0,Brad Lord,694462.0,Hurston Waldrep,Final
776296,2025-09-17,Detroit Tigers,Cleveland Guardians,116,114,656427.0,Jack Flaherty,668909.0,Gavin Williams,Final
776299,2025-09-17,Boston Red Sox,Athletics,111,133,608337.0,Lucas Giolito,686930.0,Mason Barnett,Final
776290,2025-09-17,Tampa Bay Rays,Toronto Blue Jays,139,141,693855.0,Ian Seymour,592332.0,Kevin Gausman,Final
776288,2025-09-17,New York Mets,San Diego Padres,121,135,656849.0,David Peterson,601713.0,Nick Pivetta,Final
776289,2025-09-17,Kansas City Royals,Seattle Mariners,118,136,666142.0,Cole Ragans,682243.0,Bryce Miller,Final
776284,2025-09-17,Minnesota Twins,New York Yankees,142,147,671737.0,Taj Bradley,661563.0,Luis Gil,Final
776291,2025-09-17,Milwaukee Brewers,Los Angeles Angels,158,108,605540.0,Brandon Woodruff,667755.0,José Soriano,Final
776292,2025-09-17,Houston Astros,Texas Rangers,117,140,664299.0,Cristian Javier,594798.0,Jacob deGrom,Final
776277,2025-09-17,Colorado Rockies,Miami Marlins,115,146,685326.0,McCade Brown,677960.0,Ryan Weathers,Final
776280,2025-09-17,Los Angeles Dodgers,Philadelphia Phillies,119,143,605483.0,Blake Snell,666200.0,Jesús Luzardo,Final
776275,2025-09-18,Detroit Tigers,Cleveland Guardians,116,114,669373.0,Tarik Skubal,676440.0,Tanner Bibee,Final
776276,2025-09-18,New York Mets,San Diego Padres,121,135,804636.0,Jonah Tong,681190.0,Randy Vásquez,Final
776269,2025-09-18,Tampa Bay Rays,Toronto Blue Jays,139,141,669358.0,Shane Baz,605135.0,Chris Bassitt,Final
776281,2025-09-18,Boston Red Sox,Athletics,111,133,678394.0,Brayan Bello,669372.0,J.T. Ginn,Final
776272,2025-09-18,Kansas City Royals,Seattle Mariners,118,136,663568.0,Stephen Kolek,622491.0,Luis Castillo,Final
776270,2025-09-18,Colorado Rockies,Miami Marlins,115,146,685299.0,Tanner Gordon,645261.0,Sandy Alcantara,Final
776282,2025-09-18,Cincinnati Reds,Chicago Cubs,113,112,668881.0,Hunter Greene,607067.0,Colin Rea,Final
776278,2025-09-18,Baltimore Orioles,New York Yankees,110,147,700249.0,Cade Povich,608331.0,Max Fried,Final
776274,2025-09-18,Milwaukee Brewers,Los Angeles Angels,158,108,682990.0,Quinn Priester,579328.0,Yusei Kikuchi,Final
776271,2025-09-18,Los Angeles Dodgers,San Francisco Giants,119,137,808967.0,Yoshinobu Yamamoto,657277.0,Logan Webb,Final
776267,2025-09-19,Cincinnati Reds,Chicago Cubs,113,112,666157.0,Nick Lodolo,684007.0,Shota Imanaga,Final
776266,2025-09-19,Pittsburgh Pirates,Athletics,134,133,656605.0,Mitch Keller,622663.0,Luis Severino,Final
776268,2025-09-19,Detroit Tigers,Atlanta Braves,116,144,450203.0,Charlie Morton,693821.0,Bryce Elder,Final
776273,2025-09-19,Baltimore Orioles,New York Yankees,110,147,669432.0,Trevor Rogers,701542.0,Will Warren,Final
776259,2025-09-19,New York Mets,Washington Nationals,121,120,687075.0,Brandon Sproat,674841.0,Andrew Alvarez,Final
776261,2025-09-19,Tampa Bay Rays,Boston Red Sox,139,111,656876.0,Drew Rasmussen,676979.0,Garrett Crochet,Final
776260,2025-09-19,Kansas City Royals,Toronto Blue Jays,118,141,547179.0,Michael Lorenzen,453286.0,Max Scherzer,Final
776264,2025-09-19,Chicago White Sox,San Diego Padres,145,135,663436.0,Davis Martin,656302.0,Dylan Cease,Final
776251,2025-09-19,Texas Rangers,Miami Marlins,140,146,641816.0,Tyler Mahle,676083.0,Janson Junk,Final
776253,2025-09-19,Colorado Rockies,Los Angeles Angels,115,108,687134.0,Bradley Blalock,815083.0,Mitch Farris,Final
776262,2025-09-19,Houston Astros,Seattle Mariners,117,136,686613.0,Hunter Brown,693433.0,Bryan Woo,Final
776263,2025-09-19,Minnesota Twins,Cleveland Guardians,142,114,641154.0,Pablo López,800048.0,Parker Messick,Final
776265,2025-09-19,St. Louis Cardinals,Milwaukee Brewers,138,158,543243.0,Sonny Gray,694819.0,Jacob Misiorowski,Final
776255,2025-09-19,Arizona Diamondbacks,Philadelphia Phillies,109,143,669194.0,Ryne Nelson,592836.0,Taijuan Walker,Final
776256,2025-09-19,Los Angeles Dodgers,San Francisco Giants,119,137,477132.0,Clayton Kershaw,592662.0,Robbie Ray,Final
776258,2025-09-20,Detroit Tigers,Atlanta Braves,116,144,672456.0,Keider Montero,666214.0,Joey Wentz,Final
776243,2025-09-20,Minnesota Twins,Cleveland Guardians,142,114,641927.0,Bailey Ober,671106.0,Logan Allen,Final
776252,2025-09-20,New York Mets,Washington Nationals,121,120,690997.0,Nolan McLean,676917.0,Cade Cavalli,Final
776254,2025-09-20,Cincinnati Reds,Chicago Cubs,113,112,641793.0,Zack Littell,665871.0,Javier Assad,Final
776249,2025-09-20,Pittsburgh Pirates,Athletics,134,133,,,806960.0,Luis Morales,Final
776247,2025-09-20,Tampa Bay Rays,Boston Red Sox,139,111,605288.0,Adrian Houser,690986.0,Kyle Harrison,Final
776242,2025-09-20,Texas Rangers,Miami Marlins,140,146,683004.0,Jack Leiter,800049.0,Adam Mazur,Final
776257,2025-09-20,Baltimore Orioles,New York Yankees,110,147,608372.0,Tomoyuki Sugano,607074.0,Carlos Rodón,Final
776248,2025-09-20,Houston Astros,Seattle Mariners,117,136,664285.0,Framber Valdez,669923.0,George Kirby,Final
776245,2025-09-20,Kansas City Royals,Toronto Blue Jays,118,141,702070.0,Noah Cameron,669456.0,Shane Bieber,Final
776250,2025-09-20,Chicago White Sox,San Diego Padres,145,135,672782.0,Yoendrys Gómez,506433.0,Yu Darvish,Final
776244,2025-09-20,St. Louis Cardinals,Milwaukee Brewers,138,158,571945.0,Miles Mikolas,694477.0,Chad Patrick,Final
776241,2025-09-20,Colorado Rockies,Los Angeles Angels,115,108,608566.0,Germán Márquez,543294.0,Kyle Hendricks,Final
776246,2025-09-20,Arizona Diamondbacks,Philadelphia Phillies,109,143,668678.0,Zac Gallen,605400.0,Aaron Nola,Final
776233,2025-09-20,Los Angeles Dodgers,San Francisco Giants,119,137,607192.0,Tyler Glasnow,678906.0,Kai-Wei Teng,Final
776238,2025-09-21,Detroit Tigers,Atlanta Braves,116,144,663554.0,Casey Mize,675911.0,Spencer Strider,Final
776234,2025-09-21,Pittsburgh Pirates,Athletics,134,133,681347.0,Mike Burrows,687765.0,Mitch Spence,Final
776240,2025-09-21,Baltimore Orioles,New York Yankees,110,147,680694.0,Kyle Bradish,693645.0,Cam Schlittler,Final
776239,2025-09-21,Cincinnati Reds,Chicago Cubs,113,112,671096.0,Andrew Abbott,592791.0,Jameson Taillon,Final
776237,2025-09-21,New York Mets,Washington Nationals,121,120,640455.0,Sean Manaea,663623.0,Jake Irvin,Final
776229,2025-09-21,Kansas City Royals,Toronto Blue Jays,118,141,608379.0,Michael Wacha,702056.0,Trey Yesavage,Final
776225,2025-09-21,Minnesota Twins,Cleveland Guardians,142,114,680573.0,Simeon Woods Richardson,676282.0,Joey Cantillo,Final
776235,2025-09-21,Chicago White Sox,San Diego Padres,145,135,680732.0,Sean Burke,650633.0,Michael King,Final
776231,2025-09-21,St. Louis Cardinals,Milwaukee Brewers,138,158,669461.0,Matthew Liberatore,688107.0,Robert Gasser,Final
776226,2025-09-21,Texas Rangers,Miami Marlins,140,146,518876.0,Merrill Kelly,691587.0,Eury Pérez,Final
776232,2025-09-21,Colorado Rockies,Los Angeles Angels,115,108,607536.0,Kyle Freeland,702674.0,Caden Dana,Final
776227,2025-09-21,Los Angeles Dodgers,San Francisco Giants,119,137,686218.0,Emmet Sheehan,686790.0,Trevor McDonald,Final
776230,2025-09-21,Arizona Diamondbacks,Philadelphia Phillies,109,143,593958.0,Eduardo Rodriguez,624133.0,Ranger Suárez,Final
776228,2025-09-21,Houston Astros,Seattle Mariners,117,136,669920.0,Jason Alexander,669302.0,Logan Gilbert,Final
776236,2025-09-21,Tampa Bay Rays,Boston Red Sox,139,111,671212.0,Joe Boyle,813349.0,Connelly Early,Final
776221,2025-09-22,Atlanta Braves,Washington Nationals,144,120,519242.0,Chris Sale,669022.0,MacKenzie Gore,Final
776222,2025-09-22,San Diego Padres,Milwaukee Brewers,135,158,601713.0,Nick Pivetta,642547.0,Freddy Peralta,Final
776220,2025-09-22,San Francisco Giants,St. Louis Cardinals,137,138,434378.0,Justin Verlander,700241.0,Michael McGreevy,Final
776223,2025-09-23,Baltimore Orioles,Tampa Bay Rays,110,139,665152.0,Dean Kremer,686752.0,Ryan Pepiot,Final
776218,2025-09-23,Cleveland Guardians,Detroit Tigers,114,116,668909.0,Gavin Williams,669373.0,Tarik Skubal,Final
776224,2025-09-23,Cincinnati Reds,Pittsburgh Pirates,113,134,663903.0,Brady Singer,670912.0,Johan Oviedo,Final
776215,2025-09-23,Philadelphia Phillies,Miami Marlins,143,146,650911.0,Cristopher Sánchez,665795.0,Edward Cabrera,Final
776216,2025-09-23,New York Yankees,Chicago White Sox,147,145,661563.0,Luis Gil,681343.0,Shane Smith,Final
776217,2025-09-23,Toronto Blue Jays,Boston Red Sox,141,111,592332.0,Kevin Gausman,608337.0,Lucas Giolito,Final
776219,2025-09-23,Atlanta Braves,Washington Nationals,144,120,694462.0,Hurston Waldrep,695418.0,Brad Lord,Final
776209,2025-09-23,Chicago Cubs,New York Mets,112,121,690990.0,Cade Horton,656849.0,David Peterson,Final
776210,2025-09-23,Texas Rangers,Minnesota Twins,140,142,571578.0,Patrick Corbin,805673.0,Zebby Matthews,Final
776207,2025-09-23,Los Angeles Angels,Kansas City Royals,108,118,691951.0,Sam Aldegheri,666142.0,Cole Ragans,Final
776213,2025-09-23,Arizona Diamondbacks,Los Angeles Dodgers,109,119,694297.0,Brandon Pfaadt,660271.0,Shohei Ohtani,Final
776212,2025-09-23,Seattle Mariners,Colorado Rockies,136,115,682243.0,Bryce Miller,685326.0,McCade Brown,Final
776214,2025-09-23,San Diego Padres,Milwaukee Brewers,135,158,681190.0,Randy Vásquez,669145.0,Bruce Zimmermann,Final
776211,2025-09-23,San Francisco Giants,St. Louis Cardinals,137,138,657277.0,Logan Webb,669467.0,Andre Pallante,Final
776208,2025-09-23,Athletics,Houston Astros,133,117,605488.0,Jeffrey Springs,664299.0,Cristian Javier,Final
776200,2025-09-24,Atlanta Braves,Washington Nationals,144,120,693821.0,Bryce Elder,674841.0,Andrew Alvarez,Final
776198,2025-09-24,San Diego Padres,Milwaukee Brewers,135,158,656302.0,Dylan Cease,694477.0,Chad Patrick,Final
776203,2025-09-24,Baltimore Orioles,Tampa Bay Rays,110,139,669330.0,Tyler Wells,669358.0,Shane Baz,Final
776204,2025-09-24,Cleveland Guardians,Detroit Tigers,114,116,676440.0,Tanner Bibee,656427.0,Jack Flaherty,Final
776202,2025-09-24,Cincinnati Reds,Pittsburgh Pirates,113,134,668881.0,Hunter Greene,694973.0,Paul Skenes,Final
776201,2025-09-24,Philadelphia Phillies,Miami Marlins,143,146,666200.0,Jesús Luzardo,677960.0,Ryan Weathers,Final
776199,2025-09-24,New York Yankees,Chicago White Sox,147,145,608331.0,Max Fried,686642.0,Fraser Ellard,Final
776206,2025-09-24,Toronto Blue Jays,Boston Red Sox,141,111,453286.0,Max Scherzer,676979.0,Garrett Crochet,Final
776205,2025-09-24,Chicago Cubs,New York Mets,112,121,571510.0,Matthew Boyd,804636.0,Jonah Tong,Final
776192,2025-09-24,Texas Rangers,Minnesota Twins,140,142,594798.0,Jacob deGrom,671737.0,Taj Bradley,Final
776197,2025-09-24,Los Angeles Angels,Kansas City Royals,108,118,579328.0,Yusei Kikuchi,663568.0,Stephen Kolek,Final
776193,2025-09-24,Arizona Diamondbacks,Los Angeles Dodgers,109,119,669194.0,Ryne Nelson,605483.0,Blake Snell,Final
776194,2025-09-24,Seattle Mariners,Colorado Rockies,136,115,622491.0,Luis Castillo,685299.0,Tanner Gordon,Final
776196,2025-09-24,San Francisco Giants,St. Louis Cardinals,137,138,664141.0,JT Brubaker,543243.0,Sonny Gray,Final
776195,2025-09-24,Athletics,Houston Astros,133,117,622663.0,Luis Severino,686613.0,Hunter Brown,Final
776190,2025-09-25,Cincinnati Reds,Pittsburgh Pirates,113,134,666157.0,Nick Lodolo,677952.0,Braxton Ashcraft,Final
776191,2025-09-25,Baltimore Orioles,Tampa Bay Rays,110,139,700249.0,Cade Povich,656876.0,Drew Rasmussen,Final
776183,2025-09-25,Texas Rangers,Minnesota Twins,140,142,641816.0,Tyler Mahle,641927.0,Bailey Ober,Final
776182,2025-09-25,Athletics,Houston Astros,133,117,669372.0,J.T. Ginn,664285.0,Framber Valdez,Final
776185,2025-09-25,Arizona Diamondbacks,Los Angeles Dodgers,109,119,656222.0,Jalen Beeks,808967.0,Yoshinobu Yamamoto,Final
776188,2025-09-25,Philadelphia Phillies,Miami Marlins,143,146,621111.0,Walker Buehler,676083.0,Janson Junk,Final
776189,2025-09-25,Cleveland Guardians,Detroit Tigers,114,116,800048.0,Parker Messick,675512.0,Troy Melton,Final
776184,2025-09-25,New York Yankees,Chicago White Sox,147,145,607074.0,Carlos Rodón,663436.0,Davis Martin,Final
776186,2025-09-25,Toronto Blue Jays,Boston Red Sox,141,111,686973.0,Louis Varland,678394.0,Brayan Bello,Final
776187,2025-09-25,Chicago Cubs,New York Mets,112,121,684007.0,Shota Imanaga,690997.0,Nolan McLean,Final
776178,2025-09-25,Los Angeles Angels,Kansas City Royals,108,118,815083.0,Mitch Farris,547179.0,Michael Lorenzen,Final
776179,2025-09-25,Seattle Mariners,Colorado Rockies,136,115,676106.0,Emerson Hancock,687134.0,Bradley Blalock,Final
776167,2025-09-26,Chicago Cubs,St. Louis Cardinals,112,138,607067.0,Colin Rea,571945.0,Miles Mikolas,Final
776176,2025-09-26,Philadelphia Phillies,Minnesota Twins,143,142,605400.0,Aaron Nola,657746.0,Joe Ryan,Final
776165,2025-09-26,Washington Nationals,Chicago White Sox,120,145,676917.0,Cade Cavalli,672782.0,Yoendrys Gómez,Final
776174,2025-09-26,New York Yankees,Baltimore Orioles,147,110,701542.0,Will Warren,669432.0,Trevor Rogers,Final
776177,2025-09-26,Toronto Blue Jays,Tampa Bay Rays,141,139,669456.0,Shane Bieber,605288.0,Adrian Houser,Final
776181,2025-09-26,Boston Red Sox,Detroit Tigers,111,116,690986.0,Kyle Harrison,663554.0,Casey Mize,Final
776175,2025-09-26,Cleveland Guardians,Texas Rangers,114,140,677944.0,Slade Cecconi,683004.0,Jack Leiter,Final
776173,2025-09-26,Miami Marlins,New York Mets,146,121,645261.0,Sandy Alcantara,687075.0,Brandon Sproat,Final
776180,2025-09-26,Atlanta Braves,Pittsburgh Pirates,144,134,666214.0,Joey Wentz,656605.0,Mitch Keller,Final
776171,2025-09-26,Milwaukee Brewers,Cincinnati Reds,158,113,682990.0,Quinn Priester,641793.0,Zack Littell,Final
776169,2025-09-26,Los Angeles Angels,Houston Astros,108,117,543294.0,Kyle Hendricks,669920.0,Jason Alexander,Final
776170,2025-09-26,San Diego Padres,Arizona Diamondbacks,135,109,506433.0,Yu Darvish,668678.0,Zac Gallen,Final
776168,2025-09-26,Seattle Mariners,Los Angeles Dodgers,136,119,669923.0,George Kirby,686218.0,Emmet Sheehan,Final
776172,2025-09-26,Athletics,Kansas City Royals,133,118,686930.0,Mason Barnett,702070.0,Noah Cameron,Final
776166,2025-09-26,San Francisco Giants,Colorado Rockies,137,115,686790.0,Trevor McDonald,608566.0,Germán Márquez,Final
776162,2025-09-27,New York Yankees,Baltimore Orioles,147,110,693645.0,Cam Schlittler,608372.0,Tomoyuki Sugano,Final
776164,2025-09-27,Chicago Cubs,St. Louis Cardinals,112,138,592791.0,Jameson Taillon,700241.0,Michael McGreevy,Final
776159,2025-09-27,Toronto Blue Jays,Tampa Bay Rays,141,139,702056.0,Trey Yesavage,671212.0,Joe Boyle,Final
776146,2025-09-27,San Francisco Giants,Colorado Rockies,137,115,434378.0,Justin Verlander,607536.0,Kyle Freeland,Final
776160,2025-09-27,Washington Nationals,Chicago White Sox,120,145,663623.0,Jake Irvin,656457.0,Tyler Gilbert,Final
776157,2025-09-27,Boston Red Sox,Detroit Tigers,111,116,813349.0,Connelly Early,672456.0,Keider Montero,Final
776161,2025-09-27,Miami Marlins,New York Mets,146,121,691587.0,Eury Pérez,605280.0,Clay Holmes,Final
776163,2025-09-27,Philadelphia Phillies,Minnesota Twins,143,142,624133.0,Ranger Suárez,690953.0,Mick Abel,Final
776158,2025-09-27,Cleveland Guardians,Texas Rangers,114,140,676282.0,Joey Cantillo,656641.0,Jacob Latz,Final
776156,2025-09-27,Atlanta Braves,Pittsburgh Pirates,144,134,675911.0,Spencer Strider,696149.0,Bubba Chandler,Final
776153,2025-09-27,Milwaukee Brewers,Cincinnati Reds,158,113,688107.0,Robert Gasser,671096.0,Andrew Abbott,Final
776152,2025-09-27,San Diego Padres,Arizona Diamondbacks,135,109,650633.0,Michael King,593958.0,Eduardo Rodriguez,Final
776155,2025-09-27,Los Angeles Angels,Houston Astros,108,117,702674.0,Caden Dana,805123.0,AJ Blubaugh,Final
776150,2025-09-27,Seattle Mariners,Los Angeles Dodgers,136,119,669302.0,Logan Gilbert,607192.0,Tyler Glasnow,Final
776154,2025-09-27,Athletics,Kansas City Royals,133,118,806960.0,Luis Morales,608379.0,Michael Wacha,Final
776151,2025-09-28,Boston Red Sox,Detroit Tigers,111,116,592254.0,José De León,663978.0,Chris Paddack,Final
776138,2025-09-28,Athletics,Kansas City Royals,133,118,669620.0,Brady Basso,666142.0,Cole Ragans,Final
776137,2025-09-28,San Francisco Giants,Colorado Rockies,137,115,657277.0,Logan Webb,685326.0,McCade Brown,Final
776141,2025-09-28,Philadelphia Phillies,Minnesota Twins,143,142,650911.0,Cristopher Sánchez,680573.0,Simeon Woods Richardson,Final
776143,2025-09-28,Washington Nationals,Chicago White Sox,120,145,695418.0,Brad Lord,681343.0,Shane Smith,Final
776140,2025-09-28,New York Yankees,Baltimore Orioles,147,110,661563.0,Luis Gil,680694.0,Kyle Bradish,Final
776135,2025-09-28,Los Angeles Angels,Houston Astros,108,117,691951.0,Sam Aldegheri,621121.0,Lance McCullers Jr.,Final
776145,2025-09-28,Toronto Blue Jays,Tampa Bay Rays,141,139,592332.0,Kevin Gausman,693855.0,Ian Seymour,Final
776136,2025-09-28,San Diego Padres,Arizona Diamondbacks,135,109,676664.0,JP Sears,694297.0,Brandon Pfaadt,Final
776139,2025-09-28,Seattle Mariners,Los Angeles Dodgers,136,119,682243.0,Bryce Miller,477132.0,Clayton Kershaw,Final
776147,2025-09-28,Cleveland Guardians,Texas Rangers,114,140,671106.0,Logan Allen,571578.0,Patrick Corbin,Final
776148,2025-09-28,Miami Marlins,New York Mets,146,121,665795.0,Edward Cabrera,640455.0,Sean Manaea,Final
776144,2025-09-28,Milwaukee Brewers,Cincinnati Reds,158,113,642547.0,Freddy Peralta,663903.0,Brady Singer,Final
776149,2025-09-28,Atlanta Braves,Pittsburgh Pirates,144,134,450203.0,Charlie Morton,670912.0,Johan Oviedo,Final
776142,2025-09-28,Chicago Cubs,St. Louis Cardinals,112,138,665871.0,Javier Assad,681517.0,Kyle Leahy,Final
813072,2025-09-30,Cleveland Guardians,Detroit Tigers,114,116,668909.0,Gavin Williams,669373.0,Tarik Skubal,Final
813066,2025-09-30,Chicago Cubs,San Diego Padres,112,135,571510.0,Matthew Boyd,601713.0,Nick Pivetta,Final
813074,2025-09-30,New York Yankees,Boston Red Sox,147,111,608331.0,Max Fried,676979.0,Garrett Crochet,Final
813069,2025-09-30,Los Angeles Dodgers,Cincinnati Reds,119,113,605483.0,Blake Snell,668881.0,Hunter Greene,Final
813071,2025-10-01,Cleveland Guardians,Detroit Tigers,114,116,676440.0,Tanner Bibee,663554.0,Casey Mize,Final
813064,2025-10-01,Chicago Cubs,San Diego Padres,112,135,552640.0,Andrew Kittredge,656302.0,Dylan Cease,Final
813070,2025-10-01,New York Yankees,Boston Red Sox,147,111,607074.0,Carlos Rodón,678394.0,Brayan Bello,Final
813068,2025-10-01,Los Angeles Dodgers,Cincinnati Reds,119,113,808967.0,Yoshinobu Yamamoto,641793.0,Zack Littell,Final
813073,2025-10-02,Cleveland Guardians,Detroit Tigers,114,116,677944.0,Slade Cecconi,656427.0,Jack Flaherty,Final
813059,2025-10-02,Chicago Cubs,San Diego Padres,112,135,592791.0,Jameson Taillon,506433.0,Yu Darvish,Final
813065,2025-10-02,New York Yankees,Boston Red Sox,147,111,693645.0,Cam Schlittler,813349.0,Connelly Early,Final
813047,2025-10-04,Milwaukee Brewers,Chicago Cubs,158,112,642547.0,Freddy Peralta,571510.0,Matthew Boyd,Final
813063,2025-10-04,Toronto Blue Jays,New York Yankees,141,147,592332.0,Kevin Gausman,661563.0,Luis Gil,Final
813051,2025-10-04,Philadelphia Phillies,Los Angeles Dodgers,143,119,650911.0,Cristopher Sánchez,660271.0,Shohei Ohtani,Final
813058,2025-10-04,Seattle Mariners,Detroit Tigers,136,116,669923.0,George Kirby,675512.0,Troy Melton,Final
813062,2025-10-05,Toronto Blue Jays,New York Yankees,141,147,702056.0,Trey Yesavage,608331.0,Max Fried,Final
813057,2025-10-05,Seattle Mariners,Detroit Tigers,136,116,622491.0,Luis Castillo,669373.0,Tarik Skubal,Final
813052,2025-10-06,Philadelphia Phillies,Los Angeles Dodgers,143,119,666200.0,Jesús Luzardo,605483.0,Blake Snell,Final
813048,2025-10-06,Milwaukee Brewers,Chicago Cubs,158,112,676879.0,Aaron Ashby,684007.0,Shota Imanaga,Final
813056,2025-10-07,Detroit Tigers,Seattle Mariners,116,136,656427.0,Jack Flaherty,669302.0,Logan Gilbert,Final
813061,2025-10-07,New York Yankees,Toronto Blue Jays,147,141,607074.0,Carlos Rodón,669456.0,Shane Bieber,Final
813055,2025-10-08,Detroit Tigers,Seattle Mariners,116,136,663554.0,Casey Mize,682243.0,Bryce Miller,Final
813049,2025-10-08,Chicago Cubs,Milwaukee Brewers,112,158,592791.0,Jameson Taillon,682990.0,Quinn Priester,Final
813060,2025-10-08,New York Yankees,Toronto Blue Jays,147,141,693645.0,Cam Schlittler,686973.0,Louis Varland,Final
813041,2025-10-08,Los Angeles Dodgers,Philadelphia Phillies,119,143,808967.0,Yoshinobu Yamamoto,605400.0,Aaron Nola,Final
813042,2025-10-09,Los Angeles Dodgers,Philadelphia Phillies,119,143,607192.0,Tyler Glasnow,650911.0,Cristopher Sánchez,Final
813050,2025-10-09,Chicago Cubs,Milwaukee Brewers,112,158,571510.0,Matthew Boyd,642547.0,Freddy Peralta,Final
813054,2025-10-10,Seattle Mariners,Detroit Tigers,136,116,669923.0,George Kirby,669373.0,Tarik Skubal,Final
813046,2025-10-11,Milwaukee Brewers,Chicago Cubs,158,112,656730.0,Trevor Megill,519141.0,Drew Pomeranz,Final
813040,2025-10-12,Toronto Blue Jays,Seattle Mariners,141,136,592332.0,Kevin Gausman,682243.0,Bryce Miller,Final
813044,2025-10-13,Toronto Blue Jays,Seattle Mariners,141,136,702056.0,Trey Yesavage,669302.0,Logan Gilbert,Final
813036,2025-10-13,Milwaukee Brewers,Los Angeles Dodgers,158,119,676879.0,Aaron Ashby,605483.0,Blake Snell,Final
813034,2025-10-14,Milwaukee Brewers,Los Angeles Dodgers,158,119,642547.0,Freddy Peralta,808967.0,Yoshinobu Yamamoto,Final
813043,2025-10-15,Seattle Mariners,Toronto Blue Jays,136,141,669923.0,George Kirby,669456.0,Shane Bieber,Final
813033,2025-10-16,Los Angeles Dodgers,Milwaukee Brewers,119,158,607192.0,Tyler Glasnow,676879.0,Aaron Ashby,Final
813035,2025-10-16,Seattle Mariners,Toronto Blue Jays,136,141,622491.0,Luis Castillo,453286.0,Max Scherzer,Final
813039,2025-10-17,Seattle Mariners,Toronto Blue Jays,136,141,682243.0,Bryce Miller,592332.0,Kevin Gausman,Final
813031,2025-10-17,Los Angeles Dodgers,Milwaukee Brewers,119,158,660271.0,Shohei Ohtani,500779.0,Jose Quintana,Final
813038,2025-10-19,Toronto Blue Jays,Seattle Mariners,141,136,702056.0,Trey Yesavage,669302.0,Logan Gilbert,Final
813037,2025-10-20,Toronto Blue Jays,Seattle Mariners,141,136,669456.0,Shane Bieber,669923.0,George Kirby,Final
813027,2025-10-24,Toronto Blue Jays,Los Angeles Dodgers,141,119,702056.0,Trey Yesavage,605483.0,Blake Snell,Final
813026,2025-10-25,Toronto Blue Jays,Los Angeles Dodgers,141,119,592332.0,Kevin Gausman,808967.0,Yoshinobu Yamamoto,Final
813032,2025-10-27,Los Angeles Dodgers,Toronto Blue Jays,119,141,607192.0,Tyler Glasnow,453286.0,Max Scherzer,Final
813023,2025-10-28,Los Angeles Dodgers,Toronto Blue Jays,119,141,660271.0,Shohei Ohtani,669456.0,Shane Bieber,Final
813022,2025-10-29,Los Angeles Dodgers,Toronto Blue Jays,119,141,605483.0,Blake Snell,702056.0,Trey Yesavage,Final
813025,2025-10-31,Toronto Blue Jays,Los Angeles Dodgers,141,119,592332.0,Kevin Gausman,808967.0,Yoshinobu Yamamoto,Final
813024,2025-11-01,Toronto Blue Jays,Los Angeles Dodgers,141,119,453286.0,Max Scherzer,660271.0,Shohei Ohtani,Final
832034,2026-02-20,Baltimore Orioles,New York Yankees,110,147,669432.0,Trevor Rogers,695684.0,Elmer Rodríguez,Final
832033,2026-02-20,Boston Red Sox,Northeastern Huskies,111,343,700413.0,Tyler Uberstine,832084.0,Robbie O'Connor,Final
831829,2026-02-20,Texas Rangers,Kansas City Royals,140,118,543135.0,Nathan Eovaldi,663568.0,Stephen Kolek,Final
832042,2026-02-20,Chicago Cubs,Chicago White Sox,112,145,592791.0,Jameson Taillon,686563.0,Jonathan Cannon,Final
831959,2026-02-20,Colorado Rockies,Arizona Diamondbacks,115,109,622608.0,Antonio Senzatela,641672.0,Thomas Hatch,Final
831764,2026-02-20,Seattle Mariners,San Diego Padres,136,135,641540.0,Dane Dunning,695247.0,Jagger Haynes,Final
832043,2026-02-20,Minnesota Twins,Minnesota Golden Gophers,142,4864,805673.0,Zebby Matthews,,,Completed Early
831598,2026-02-21,Washington Nationals,Houston Astros,120,117,671109.0,Jake Eder,676467.0,Colton Gordon,Final
831544,2026-02-21,Baltimore Orioles,Pittsburgh Pirates,110,134,665152.0,Dean Kremer,696062.0,Wilber Dotel,Final
831494,2026-02-21,St. Louis Cardinals,Washington Nationals,138,120,669461.0,Matthew Liberatore,829272.0,Shinnosuke Ogasawara,Final
831654,2026-02-21,Minnesota Twins,Boston Red Sox,142,111,834575.0,Eston Stull,801139.0,Payton Tolle,Final
831543,2026-02-21,Tampa Bay Rays,Atlanta Braves,139,144,694375.0,T.J. Nichols,471911.0,Carlos Carrasco,Final
831655,2026-02-21,New York Yankees,Detroit Tigers,147,116,801739.0,Carlos Lagrange,672456.0,Keider Montero,Final
831542,2026-02-21,Toronto Blue Jays,Philadelphia Phillies,141,143,641778.0,Eric Lauer,669060.0,Bryse Wilson,Final
831497,2026-02-21,New York Mets,Miami Marlins,121,146,663399.0,Brandon Waddell,702281.0,Robby Snelling,Final
831900,2026-02-21,Cleveland Guardians,Cincinnati Reds,114,113,671106.0,Logan Allen,695505.0,Chase Burns,Final
831775,2026-02-21,Kansas City Royals,San Diego Padres,118,135,686701.0,Ryan Bergert,663362.0,Matt Waldron,Final
831732,2026-02-21,Chicago Cubs,Texas Rangers,112,140,571510.0,Matthew Boyd,677958.0,Kumar Rocker,Final
831948,2026-02-21,Chicago White Sox,Athletics,145,133,669684.0,Chris Murphy,678022.0,Jack Perkins,Final
831872,2026-02-21,Arizona Diamondbacks,Colorado Rockies,109,115,683352.0,Mitch Bratt,678368.0,Valente Bellozo,Final
832063,2026-02-21,Los Angeles Angels,Los Angeles Dodgers,108,119,667755.0,José Soriano,808967.0,Yoshinobu Yamamoto,Final
831750,2026-02-21,Seattle Mariners,San Francisco Giants,136,137,676106.0,Emerson Hancock,806185.0,Hayden Birdsong,Final
831878,2026-02-21,Milwaukee Brewers,Cleveland Guardians,158,114,668831.0,Garrett Stallings,676282.0,Joey Cantillo,Final
831657,2026-02-22,Detroit Tigers,Baltimore Orioles,116,110,656427.0,Jack Flaherty,680694.0,Kyle Bradish,Final
831548,2026-02-22,Houston Astros,St. Louis Cardinals,117,138,681347.0,Mike Burrows,681517.0,Kyle Leahy,Final
831596,2026-02-22,Pittsburgh Pirates,Tampa Bay Rays,134,139,656605.0,Mitch Keller,663765.0,Jake Woodford,Final
831656,2026-02-22,Boston Red Sox,Toronto Blue Jays,111,141,678394.0,Brayan Bello,800125.0,Fernando Perez,Final
831484,2026-02-22,Philadelphia Phillies,Pittsburgh Pirates,143,134,670950.0,Trevor Richards,677952.0,Braxton Ashcraft,Final
831597,2026-02-22,Atlanta Braves,Minnesota Twins,144,142,519242.0,Chris Sale,671737.0,Taj Bradley,Final
831537,2026-02-22,New York Yankees,New York Mets,147,121,661563.0,Luis Gil,663795.0,Justin Hagenman,Final
831495,2026-02-22,Miami Marlins,Washington Nationals,146,120,645261.0,Sandy Alcantara,680730.0,Mitchell Parker,Final
831886,2026-02-22,Athletics,Cleveland Guardians,133,114,622663.0,Luis Severino,800048.0,Parker Messick,Final
831744,2026-02-22,Cincinnati Reds,Seattle Mariners,113,136,683742.0,Jose Franco,677976.0,Randy Dobnak,Final
831922,2026-02-22,San Francisco Giants,Chicago Cubs,137,112,592662.0,Robbie Ray,607067.0,Colin Rea,Final
831859,2026-02-22,Texas Rangers,Colorado Rockies,140,115,669022.0,MacKenzie Gore,623474.0,Jimmy Herget,Final
831790,2026-02-22,Chicago White Sox,Milwaukee Brewers,145,158,678024.0,Mike Vasil,701656.0,Logan Henderson,Final
831830,2026-02-22,Arizona Diamondbacks,Los Angeles Angels,109,108,684442.0,Kohl Drake,666201.0,Alek Manoah,Final
831803,2026-02-22,San Diego Padres,Los Angeles Dodgers,135,119,681190.0,Randy Vásquez,701328.0,Jackson Ferris,Final
831841,2026-02-22,Milwaukee Brewers,Kansas City Royals,158,118,688107.0,Robert Gasser,663559.0,Bailey Falter,Final
831652,2026-02-23,Tampa Bay Rays,Boston Red Sox,139,111,656876.0,Drew Rasmussen,813349.0,Connelly Early,Final
831658,2026-02-23,Detroit Tigers,Minnesota Twins,116,142,669373.0,Tarik Skubal,690953.0,Mick Abel,Final
831540,2026-02-23,Baltimore Orioles,Atlanta Braves,110,144,700249.0,Cade Povich,803833.0,Garrett Baumann,Final
831485,2026-02-23,St. Louis Cardinals,Miami Marlins,138,146,700241.0,Michael McGreevy,691587.0,Eury Pérez,Final
831595,2026-02-23,Pittsburgh Pirates,New York Yankees,134,147,696149.0,Bubba Chandler,642232.0,Ryan Yarbrough,Final
831539,2026-02-23,Toronto Blue Jays,New York Mets,141,121,621244.0,José Berríos,605280.0,Clay Holmes,Final
831955,2026-02-23,Cleveland Guardians,Arizona Diamondbacks,114,109,676440.0,Tanner Bibee,664199.0,Taylor Clarke,Final
831927,2026-02-23,Kansas City Royals,Chicago Cubs,118,112,607625.0,Seth Lugo,676962.0,Ben Brown,Final
831745,2026-02-23,Los Angeles Dodgers,Seattle Mariners,119,136,689017.0,Landon Knack,669302.0,Logan Gilbert,Final
831939,2026-02-23,San Francisco Giants,Athletics,137,133,664141.0,JT Brubaker,669372.0,J.T. Ginn,Final
831724,2026-02-23,Los Angeles Angels,Texas Rangers,108,140,672282.0,Reid Detmers,683004.0,Jack Leiter,Final
831912,2026-02-23,Colorado Rockies,Chicago White Sox,115,145,547179.0,Michael Lorenzen,681343.0,Shane Smith,Final
831783,2026-02-23,San Diego Padres,Milwaukee Brewers,135,158,676664.0,JP Sears,668834.0,Easton McGee,Final
831483,2026-02-23,Washington Nationals,Philadelphia Phillies,120,143,663623.0,Jake Irvin,660604.0,Alan Rangel,Final
831534,2026-02-24,Boston Red Sox,Pittsburgh Pirates,111,134,624133.0,Ranger Suarez,669387.0,Carmen Mlodzinski,Final
831651,2026-02-24,Minnesota Twins,Baltimore Orioles,142,110,702193.0,Andrew Morris,544150.0,Albert Suárez,Final
831650,2026-02-24,Tampa Bay Rays,Minnesota Twins,139,142,671212.0,Joe Boyle,681306.0,Christian MacLeod,Final
831594,2026-02-24,Atlanta Braves,Detroit Tigers,144,116,625643.0,Reynaldo López,646241.0,Enmanuel De Jesus,Final
831649,2026-02-24,Toronto Blue Jays,New York Yankees,141,147,814804.0,Grant Rogers,701542.0,Will Warren,Final
831593,2026-02-24,New York Mets,Houston Astros,121,117,811307.0,Jack Wenninger,669920.0,Jason Alexander,Final
831489,2026-02-24,Miami Marlins,Philadelphia Phillies,146,143,663978.0,Chris Paddack,686751.0,Seth Johnson,Final
831847,2026-02-24,Cincinnati Reds,Kansas City Royals,113,118,671096.0,Andrew Abbott,608379.0,Michael Wacha,Final
831876,2026-02-24,Los Angeles Dodgers,Cleveland Guardians,119,114,694813.0,Gavin Stone,668909.0,Gavin Williams,Final
831781,2026-02-24,Chicago Cubs,San Diego Padres,112,135,684007.0,Shota Imanaga,594835.0,Marco Gonzales,Final
831951,2026-02-24,Texas Rangers,Arizona Diamondbacks,140,109,656641.0,Jacob Latz,647336.0,Michael Soroka,Final
831797,2026-02-24,Athletics,Milwaukee Brewers,133,158,686930.0,Mason Barnett,642239.0,Rob Zastryzny,Final
831825,2026-02-24,Colorado Rockies,Los Angeles Angels,115,108,801403.0,Chase Dollander,686799.0,Jack Kochanowicz,Final
832060,2026-02-24,Los Angeles Angels,San Francisco Giants,108,137,680570.0,Grayson Rodriguez,657277.0,Logan Webb,Final
831906,2026-02-24,Seattle Mariners,Chicago White Sox,136,145,669923.0,George Kirby,641743.0,Anthony Kay,Final
831491,2026-02-24,Washington Nationals,St. Louis Cardinals,120,138,676917.0,Cade Cavalli,669467.0,Andre Pallante,Final
831653,2026-02-25,Baltimore Orioles,Tampa Bay Rays,110,139,669432.0,Trevor Rogers,811315.0,Brody Hopkins,Final
831647,2026-02-25,Detroit Tigers,Toronto Blue Jays,116,141,663554.0,Casey Mize,664074.0,Cody Ponce,Final
831645,2026-02-25,Minnesota Twins,Boston Red Sox,142,111,681892.0,Kody Funderburk,670912.0,Johan Oviedo,Final
831591,2026-02-25,Philadelphia Phillies,Detroit Tigers,143,116,641745.0,Brad Keller,680744.0,Ty Madden,Final
831490,2026-02-25,Atlanta Braves,Pittsburgh Pirates,144,134,693821.0,Bryce Elder,694973.0,Paul Skenes,Final
831488,2026-02-25,New York Mets,St. Louis Cardinals,121,138,804636.0,Jonah Tong,690916.0,Richard Fitts,Final
831584,2026-02-25,Miami Marlins,Houston Astros,146,117,663969.0,Tyler Phillips,686613.0,Hunter Brown,Final
831870,2026-02-25,Chicago Cubs,Colorado Rockies,112,115,592791.0,Jameson Taillon,500779.0,Jose Quintana,Final
831741,2026-02-25,Kansas City Royals,Seattle Mariners,118,136,702070.0,Noah Cameron,693433.0,Bryan Woo,Final
831730,2026-02-25,Cleveland Guardians,Texas Rangers,114,140,677944.0,Slade Cecconi,543135.0,Nathan Eovaldi,Final
831901,2026-02-25,Chicago White Sox,Cincinnati Reds,145,113,663436.0,Davis Martin,666157.0,Nick Lodolo,Final
831815,2026-02-25,Arizona Diamondbacks,Los Angeles Dodgers,109,119,668678.0,Zac Gallen,808963.0,Roki Sasaki,Final
831819,2026-02-25,San Diego Padres,Los Angeles Angels,135,108,650633.0,Michael King,691946.0,George Klassen,Final
831753,2026-02-25,Milwaukee Brewers,San Francisco Giants,158,137,692230.0,Carlos Rodriguez,605288.0,Adrian Houser,Final
831538,2026-02-25,New York Yankees,Washington Nationals,147,120,677960.0,Ryan Weathers,674841.0,Andrew Alvarez,Final
831644,2026-02-26,Baltimore Orioles,Detroit Tigers,110,116,665152.0,Dean Kremer,672456.0,Keider Montero,Final
831535,2026-02-26,Houston Astros,New York Mets,117,121,837227.0,Tatsuya Imai,690997.0,Nolan McLean,Final
831589,2026-02-26,St. Louis Cardinals,Houston Astros,138,117,669461.0,Matthew Liberatore,663567.0,Peter Lambert,Final
831643,2026-02-26,Boston Red Sox,Tampa Bay Rays,111,139,676979.0,Garrett Crochet,571927.0,Steven Matz,Final
831590,2026-02-26,Pittsburgh Pirates,Minnesota Twins,134,142,664353.0,José Urquidy,680573.0,Simeon Woods Richardson,Final
831487,2026-02-26,Philadelphia Phillies,Washington Nationals,143,120,592836.0,Taijuan Walker,671109.0,Jake Eder,Final
831536,2026-02-26,New York Yankees,Atlanta Braves,147,144,695684.0,Elmer Rodríguez,471911.0,Carlos Carrasco,Final
831541,2026-02-26,Toronto Blue Jays,Miami Marlins,141,146,592332.0,Kevin Gausman,666129.0,Braxton Garrett,Final
831773,2026-02-26,Cincinnati Reds,San Diego Padres,113,135,695505.0,Chase Burns,601713.0,Nick Pivetta,Final
831862,2026-02-26,San Francisco Giants,Colorado Rockies,137,115,694918.0,Blade Tidwell,678368.0,Valente Bellozo,Final
831736,2026-02-26,Athletics,Texas Rangers,133,140,678022.0,Jack Perkins,615698.0,Cal Quantrill,Final
831911,2026-02-26,Los Angeles Dodgers,Chicago White Sox,119,145,607192.0,Tyler Glasnow,656794.0,Sean Newcomb,Final
831788,2026-02-26,Texas Rangers,Milwaukee Brewers,140,158,677958.0,Kumar Rocker,676879.0,Aaron Ashby,Final
831926,2026-02-26,Los Angeles Angels,Chicago Cubs,108,112,667755.0,José Soriano,571510.0,Matthew Boyd,Final
831843,2026-02-26,Arizona Diamondbacks,Kansas City Royals,109,118,593958.0,Eduardo Rodriguez,686701.0,Ryan Bergert,Final
831875,2026-02-26,Seattle Mariners,Cleveland Guardians,136,114,682243.0,Bryce Miller,676282.0,Joey Cantillo,Final
831587,2026-02-27,Pittsburgh Pirates,Baltimore Orioles,134,110,656605.0,Mitch Keller,669358.0,Shane Baz,Final
831482,2026-02-27,St. Louis Cardinals,New York Mets,138,121,687273.0,Quinn Mathews,642547.0,Freddy Peralta,Final
831646,2026-02-27,Tampa Bay Rays,Toronto Blue Jays,139,141,686752.0,Ryan Pepiot,641778.0,Eric Lauer,Final
831528,2026-02-27,Detroit Tigers,Philadelphia Phillies,116,143,656427.0,Jack Flaherty,691893.0,Jean Cabrera,Final
831588,2026-02-27,Atlanta Braves,Boston Red Sox,144,111,519242.0,Chris Sale,678394.0,Brayan Bello,Final
831486,2026-02-27,Philadelphia Phillies,Miami Marlins,143,146,605400.0,Aaron Nola,702281.0,Robby Snelling,Final
831648,2026-02-27,Minnesota Twins,New York Yankees,142,147,694397.0,Marco Raya,661563.0,Luis Gil,Final
831823,2026-02-27,Cincinnati Reds,Los Angeles Angels,113,108,695076.0,Rhett Lowder,608718.0,Brent Suter,Final
831884,2026-02-27,Chicago Cubs,Cleveland Guardians,112,114,665795.0,Edward Cabrera,671106.0,Logan Allen,Final
831946,2026-02-27,Kansas City Royals,Athletics,118,133,663559.0,Bailey Falter,605488.0,Jeffrey Springs,Final
831805,2026-02-27,San Francisco Giants,Los Angeles Dodgers,137,119,592662.0,Robbie Ray,808967.0,Yoshinobu Yamamoto,Final
831729,2026-02-27,Chicago White Sox,Texas Rangers,145,140,607200.0,Erick Fedde,669022.0,MacKenzie Gore,Final
831776,2026-02-27,Colorado Rockies,San Diego Padres,115,135,685299.0,Tanner Gordon,681190.0,Randy Vásquez,Final
831909,2026-02-27,Milwaukee Brewers,Chicago White Sox,158,145,687075.0,Brandon Sproat,680732.0,Sean Burke,Final
831586,2026-02-27,Washington Nationals,Houston Astros,120,117,571945.0,Miles Mikolas,621121.0,Lance McCullers Jr.,Final
831952,2026-02-27,Seattle Mariners,Arizona Diamondbacks,136,109,622491.0,Luis Castillo,669194.0,Ryne Nelson,Final
831526,2026-02-28,Houston Astros,Pittsburgh Pirates,117,134,681347.0,Mike Burrows,677952.0,Braxton Ashcraft,Completed Early
831637,2026-02-28,Tampa Bay Rays,Detroit Tigers,139,116,607259.0,Nick Martinez,623454.0,Drew Anderson,Final
831635,2026-02-28,Boston Red Sox,Minnesota Twins,111,142,543243.0,Sonny Gray,671737.0,Taj Bradley,Final
831530,2026-02-28,Baltimore Orioles,Atlanta Braves,110,144,680694.0,Kyle Bradish,675911.0,Spencer Strider,Final
831636,2026-02-28,New York Yankees,Toronto Blue Jays,147,141,621112.0,Paul Blackburn,621244.0,José Berríos,Final
831533,2026-02-28,Toronto Blue Jays,Philadelphia Phillies,141,143,656302.0,Dylan Cease,650911.0,Cristopher Sánchez,Final
831481,2026-02-28,New York Mets,Washington Nationals,121,120,668964.0,Tobias Myers,663623.0,Jake Irvin,Final
831474,2026-02-28,Miami Marlins,St. Louis Cardinals,146,138,691587.0,Eury Pérez,700241.0,Michael McGreevy,Final
831925,2026-02-28,Los Angeles Dodgers,Chicago Cubs,119,112,680736.0,Justin Wrobleski,607067.0,Colin Rea,Final
831763,2026-02-28,Athletics,San Francisco Giants,133,137,806960.0,Luis Morales,641816.0,Tyler Mahle,Final
831798,2026-02-28,Texas Rangers,Los Angeles Dodgers,140,119,683004.0,Jack Leiter,701328.0,Jackson Ferris,Final
831917,2026-02-28,Cleveland Guardians,Chicago White Sox,114,145,676440.0,Tanner Bibee,681343.0,Shane Smith,Final
831957,2026-02-28,Los Angeles Angels,Arizona Diamondbacks,108,109,666201.0,Alek Manoah,683352.0,Mitch Bratt,Final
831845,2026-02-28,Colorado Rockies,Kansas City Royals,115,118,547179.0,Michael Lorenzen,607625.0,Seth Lugo,Final
831738,2026-02-28,San Diego Padres,Seattle Mariners,135,136,676664.0,JP Sears,807739.0,Kade Anderson,Final
831893,2026-02-28,Milwaukee Brewers,Cincinnati Reds,158,113,642239.0,Rob Zastryzny,668881.0,Hunter Greene,Final
831638,2026-03-01,Boston Red Sox,Baltimore Orioles,111,110,624133.0,Ranger Suarez,605135.0,Chris Bassitt,Final
831477,2026-03-01,St. Louis Cardinals,Pittsburgh Pirates,138,134,681517.0,Kyle Leahy,682995.0,Hunter Barco,Final
831639,2026-03-01,Detroit Tigers,Toronto Blue Jays,116,141,669373.0,Tarik Skubal,814804.0,Grant Rogers,Final
831585,2026-03-01,Atlanta Braves,Tampa Bay Rays,144,139,625643.0,Reynaldo López,656876.0,Drew Rasmussen,Final
831531,2026-03-01,Minnesota Twins,Atlanta Braves,142,144,690953.0,Mick Abel,656550.0,Grant Holmes,Final
831475,2026-03-01,Washington Nationals,Miami Marlins,120,146,695418.0,Brad Lord,663978.0,Chris Paddack,Final
831578,2026-03-01,Philadelphia Phillies,New York Yankees,143,147,691725.0,Andrew Painter,701542.0,Will Warren,Final
831579,2026-03-01,New York Mets,Houston Astros,121,117,605280.0,Clay Holmes,669920.0,Jason Alexander,Final
831867,2026-03-01,Cleveland Guardians,Colorado Rockies,114,115,668909.0,Gavin Williams,801403.0,Chase Dollander,Final
831827,2026-03-01,Los Angeles Dodgers,Los Angeles Angels,119,108,689017.0,Landon Knack,672282.0,Reid Detmers,Final
831899,2026-03-01,Athletics,Cincinnati Reds,133,113,669372.0,J.T. Ginn,671096.0,Andrew Abbott,Final
831768,2026-03-01,San Francisco Giants,San Diego Padres,137,135,657277.0,Logan Webb,608566.0,Germán Márquez,Final
831914,2026-03-01,Chicago Cubs,Chicago White Sox,112,145,684007.0,Shota Imanaga,641743.0,Anthony Kay,Final
831794,2026-03-01,Kansas City Royals,Milwaukee Brewers,118,158,663460.0,Kris Bubic,694477.0,Chad Patrick,Final
831888,2026-03-01,Arizona Diamondbacks,Cleveland Guardians,109,114,647336.0,Michael Soroka,682982.0,Daniel Espino,Final
831721,2026-03-01,Seattle Mariners,Texas Rangers,136,140,669302.0,Logan Gilbert,656641.0,Jacob Latz,Final
831529,2026-03-02,Houston Astros,Washington Nationals,117,120,686613.0,Hunter Brown,680686.0,Josiah Gray,Final
831577,2026-03-02,Pittsburgh Pirates,Tampa Bay Rays,134,139,605182.0,Mike Clevinger,669438.0,Mason Englert,Final
831527,2026-03-02,Detroit Tigers,Atlanta Braves,116,144,664285.0,Framber Valdez,693821.0,Bryce Elder,Final
831476,2026-03-02,St. Louis Cardinals,Miami Marlins,138,146,669467.0,Andre Pallante,800049.0,Adam Mazur,Final
831640,2026-03-02,Toronto Blue Jays,Boston Red Sox,141,111,664074.0,Cody Ponce,670912.0,Johan Oviedo,Final
831930,2026-03-02,Cincinnati Reds,Chicago Cubs,113,112,663903.0,Brady Singer,592791.0,Jameson Taillon,Final
831874,2026-03-02,Texas Rangers,Cleveland Guardians,140,114,596295.0,Austin Gomber,677944.0,Slade Cecconi,Final
831760,2026-03-02,Chicago White Sox,San Francisco Giants,145,137,663436.0,Davis Martin,694738.0,Landen Roupp,Final
831840,2026-03-02,Los Angeles Angels,Kansas City Royals,108,118,680570.0,Grayson Rodriguez,702070.0,Noah Cameron,Final
831808,2026-03-02,Colorado Rockies,Los Angeles Dodgers,115,119,623474.0,Jimmy Herget,656924.0,Ryder Ryan,Final
831934,2026-03-02,San Diego Padres,Athletics,135,133,650633.0,Michael King,686930.0,Mason Barnett,Final
831641,2026-03-03,Minnesota Twins,Tampa Bay Rays,142,139,680573.0,Simeon Woods Richardson,811315.0,Brody Hopkins,Final
831532,2026-03-03,Tampa Bay Rays,Philadelphia Phillies,139,143,663556.0,Shane McClanahan,660604.0,Alan Rangel,Final
831430,2026-03-03,Pittsburgh Pirates,Colombia,134,792,664353.0,José Urquidy,527054.0,Julio Teheran,Final
831445,2026-03-03,Baltimore Orioles,Kingdom of the Netherlands,110,878,669432.0,Trevor Rogers,820853.0,Ryjeteri Merite,Final
831444,2026-03-03,New York Yankees,Panama,147,890,608331.0,Max Fried,683517.0,Jorge Garcia,Completed Early
831437,2026-03-03,Toronto Blue Jays,Canada,141,784,592332.0,Kevin Gausman,663531.0,Logan Allen,Final
831436,2026-03-03,Miami Marlins,Israel,146,840,666129.0,Braxton Garrett,476594.0,Robert Stock,Final
831434,2026-03-03,New York Mets,Nicaragua,121,881,804636.0,Jonah Tong,541640.0,Erasmo Ramírez,Final
831811,2026-03-03,Cleveland Guardians,Los Angeles Dodgers,114,119,676282.0,Joey Cantillo,808963.0,Roki Sasaki,Final
831772,2026-03-03,Chicago White Sox,San Diego Padres,145,135,656794.0,Sean Newcomb,601713.0,Nick Pivetta,Final
831940,2026-03-03,Athletics,Brazil,133,776,650644.0,Aaron Civale,,,Completed Early
831851,2026-03-03,Kansas City Royals,Cuba,118,798,686701.0,Ryan Bergert,,,Final
831853,2026-03-03,Chicago Cubs,Italy,112,841,690990.0,Cade Horton,,,Final
831720,2026-03-03,San Francisco Giants,United States,137,940,605288.0,Adrian Houser,694973.0,Paul Skenes,Final
831817,2026-03-03,Seattle Mariners,Los Angeles Angels,136,108,693433.0,Bryan Woo,691946.0,George Klassen,Final
831855,2026-03-03,Milwaukee Brewers,Great Britain,158,821,694819.0,Jacob Misiorowski,,,Final
831800,2026-03-03,Arizona Diamondbacks,Mexico,109,867,668678.0,Zac Gallen,,,Final
836149,2026-03-03,Dominican Republic,Detroit Tigers,805,116,622663.0,Luis Severino,680744.0,Ty Madden,Final
831439,2026-03-03,Boston Red Sox,Puerto Rico,111,897,687562.0,Jake Bennett,695684.0,Elmer Rodríguez,Final
831440,2026-03-03,Houston Astros,Venezuela,117,944,664299.0,Cristian Javier,660825.0,Eduard Bazardo,Final
831642,2026-03-04,Baltimore Orioles,Houston Astros,110,117,669358.0,Shane Baz,676467.0,Colton Gordon,Final
831634,2026-03-04,Boston Red Sox,New York Yankees,111,147,676979.0,Garrett Crochet,661563.0,Luis Gil,Final
831427,2026-03-04,Philadelphia Phillies,Canada,143,784,605400.0,Aaron Nola,615698.0,Cal Quantrill,Final
831438,2026-03-04,Atlanta Braves,Colombia,144,792,622694.0,Elieser Hernández,672715.0,Luis Patiño,Final
831432,2026-03-04,Tampa Bay Rays,Kingdom of the Netherlands,139,878,663765.0,Jake Woodford,543833.0,Juan Carlos Sulbaran,Completed Early
831429,2026-03-04,St. Louis Cardinals,Nicaragua,138,881,669461.0,Matthew Liberatore,650356.0,Dilmer Mejia,Final
831433,2026-03-04,Detroit Tigers,Panama,116,890,656427.0,Jack Flaherty,642545.0,Jaime Barria,Final
831435,2026-03-04,Minnesota Twins,Puerto Rico,142,897,805673.0,Zebby Matthews,670103.0,Raymond Burgos,Final
831431,2026-03-04,New York Mets,Israel,121,840,656849.0,David Peterson,815084.0,Ben Simon,Final
836150,2026-03-04,Dominican Republic,Detroit Tigers,805,116,678394.0,Brayan Bello,572143.0,Burch Smith,Final
831963,2026-03-04,Athletics,Arizona Diamondbacks,133,109,605488.0,Jeffrey Springs,694297.0,Brandon Pfaadt,Final
831938,2026-03-04,Texas Rangers,Brazil,140,776,594798.0,Jacob deGrom,807344.0,Enzo Sawayama,Completed Early
831852,2026-03-04,Cuba,Cincinnati Reds,798,113,695076.0,Rhett Lowder,,,Completed Early
831799,2026-03-04,Los Angeles Dodgers,Mexico,119,867,607192.0,Tyler Glasnow,,,Final
831929,2026-03-04,Milwaukee Brewers,Chicago Cubs,158,112,687075.0,Brandon Sproat,665795.0,Edward Cabrera,Final
831854,2026-03-04,San Diego Padres,Great Britain,135,821,605397.0,Joe Musgrove,,,Final
831844,2026-03-04,Los Angeles Angels,Italy,108,841,815083.0,Mitch Farris,838341.0,Gabriele Quattrini,Final
831723,2026-03-04,Colorado Rockies,United States,115,940,607536.0,Kyle Freeland,642232.0,Ryan Yarbrough,Completed Early
831428,2026-03-04,Washington Nationals,Venezuela,120,944,656492.0,Foster Griffin,593958.0,Eduardo Rodriguez,Final
831739,2026-03-04,San Francisco Giants,Seattle Mariners,137,136,592662.0,Robbie Ray,681867.0,Cooper Criswell,Final
831479,2026-03-05,Washington Nationals,New York Mets,120,121,571945.0,Miles Mikolas,663795.0,Justin Hagenman,Final
831478,2026-03-05,Pittsburgh Pirates,St. Louis Cardinals,134,138,656605.0,Mitch Keller,669160.0,Dustin May,Final
831633,2026-03-05,Tampa Bay Rays,Baltimore Orioles,139,110,686752.0,Ryan Pepiot,621107.0,Zach Eflin,Final
831581,2026-03-05,Philadelphia Phillies,Boston Red Sox,143,111,666200.0,Jesús Luzardo,674674.0,T.J. Sikkema,Final
831583,2026-03-05,Atlanta Braves,Toronto Blue Jays,144,141,519242.0,Chris Sale,641778.0,Eric Lauer,Final
831632,2026-03-05,New York Yankees,Minnesota Twins,147,142,621112.0,Paul Blackburn,671737.0,Taj Bradley,Completed Early
831582,2026-03-05,Miami Marlins,Houston Astros,146,117,645261.0,Sandy Alcantara,837227.0,Tatsuya Imai,Final
831961,2026-03-05,Chicago Cubs,Arizona Diamondbacks,112,109,607067.0,Colin Rea,669194.0,Ryne Nelson,Final
831810,2026-03-05,Cincinnati Reds,Los Angeles Dodgers,113,119,683742.0,Jose Franco,608344.0,Cole Irvin,Final
831941,2026-03-05,Los Angeles Angels,Athletics,108,133,666201.0,Alek Manoah,806960.0,Luis Morales,Final
831765,2026-03-05,Seattle Mariners,San Diego Padres,136,135,622491.0,Luis Castillo,621111.0,Walker Buehler,Final
831792,2026-03-05,Colorado Rockies,Milwaukee Brewers,115,158,547179.0,Michael Lorenzen,688107.0,Robert Gasser,Final
831733,2026-03-05,Kansas City Royals,Texas Rangers,118,140,666142.0,Cole Ragans,669022.0,MacKenzie Gore,Final
831880,2026-03-05,Chicago White Sox,Cleveland Guardians,145,114,680732.0,Sean Burke,676440.0,Tanner Bibee,Final
831631,2026-03-06,Detroit Tigers,Boston Red Sox,116,111,434378.0,Justin Verlander,813349.0,Connelly Early,Final
831524,2026-03-06,Houston Astros,Washington Nationals,117,120,681347.0,Mike Burrows,676917.0,Cade Cavalli,Final
831519,2026-03-06,Baltimore Orioles,St. Louis Cardinals,110,138,605135.0,Chris Bassitt,700241.0,Michael McGreevy,Final
831470,2026-03-06,Pittsburgh Pirates,Philadelphia Phillies,134,143,677952.0,Braxton Ashcraft,691893.0,Jean Cabrera,Final
831525,2026-03-06,Toronto Blue Jays,Pittsburgh Pirates,141,134,621244.0,José Berríos,696149.0,Bubba Chandler,Final
831826,2026-03-06,Cleveland Guardians,Los Angeles Angels,114,108,668909.0,Gavin Williams,672282.0,Reid Detmers,Final
831871,2026-03-06,Athletics,Colorado Rockies,133,115,669372.0,J.T. Ginn,801403.0,Chase Dollander,Final
831889,2026-03-06,San Francisco Giants,Cincinnati Reds,137,113,641816.0,Tyler Mahle,671096.0,Andrew Abbott,Final
831737,2026-03-06,Texas Rangers,Seattle Mariners,140,136,683004.0,Jack Leiter,807739.0,Kade Anderson,Final
831919,2026-03-06,Arizona Diamondbacks,Chicago White Sox,109,145,811666.0,Daniel Eagen,641743.0,Anthony Kay,Final
831954,2026-03-06,Milwaukee Brewers,Arizona Diamondbacks,158,109,694477.0,Chad Patrick,683352.0,Mitch Bratt,Final
831521,2026-03-06,Minnesota Twins,Atlanta Braves,142,144,641927.0,Bailey Ober,625643.0,Reynaldo López,Final
831624,2026-03-06,New York Yankees,Tampa Bay Rays,147,139,693645.0,Cam Schlittler,671212.0,Joe Boyle,Final
831480,2026-03-06,Miami Marlins,New York Mets,146,121,676974.0,Max Meyer,640455.0,Sean Manaea,Final
831842,2026-03-06,Los Angeles Dodgers,Kansas City Royals,119,118,656924.0,Ryder Ryan,687765.0,Mitch Spence,Final
831921,2026-03-06,San Diego Padres,Chicago Cubs,135,112,608566.0,Germán Márquez,676962.0,Ben Brown,Final
831523,2026-03-07,Houston Astros,Miami Marlins,117,146,669920.0,Jason Alexander,663978.0,Chris Paddack,Final
831518,2026-03-07,Detroit Tigers,Pittsburgh Pirates,116,134,663554.0,Casey Mize,682995.0,Hunter Barco,Final
831469,2026-03-07,St. Louis Cardinals,New York Mets,138,121,681517.0,Kyle Leahy,673540.0,Kodai Senga,Final
831629,2026-03-07,Boston Red Sox,Tampa Bay Rays,111,139,670912.0,Johan Oviedo,694494.0,Ty Johnson,Completed Early
831630,2026-03-07,Baltimore Orioles,Minnesota Twins,110,142,700249.0,Cade Povich,690953.0,Mick Abel,Final
831576,2026-03-07,Philadelphia Phillies,Toronto Blue Jays,143,141,691725.0,Andrew Painter,453286.0,Max Scherzer,Final
831580,2026-03-07,Atlanta Braves,Baltimore Orioles,144,110,656550.0,Grant Holmes,801725.0,Luis De León,Final
831897,2026-03-07,Kansas City Royals,Cincinnati Reds,118,113,663460.0,Kris Bubic,666157.0,Nick Lodolo,Final
831949,2026-03-07,Chicago Cubs,Athletics,112,133,684007.0,Shota Imanaga,686930.0,Mason Barnett,Final
831774,2026-03-07,Cleveland Guardians,San Diego Padres,114,135,677944.0,Slade Cecconi,650633.0,Michael King,Final
831726,2026-03-07,San Francisco Giants,Texas Rangers,137,140,687931.0,Carson Whisenhunt,656641.0,Jacob Latz,Final
832862,2026-03-07,Arizona Diamondbacks,San Francisco Giants,109,137,684442.0,Kohl Drake,664141.0,JT Brubaker,Final
831904,2026-03-07,Seattle Mariners,Chicago White Sox,136,145,669302.0,Logan Gilbert,691799.0,Grant Taylor,Final
831795,2026-03-07,Los Angeles Angels,Milwaukee Brewers,108,158,680570.0,Grayson Rodriguez,605540.0,Brandon Woodruff,Final
831828,2026-03-07,Athletics,Los Angeles Angels,133,108,695611.0,Gage Jump,696270.0,Ryan Johnson,Final
831568,2026-03-07,Washington Nationals,New York Yankees,120,147,680686.0,Josiah Gray,701542.0,Will Warren,Final
831863,2026-03-07,Los Angeles Dodgers,Colorado Rockies,119,115,689017.0,Landon Knack,807743.0,Sean Sullivan,Final
831572,2026-03-08,Washington Nationals,Houston Astros,120,117,674841.0,Andrew Alvarez,686613.0,Hunter Brown,Final
831571,2026-03-08,Pittsburgh Pirates,Boston Red Sox,134,111,669387.0,Carmen Mlodzinski,687562.0,Jake Bennett,Final
831628,2026-03-08,Baltimore Orioles,Toronto Blue Jays,110,141,669330.0,Tyler Wells,664074.0,Cody Ponce,Final
831522,2026-03-08,Minnesota Twins,Philadelphia Phillies,142,143,680573.0,Simeon Woods Richardson,660604.0,Alan Rangel,Final
831520,2026-03-08,Tampa Bay Rays,Atlanta Braves,139,144,694312.0,Logan Workman,693821.0,Bryce Elder,Final
831627,2026-03-08,Toronto Blue Jays,Detroit Tigers,141,116,592332.0,Kevin Gausman,676614.0,Bryan Sammons,Final
831467,2026-03-08,Miami Marlins,St. Louis Cardinals,146,138,666129.0,Braxton Garrett,669467.0,Andre Pallante,Final
831575,2026-03-08,New York Mets,New York Yankees,121,147,642547.0,Freddy Peralta,677960.0,Ryan Weathers,Final
831960,2026-03-08,Cincinnati Reds,Arizona Diamondbacks,113,109,663903.0,Brady Singer,686753.0,Drey Jameson,Final
831832,2026-03-08,Athletics,Los Angeles Angels,133,108,650644.0,Aaron Civale,686799.0,Jack Kochanowicz,Final
831812,2026-03-08,Athletics,Los Angeles Dodgers,133,119,682052.0,Jacob Lopez,680736.0,Justin Wrobleski,Final
831757,2026-03-08,Chicago Cubs,San Francisco Giants,112,137,573204.0,Caleb Thielbar,694738.0,Landen Roupp,Final
831813,2026-03-08,Texas Rangers,Los Angeles Angels,140,108,543135.0,Nathan Eovaldi,682989.0,Victor Mederos,Final
831848,2026-03-08,Chicago White Sox,Kansas City Royals,145,118,663855.0,Jordan Hicks,702070.0,Noah Cameron,Final
831882,2026-03-08,Colorado Rockies,Cleveland Guardians,115,114,682769.0,Eiberson Castellano,676282.0,Joey Cantillo,Final
831892,2026-03-08,San Diego Padres,Cincinnati Reds,135,113,670810.0,Logan Gillaspie,695505.0,Chase Burns,Final
831740,2026-03-08,Milwaukee Brewers,Seattle Mariners,158,136,690986.0,Kyle Harrison,669923.0,George Kirby,Final
831570,2026-03-09,St. Louis Cardinals,Baltimore Orioles,138,110,669461.0,Matthew Liberatore,694346.0,Trey Gibson,Final
831516,2026-03-09,Houston Astros,St. Louis Cardinals,117,138,664299.0,Cristian Javier,690916.0,Richard Fitts,Final
831626,2026-03-09,Detroit Tigers,Tampa Bay Rays,116,139,664285.0,Framber Valdez,663556.0,Shane McClanahan,Final
831515,2026-03-09,Boston Red Sox,Philadelphia Phillies,111,143,676979.0,Garrett Crochet,669060.0,Bryse Wilson,Final
831569,2026-03-09,Atlanta Braves,Minnesota Twins,144,142,471911.0,Carlos Carrasco,805673.0,Zebby Matthews,Final
831881,2026-03-09,Kansas City Royals,Cleveland Guardians,118,114,686701.0,Ryan Bergert,800048.0,Parker Messick,Final
831943,2026-03-09,Cincinnati Reds,Athletics,113,133,695076.0,Rhett Lowder,678022.0,Jack Perkins,Final
831816,2026-03-09,San Francisco Giants,Los Angeles Angels,137,108,592662.0,Robbie Ray,667755.0,José Soriano,Final
831865,2026-03-09,Chicago White Sox,Colorado Rockies,145,115,699151.0,Jedixson Paez,607536.0,Kyle Freeland,Final
831748,2026-03-09,Arizona Diamondbacks,Seattle Mariners,109,136,668678.0,Zac Gallen,693433.0,Bryan Woo,Final
831725,2026-03-09,San Diego Padres,Texas Rangers,135,140,681190.0,Randy Vásquez,657022.0,Trey Supak,Final
831802,2026-03-09,Milwaukee Brewers,Los Angeles Dodgers,158,119,676879.0,Aaron Ashby,686218.0,Emmet Sheehan,Final
831468,2026-03-09,New York Mets,Miami Marlins,121,146,804267.0,Zach Thornton,663969.0,Tyler Phillips,Final
831517,2026-03-09,New York Yankees,Pittsburgh Pirates,147,134,608331.0,Max Fried,664353.0,José Urquidy,Final
831625,2026-03-10,Boston Red Sox,Detroit Tigers,111,116,543243.0,Sonny Gray,680744.0,Ty Madden,Final
831617,2026-03-10,Houston Astros,Baltimore Orioles,117,110,621121.0,Lance McCullers Jr.,694370.0,Levi Wells,Final
831618,2026-03-10,Tampa Bay Rays,Minnesota Twins,139,142,571927.0,Steven Matz,657746.0,Joe Ryan,Final
831573,2026-03-10,Philadelphia Phillies,New York Yankees,143,147,621383.0,Tanner Banks,661563.0,Luis Gil,Final
831513,2026-03-10,Toronto Blue Jays,Atlanta Braves,141,144,656302.0,Dylan Cease,702275.0,JR Ritchie,Final
831473,2026-03-10,New York Mets,St. Louis Cardinals,121,138,656849.0,David Peterson,694363.0,Jared Shuster,Final
831471,2026-03-10,Miami Marlins,Washington Nationals,146,120,691587.0,Eury Pérez,656492.0,Foster Griffin,Final
831956,2026-03-10,Los Angeles Dodgers,Arizona Diamondbacks,119,109,607192.0,Tyler Glasnow,694297.0,Brandon Pfaadt,Final
831758,2026-03-10,Cleveland Guardians,San Francisco Giants,114,137,676440.0,Tanner Bibee,693313.0,Carson Seymour,Final
831920,2026-03-10,Texas Rangers,Chicago Cubs,140,112,594798.0,Jacob deGrom,690990.0,Cade Horton,Final
831918,2026-03-10,Athletics,Chicago White Sox,133,145,605488.0,Jeffrey Springs,681343.0,Shane Smith,Final
831898,2026-03-10,Colorado Rockies,Cincinnati Reds,115,113,663372.0,Ryan Feltner,682227.0,Brandon Williamson,Final
831771,2026-03-10,Los Angeles Angels,San Diego Padres,108,135,815083.0,Mitch Farris,621111.0,Walker Buehler,Final
831836,2026-03-10,Seattle Mariners,Kansas City Royals,136,118,681867.0,Cooper Criswell,666142.0,Cole Ragans,Final
831507,2026-03-11,Baltimore Orioles,Pittsburgh Pirates,110,134,680694.0,Kyle Bradish,663562.0,Noah Davis,Final
831465,2026-03-11,Washington Nationals,St. Louis Cardinals,120,138,676917.0,Cade Cavalli,669160.0,Dustin May,Final
831619,2026-03-11,Minnesota Twins,Detroit Tigers,142,116,671737.0,Taj Bradley,663432.0,Tanner Rainey,Final
831574,2026-03-11,Atlanta Braves,Tampa Bay Rays,144,139,675911.0,Spencer Strider,607259.0,Nick Martinez,Final
831561,2026-03-11,Miami Marlins,Houston Astros,146,117,676974.0,Max Meyer,837227.0,Tatsuya Imai,Final
831849,2026-03-11,Chicago Cubs,Kansas City Royals,112,118,607067.0,Colin Rea,687765.0,Mitch Spence,Final
831762,2026-03-11,Kansas City Royals,San Francisco Giants,118,137,663559.0,Bailey Falter,641816.0,Tyler Mahle,Final
831824,2026-03-11,Chicago White Sox,Los Angeles Angels,145,108,641743.0,Anthony Kay,666201.0,Alek Manoah,Final
831793,2026-03-11,Cincinnati Reds,Milwaukee Brewers,113,158,671096.0,Andrew Abbott,688107.0,Robert Gasser,Final
831950,2026-03-11,Arizona Diamondbacks,Athletics,109,133,669194.0,Ryne Nelson,806960.0,Luis Morales,Final
831861,2026-03-11,Seattle Mariners,Colorado Rockies,136,115,622491.0,Luis Castillo,801403.0,Chase Dollander,Final
831620,2026-03-11,New York Yankees,Toronto Blue Jays,147,141,693645.0,Cam Schlittler,641778.0,Eric Lauer,Final
831472,2026-03-12,St. Louis Cardinals,New York Mets,138,121,700241.0,Michael McGreevy,640455.0,Sean Manaea,Final
831622,2026-03-12,Minnesota Twins,Boston Red Sox,142,111,641927.0,Bailey Ober,813349.0,Connelly Early,Final
831564,2026-03-12,Philadelphia Phillies,Toronto Blue Jays,143,141,666200.0,Jesús Luzardo,669310.0,CJ Van Eyk,Completed Early
831621,2026-03-12,Detroit Tigers,New York Yankees,116,147,434378.0,Justin Verlander,701542.0,Will Warren,Final
831754,2026-03-12,Chicago Cubs,Seattle Mariners,112,136,665795.0,Edward Cabrera,676106.0,Emerson Hancock,Final
831936,2026-03-12,Texas Rangers,Athletics,140,133,683004.0,Jack Leiter,669372.0,J.T. Ginn,Final
831869,2026-03-12,Arizona Diamondbacks,Colorado Rockies,109,115,664199.0,Taylor Clarke,807743.0,Sean Sullivan,Final
831510,2026-03-12,Houston Astros,Washington Nationals,117,120,681347.0,Mike Burrows,663623.0,Jake Irvin,Final
831466,2026-03-12,Pittsburgh Pirates,Atlanta Braves,134,144,696149.0,Bubba Chandler,656550.0,Grant Holmes,Final
831894,2026-03-12,Los Angeles Dodgers,Cincinnati Reds,119,113,608344.0,Cole Irvin,666157.0,Nick Lodolo,Final
831908,2026-03-12,San Francisco Giants,Chicago White Sox,137,145,686790.0,Trevor McDonald,621366.0,Ryan Borucki,Final
831791,2026-03-12,Cleveland Guardians,Milwaukee Brewers,114,158,677944.0,Slade Cecconi,669084.0,DL Hall,Final
831839,2026-03-12,San Diego Padres,Kansas City Royals,135,118,608566.0,Germán Márquez,663460.0,Kris Bubic,Final
831616,2026-03-13,Boston Red Sox,Tampa Bay Rays,111,139,670912.0,Johan Oviedo,656876.0,Drew Rasmussen,Final
831565,2026-03-13,Philadelphia Phillies,Baltimore Orioles,143,110,691725.0,Andrew Painter,700249.0,Cade Povich,Final
831563,2026-03-13,Atlanta Braves,New York Yankees,144,147,800311.0,Didier Fuentes,677960.0,Ryan Weathers,Final
831623,2026-03-13,Toronto Blue Jays,Minnesota Twins,141,142,664074.0,Cody Ponce,690953.0,Mick Abel,Final
831778,2026-03-13,Athletics,San Diego Padres,133,135,650644.0,Aaron Civale,650633.0,Michael King,Final
831933,2026-03-13,Chicago White Sox,Chicago Cubs,145,112,663436.0,Davis Martin,702303.0,Riley Martin,Final
831879,2026-03-13,Los Angeles Angels,Cleveland Guardians,108,114,680570.0,Grayson Rodriguez,676282.0,Joey Cantillo,Final
831731,2026-03-13,Colorado Rockies,Texas Rangers,115,140,500779.0,Jose Quintana,656641.0,Jacob Latz,Final
831935,2026-03-13,Milwaukee Brewers,Athletics,158,133,690986.0,Kyle Harrison,695611.0,Gage Jump,Final
831464,2026-03-13,Washington Nationals,New York Mets,120,121,641793.0,Zack Littell,605218.0,Carl Edwards Jr.,Final
831512,2026-03-13,Detroit Tigers,Pittsburgh Pirates,116,134,663554.0,Casey Mize,605182.0,Mike Clevinger,Final
831567,2026-03-13,St. Louis Cardinals,Houston Astros,138,117,681517.0,Kyle Leahy,678906.0,Kai-Wei Teng,Final
831462,2026-03-13,New York Mets,Miami Marlins,121,146,673540.0,Kodai Senga,663978.0,Chris Paddack,Final
831891,2026-03-13,San Francisco Giants,Cincinnati Reds,137,113,694738.0,Landen Roupp,695505.0,Chase Burns,Final
831958,2026-03-13,Kansas City Royals,Arizona Diamondbacks,118,109,608379.0,Michael Wacha,518876.0,Merrill Kelly,Final
831759,2026-03-13,Cincinnati Reds,San Francisco Giants,113,137,663903.0,Brady Singer,687931.0,Carson Whisenhunt,Final
831801,2026-03-13,Seattle Mariners,Los Angeles Dodgers,136,119,807739.0,Kade Anderson,689017.0,Landon Knack,Final
831459,2026-03-14,Washington Nationals,Miami Marlins,120,146,806046.0,Alex Clemmey,,,Final
831562,2026-03-14,Pittsburgh Pirates,Baltimore Orioles,134,110,669387.0,Carmen Mlodzinski,669432.0,Trevor Rogers,Final
831613,2026-03-14,Minnesota Twins,Tampa Bay Rays,142,139,680573.0,Simeon Woods Richardson,663765.0,Jake Woodford,Final
831514,2026-03-14,New York Yankees,Philadelphia Phillies,147,143,608331.0,Max Fried,669060.0,Bryse Wilson,Final
831614,2026-03-14,Toronto Blue Jays,Detroit Tigers,141,116,453286.0,Max Scherzer,669373.0,Tarik Skubal,Final
831460,2026-03-14,Miami Marlins,St. Louis Cardinals,146,138,,,669467.0,Andre Pallante,Final
831850,2026-03-14,Athletics,Kansas City Royals,133,118,682052.0,Jacob Lopez,686701.0,Ryan Bergert,Final
831953,2026-03-14,San Francisco Giants,Arizona Diamondbacks,137,109,605288.0,Adrian Houser,668678.0,Zac Gallen,Final
831728,2026-03-14,Cincinnati Reds,Texas Rangers,113,140,695076.0,Rhett Lowder,596295.0,Austin Gomber,Final
831770,2026-03-14,Texas Rangers,San Diego Padres,140,135,543135.0,Nathan Eovaldi,594835.0,Marco Gonzales,Final
831809,2026-03-14,Chicago White Sox,Los Angeles Dodgers,145,119,678024.0,Mike Vasil,680736.0,Justin Wrobleski,Final
831928,2026-03-14,Colorado Rockies,Chicago Cubs,115,112,607536.0,Kyle Freeland,676962.0,Ben Brown,Final
831877,2026-03-14,San Diego Padres,Cleveland Guardians,135,114,601713.0,Nick Pivetta,671106.0,Logan Allen,Final
831747,2026-03-14,Los Angeles Angels,Seattle Mariners,108,136,700712.0,Walbert Urena,669302.0,Logan Gilbert,Final
831860,2026-03-14,Milwaukee Brewers,Colorado Rockies,158,115,694819.0,Jacob Misiorowski,688642.0,Zach Agnos,Final
831508,2026-03-14,Houston Astros,New York Mets,117,121,680802.0,Ryan Weiss,642547.0,Freddy Peralta,Final
831566,2026-03-14,Atlanta Braves,Boston Red Sox,144,111,693821.0,Bryce Elder,678394.0,Brayan Bello,Final
831461,2026-03-15,St. Louis Cardinals,Washington Nationals,138,120,690916.0,Richard Fitts,571945.0,Miles Mikolas,Final
831511,2026-03-15,Tampa Bay Rays,Pittsburgh Pirates,139,134,663556.0,Shane McClanahan,664353.0,José Urquidy,Final
831615,2026-03-15,Boston Red Sox,Minnesota Twins,111,142,664918.0,Kyle Keller,805673.0,Zebby Matthews,Final
831458,2026-03-15,Philadelphia Phillies,Atlanta Braves,143,144,592836.0,Taijuan Walker,660761.0,José Suarez,Final
831509,2026-03-15,Houston Astros,Miami Marlins,117,146,664299.0,Cristian Javier,691587.0,Eury Pérez,Final
831611,2026-03-15,New York Yankees,Detroit Tigers,147,116,661563.0,Luis Gil,664285.0,Framber Valdez,Final
831555,2026-03-15,New York Mets,Toronto Blue Jays,121,141,804267.0,Zach Thornton,814804.0,Grant Rogers,Completed Early
831814,2026-03-15,Chicago Cubs,Los Angeles Dodgers,112,119,592791.0,Jameson Taillon,686218.0,Emmet Sheehan,Final
831944,2026-03-15,Cleveland Guardians,Athletics,114,133,676440.0,Tanner Bibee,827734.0,Wei-En Lin,Final
831727,2026-03-15,Los Angeles Dodgers,Texas Rangers,119,140,689981.0,River Ryan,657022.0,Trey Supak,Final
831913,2026-03-15,Kansas City Royals,Chicago White Sox,118,145,666142.0,Cole Ragans,696146.0,Hagen Smith,Final
831787,2026-03-15,San Francisco Giants,Milwaukee Brewers,137,158,592662.0,Robbie Ray,675660.0,Shane Drohan,Final
831858,2026-03-15,Los Angeles Angels,Colorado Rockies,108,115,803135.0,Austin Gordon,685299.0,Tanner Gordon,Final
831777,2026-03-15,Arizona Diamondbacks,San Diego Padres,109,135,694297.0,Brandon Pfaadt,681190.0,Randy Vásquez,Final
831890,2026-03-15,Seattle Mariners,Cincinnati Reds,136,113,669923.0,George Kirby,682227.0,Brandon Williamson,Final
831608,2026-03-15,Baltimore Orioles,New York Yankees,110,147,621107.0,Zach Eflin,621112.0,Paul Blackburn,Cancelled
831506,2026-03-16,Minnesota Twins,Pittsburgh Pirates,142,134,657746.0,Joe Ryan,663562.0,Noah Davis,Final
831498,2026-03-16,Detroit Tigers,Philadelphia Phillies,116,143,656427.0,Jack Flaherty,666155.0,Chuck King,Final
831557,2026-03-16,Atlanta Braves,Tampa Bay Rays,144,139,519242.0,Chris Sale,607259.0,Nick Martinez,Final
831559,2026-03-16,Miami Marlins,Toronto Blue Jays,146,141,676083.0,Janson Junk,681751.0,Lazaro Estrada,Completed Early
831834,2026-03-16,Athletics,Los Angeles Angels,133,108,605488.0,Jeffrey Springs,691946.0,George Klassen,Final
831785,2026-03-16,Los Angeles Dodgers,Milwaukee Brewers,119,158,607192.0,Tyler Glasnow,694477.0,Chad Patrick,Final
831903,2026-03-16,Arizona Diamondbacks,Cincinnati Reds,109,113,669194.0,Ryne Nelson,671096.0,Andrew Abbott,Final
831751,2026-03-16,San Diego Padres,San Francisco Giants,135,137,621111.0,Walker Buehler,641816.0,Tyler Mahle,Final
831457,2026-03-16,New York Mets,Washington Nationals,121,120,656849.0,David Peterson,683068.0,Zach Penrod,Final
831905,2026-03-16,Texas Rangers,Chicago White Sox,140,145,669022.0,MacKenzie Gore,680732.0,Sean Burke,Final
831924,2026-03-16,Cleveland Guardians,Chicago Cubs,114,112,668909.0,Gavin Williams,690990.0,Cade Horton,Final
831612,2026-03-16,Baltimore Orioles,Boston Red Sox,110,111,680694.0,Kyle Bradish,543243.0,Sonny Gray,Cancelled
831610,2026-03-17,Detroit Tigers,Baltimore Orioles,116,110,434378.0,Justin Verlander,605135.0,Chris Bassitt,Final
831560,2026-03-17,Pittsburgh Pirates,Houston Astros,134,117,656605.0,Mitch Keller,621121.0,Lance McCullers Jr.,Final
831454,2026-03-17,Washington Nationals,St. Louis Cardinals,120,138,663623.0,Jake Irvin,669160.0,Dustin May,Final
831554,2026-03-17,Philadelphia Phillies,Minnesota Twins,143,142,666200.0,Jesús Luzardo,641927.0,Bailey Ober,Final
831504,2026-03-17,Boston Red Sox,Atlanta Braves,111,144,543243.0,Sonny Gray,625643.0,Reynaldo López,Final
831609,2026-03-17,Tampa Bay Rays,New York Yankees,139,147,686752.0,Ryan Pepiot,701542.0,Will Warren,Final
831463,2026-03-17,Miami Marlins,New York Mets,146,121,645261.0,Sandy Alcantara,640455.0,Sean Manaea,Completed Early
831942,2026-03-17,Chicago White Sox,Athletics,145,133,641743.0,Anthony Kay,806960.0,Luis Morales,Final
831742,2026-03-17,Colorado Rockies,Seattle Mariners,115,136,801403.0,Chase Dollander,681867.0,Cooper Criswell,Final
831769,2026-03-17,Seattle Mariners,San Diego Padres,136,135,622491.0,Luis Castillo,608566.0,Germán Márquez,Final
831831,2026-03-17,Chicago Cubs,Los Angeles Angels,112,108,684007.0,Shota Imanaga,666201.0,Alek Manoah,Final
831883,2026-03-17,Cincinnati Reds,Cleveland Guardians,113,114,666157.0,Nick Lodolo,663465.0,Kolby Allard,Final
831806,2026-03-17,Kansas City Royals,Los Angeles Dodgers,118,119,592717.0,Aaron Sanchez,808963.0,Roki Sasaki,Final
831556,2026-03-18,St. Louis Cardinals,Houston Astros,138,117,681517.0,Kyle Leahy,641585.0,J.P. France,Final
831453,2026-03-18,Atlanta Braves,Philadelphia Phillies,144,143,527048.0,Martín Pérez,691725.0,Andrew Painter,Final
831607,2026-03-18,New York Yankees,Boston Red Sox,147,111,543037.0,Gerrit Cole,813349.0,Connelly Early,Final
831600,2026-03-18,Toronto Blue Jays,Baltimore Orioles,141,110,676596.0,Josh Fleming,544150.0,Albert Suárez,Final
831866,2026-03-18,Cincinnati Reds,Colorado Rockies,113,115,663903.0,Brady Singer,500779.0,Jose Quintana,Final
831761,2026-03-18,Los Angeles Dodgers,San Francisco Giants,119,137,660271.0,Shohei Ohtani,694738.0,Landen Roupp,Completed Early
831932,2026-03-18,Arizona Diamondbacks,Chicago Cubs,109,112,518876.0,Merrill Kelly,665795.0,Edward Cabrera,Final
831895,2026-03-18,Los Angeles Angels,Cincinnati Reds,108,113,686799.0,Jack Kochanowicz,695505.0,Chase Burns,Final
831818,2026-03-18,Milwaukee Brewers,Los Angeles Angels,158,108,690986.0,Kyle Harrison,696270.0,Ryan Johnson,Final
831784,2026-03-18,Seattle Mariners,Milwaukee Brewers,136,158,676106.0,Emerson Hancock,692230.0,Carlos Rodriguez,Final
831558,2026-03-18,Pittsburgh Pirates,Detroit Tigers,134,116,677952.0,Braxton Ashcraft,663554.0,Casey Mize,Final
831833,2026-03-18,Texas Rangers,Kansas City Royals,140,118,677958.0,Kumar Rocker,608379.0,Michael Wacha,Final
831455,2026-03-18,Washington Nationals,Miami Marlins,120,146,641793.0,Zack Littell,666129.0,Braxton Garrett,Cancelled
831452,2026-03-19,St. Louis Cardinals,Washington Nationals,138,120,687273.0,Quinn Mathews,641793.0,Zack Littell,Final
831551,2026-03-19,Philadelphia Phillies,Tampa Bay Rays,143,139,641835.0,Tim Mayza,656876.0,Drew Rasmussen,Final
832062,2026-03-19,New York Yankees,Baltimore Orioles,147,110,608331.0,Max Fried,665152.0,Dean Kremer,Final
831605,2026-03-19,Toronto Blue Jays,New York Yankees,141,147,664074.0,Cody Ponce,677960.0,Ryan Weathers,Final
831500,2026-03-19,Houston Astros,New York Mets,117,121,663567.0,Peter Lambert,673540.0,Kodai Senga,Final
831501,2026-03-19,Baltimore Orioles,Pittsburgh Pirates,110,134,669432.0,Trevor Rogers,676742.0,Cam Sanders,Final
831606,2026-03-19,Boston Red Sox,Minnesota Twins,111,142,678394.0,Brayan Bello,690953.0,Mick Abel,Final
831822,2026-03-19,Kansas City Royals,Los Angeles Angels,118,108,663460.0,Kris Bubic,579328.0,Yusei Kikuchi,Final
831846,2026-03-19,Cleveland Guardians,Kansas City Royals,114,118,800048.0,Parker Messick,702070.0,Noah Cameron,Final
831962,2026-03-19,Chicago White Sox,Arizona Diamondbacks,145,109,663436.0,Davis Martin,647336.0,Michael Soroka,Final
831755,2026-03-19,Athletics,Seattle Mariners,133,136,650644.0,Aaron Civale,,,Final
831756,2026-03-19,Colorado Rockies,San Francisco Giants,115,137,608372.0,Tomoyuki Sugano,657277.0,Logan Webb,Final
831907,2026-03-19,San Diego Padres,Chicago White Sox,135,145,650633.0,Michael King,686563.0,Jonathan Cannon,Final
831722,2026-03-19,Milwaukee Brewers,Texas Rangers,158,140,605540.0,Brandon Woodruff,656641.0,Jacob Latz,Final
831602,2026-03-20,Tampa Bay Rays,Boston Red Sox,139,111,663556.0,Shane McClanahan,687762.0,Blake Wehunt,Final
831604,2026-03-20,Minnesota Twins,Toronto Blue Jays,142,141,680573.0,Simeon Woods Richardson,453286.0,Max Scherzer,Final
831550,2026-03-20,Philadelphia Phillies,Detroit Tigers,143,116,650911.0,Cristopher Sánchez,669373.0,Tarik Skubal,Final
831456,2026-03-20,New York Mets,St. Louis Cardinals,121,138,668964.0,Tobias Myers,669461.0,Matthew Liberatore,Final
831910,2026-03-20,Los Angeles Angels,Chicago White Sox,108,145,667755.0,José Soriano,681343.0,Shane Smith,Final
831451,2026-03-20,Atlanta Braves,Pittsburgh Pirates,144,134,660761.0,José Suarez,670990.0,Yohan Ramírez,Final
831505,2026-03-20,Houston Astros,Miami Marlins,117,146,686613.0,Hunter Brown,691587.0,Eury Pérez,Final
831603,2026-03-20,New York Yankees,Baltimore Orioles,147,110,661563.0,Luis Gil,621107.0,Zach Eflin,Final
831450,2026-03-20,Miami Marlins,Washington Nationals,146,120,663978.0,Chris Paddack,656492.0,Foster Griffin,Final
831835,2026-03-20,San Francisco Giants,Kansas City Royals,137,118,605288.0,Adrian Houser,686701.0,Ryan Bergert,Final
831902,2026-03-20,Chicago Cubs,Cincinnati Reds,112,113,571510.0,Matthew Boyd,682227.0,Brandon Williamson,Final
831766,2026-03-20,Los Angeles Dodgers,San Diego Padres,119,135,808967.0,Yoshinobu Yamamoto,594835.0,Marco Gonzales,Final
831743,2026-03-20,Cleveland Guardians,Seattle Mariners,114,136,671106.0,Logan Allen,682077.0,Gabe Mosser,Final
831749,2026-03-20,Texas Rangers,San Francisco Giants,140,137,543135.0,Nathan Eovaldi,702352.0,Spencer Bivens,Final
831931,2026-03-20,Athletics,Chicago Cubs,133,112,,,592791.0,Jameson Taillon,Final
831864,2026-03-20,San Diego Padres,Colorado Rockies,135,115,601713.0,Nick Pivetta,675848.0,Juan Mejia,Final
831796,2026-03-20,Arizona Diamondbacks,Milwaukee Brewers,109,158,668678.0,Zac Gallen,694819.0,Jacob Misiorowski,Final
831448,2026-03-21,Washington Nationals,New York Mets,120,121,676917.0,Cade Cavalli,,,Final
831553,2026-03-21,Pittsburgh Pirates,Toronto Blue Jays,134,141,694973.0,Paul Skenes,592332.0,Kevin Gausman,Final
831599,2026-03-21,Tampa Bay Rays,Minnesota Twins,139,142,691765.0,Jackson Baumeister,657746.0,Joe Ryan,Final
831499,2026-03-21,Baltimore Orioles,Philadelphia Phillies,110,143,694370.0,Levi Wells,680743.0,Ryan Cusick,Final
831502,2026-03-21,Boston Red Sox,Atlanta Braves,111,144,676979.0,Garrett Crochet,519242.0,Chris Sale,Final
831449,2026-03-21,St. Louis Cardinals,Miami Marlins,138,146,,,676083.0,Janson Junk,Final
831601,2026-03-21,Detroit Tigers,New York Yankees,116,147,664285.0,Framber Valdez,693645.0,Cam Schlittler,Final
831549,2026-03-21,New York Mets,Houston Astros,121,117,804636.0,Jonah Tong,681347.0,Mike Burrows,Final
831937,2026-03-21,Los Angeles Dodgers,Athletics,119,133,686218.0,Emmet Sheehan,682052.0,Jacob Lopez,Final
831868,2026-03-21,Kansas City Royals,Colorado Rockies,118,115,666142.0,Cole Ragans,607536.0,Kyle Freeland,Final
831873,2026-03-21,San Francisco Giants,Cleveland Guardians,137,114,592662.0,Robbie Ray,676440.0,Tanner Bibee,Final
831734,2026-03-21,Arizona Diamondbacks,Texas Rangers,109,140,669194.0,Ryne Nelson,,,Final
831767,2026-03-21,Milwaukee Brewers,San Diego Padres,158,135,688107.0,Robert Gasser,681190.0,Randy Vásquez,Final
831916,2026-03-21,Cincinnati Reds,Chicago White Sox,113,145,671096.0,Andrew Abbott,699151.0,Jedixson Paez,Final
831923,2026-03-21,Seattle Mariners,Chicago Cubs,136,112,,,607067.0,Colin Rea,Final
831496,2026-03-22,Houston Astros,St. Louis Cardinals,117,138,664299.0,Cristian Javier,700241.0,Michael McGreevy,Final
831552,2026-03-22,Pittsburgh Pirates,Boston Red Sox,134,111,656605.0,Mitch Keller,543243.0,Sonny Gray,Final
831492,2026-03-22,Minnesota Twins,Atlanta Braves,142,144,671737.0,Taj Bradley,625643.0,Reynaldo López,Final
831493,2026-03-22,New York Yankees,Philadelphia Phillies,147,143,701542.0,Will Warren,605400.0,Aaron Nola,Final
831592,2026-03-22,Toronto Blue Jays,Tampa Bay Rays,141,139,656302.0,Dylan Cease,607259.0,Nick Martinez,Final
831446,2026-03-22,Miami Marlins,New York Mets,146,121,645261.0,Sandy Alcantara,656849.0,David Peterson,Final
831503,2026-03-22,Baltimore Orioles,Washington Nationals,110,120,680694.0,Kyle Bradish,680730.0,Mitchell Parker,Final
831896,2026-03-22,Cleveland Guardians,Cincinnati Reds,114,113,668909.0,Gavin Williams,666157.0,Nick Lodolo,Final
831789,2026-03-22,Chicago Cubs,Milwaukee Brewers,112,158,690990.0,Cade Horton,694477.0,Chad Patrick,Final
831945,2026-03-22,Colorado Rockies,Athletics,115,133,547179.0,Michael Lorenzen,605488.0,Jeffrey Springs,Final
831752,2026-03-22,Sacramento River Cats,San Francisco Giants,105,137,802609.0,John Michael Bertrand,641816.0,Tyler Mahle,Final
831746,2026-03-22,Chicago White Sox,Seattle Mariners,145,136,680732.0,Sean Burke,693433.0,Bryan Woo,Final
831804,2026-03-22,Los Angeles Angels,Los Angeles Dodgers,108,119,691946.0,George Klassen,607192.0,Tyler Glasnow,Final
831947,2026-03-22,San Diego Padres,Arizona Diamondbacks,135,109,621111.0,Walker Buehler,605452.0,Joe Ross,Final
831547,2026-03-23,Philadelphia Phillies,Tampa Bay Rays,143,139,666200.0,Jesús Luzardo,571927.0,Steven Matz,Final
831546,2026-03-23,Washington Nationals,Baltimore Orioles,120,110,676571.0,PJ Poulin,669358.0,Shane Baz,Final
832036,2026-03-23,Boston Red Sox,Minnesota Twins,111,142,670912.0,Johan Oviedo,641927.0,Bailey Ober,Final
831447,2026-03-23,Pittsburgh Pirates,Atlanta Braves,134,144,608334.0,Carson Fulmer,800311.0,Didier Fuentes,Final
831915,2026-03-23,Athletics,Chicago White Sox,133,145,806960.0,Luis Morales,641743.0,Anthony Kay,Final
831780,2026-03-23,Chicago Cubs,New York Yankees,112,147,684007.0,Shota Imanaga,801739.0,Carlos Lagrange,Final
831735,2026-03-23,San Diego Padres,Seattle Mariners,135,136,608566.0,Germán Márquez,622491.0,Luis Castillo,Final
831442,2026-03-23,Springfield Cardinals,St. Louis Cardinals,440,138,802408.0,Brycen Mautz,669160.0,Dustin May,Final
832078,2026-03-23,Milwaukee Brewers,Cincinnati Reds,158,113,676879.0,Aaron Ashby,663903.0,Brady Singer,Final
831838,2026-03-23,Texas Rangers,Kansas City Royals,140,118,669022.0,MacKenzie Gore,608379.0,Michael Wacha,Final
831443,2026-03-23,Houston Astros,Sugar Land Space Cowboys,117,5434,837227.0,Tatsuya Imai,,,Completed Early
831857,2026-03-23,Colorado Rockies,Detroit Tigers,115,116,,,656427.0,Jack Flaherty,Final
831821,2026-03-23,Los Angeles Dodgers,Los Angeles Angels,119,108,808963.0,Roki Sasaki,672282.0,Reid Detmers,Final
831885,2026-03-23,Arizona Diamondbacks,Cleveland Guardians,109,114,518876.0,Merrill Kelly,677944.0,Slade Cecconi,Final
831786,2026-03-23,San Francisco Giants,Sultanes de Monterrey,137,562,663941.0,Tristan Beck,605501.0,Stephen Tarpley,Final
831545,2026-03-24,Atlanta Braves,Tampa Bay Rays,144,139,656550.0,Grant Holmes,592155.0,Cam Booser,Final
832037,2026-03-24,Minnesota Twins,Boston Red Sox,142,111,687849.0,Zak Kent,624133.0,Ranger Suarez,Final
831837,2026-03-24,Texas Rangers,Kansas City Royals,140,118,683004.0,Jack Leiter,607625.0,Seth Lugo,Final
831779,2026-03-24,Chicago Cubs,New York Yankees,112,147,665795.0,Edward Cabrera,543037.0,Gerrit Cole,Final
831856,2026-03-24,Colorado Rockies,Detroit Tigers,115,116,608372.0,Tomoyuki Sugano,434378.0,Justin Verlander,Final
831887,2026-03-24,Arizona Diamondbacks,Cleveland Guardians,109,114,647336.0,Michael Soroka,800048.0,Parker Messick,Final
832077,2026-03-24,Milwaukee Brewers,Cincinnati Reds,158,113,687075.0,Brandon Sproat,695505.0,Chase Burns,Final
831820,2026-03-24,Los Angeles Dodgers,Los Angeles Angels,119,108,660271.0,Shohei Ohtani,686799.0,Jack Kochanowicz,Final
831441,2026-03-24,Houston Astros,Sugar Land Space Cowboys,117,5434,621121.0,Lance McCullers Jr.,699044.0,Miguel Ullola,Final
831782,2026-03-24,San Francisco Giants,Sultanes de Monterrey,137,562,694738.0,Landen Roupp,656954.0,Justus Sheffield,Final
823244,2026-03-25,San Francisco Giants,New York Yankees,137,147,657277.0,Logan Webb,608331.0,Max Fried,Final
823649,2026-03-26,New York Mets,Pittsburgh Pirates,121,134,642547.0,Freddy Peralta,694973.0,Paul Skenes,Final
823812,2026-03-26,Milwaukee Brewers,Chicago White Sox,158,145,694819.0,Jacob Misiorowski,681343.0,Shane Smith,Final
824704,2026-03-26,Chicago Cubs,Washington Nationals,112,120,571510.0,Matthew Boyd,676917.0,Cade Cavalli,Final
824865,2026-03-26,Baltimore Orioles,Minnesota Twins,110,142,669432.0,Trevor Rogers,657746.0,Joe Ryan,Final
824541,2026-03-26,Cincinnati Reds,Boston Red Sox,113,111,671096.0,Andrew Abbott,676979.0,Garrett Crochet,Final
824218,2026-03-26,Houston Astros,Los Angeles Angels,117,108,686613.0,Hunter Brown,667755.0,José Soriano,Final
823325,2026-03-26,San Diego Padres,Detroit Tigers,135,116,601713.0,Nick Pivetta,669373.0,Tarik Skubal,Final
823081,2026-03-26,St. Louis Cardinals,Tampa Bay Rays,138,139,669461.0,Matthew Liberatore,656876.0,Drew Rasmussen,Final
823486,2026-03-26,Philadelphia Phillies,Texas Rangers,143,140,650911.0,Cristopher Sánchez,543135.0,Nathan Eovaldi,Final
823974,2026-03-26,Los Angeles Dodgers,Arizona Diamondbacks,119,109,808967.0,Yoshinobu Yamamoto,668678.0,Zac Gallen,Final
823163,2026-03-26,Seattle Mariners,Cleveland Guardians,136,114,669302.0,Logan Gilbert,676440.0,Tanner Bibee,Final
823243,2026-03-27,San Francisco Giants,New York Yankees,137,147,592662.0,Robbie Ray,693645.0,Cam Schlittler,Final
822839,2026-03-27,Toronto Blue Jays,Athletics,141,133,592332.0,Kevin Gausman,622663.0,Luis Severino,Final
823893,2026-03-27,Miami Marlins,Colorado Rockies,146,115,645261.0,Sandy Alcantara,607536.0,Kyle Freeland,Final
824946,2026-03-27,Atlanta Braves,Kansas City Royals,144,118,519242.0,Chris Sale,666142.0,Cole Ragans,Final
824216,2026-03-27,Houston Astros,Los Angeles Angels,117,108,681347.0,Mike Burrows,579328.0,Yusei Kikuchi,Final
823324,2026-03-27,San Diego Padres,Detroit Tigers,135,116,650633.0,Michael King,664285.0,Framber Valdez,Final
823162,2026-03-27,Seattle Mariners,Cleveland Guardians,136,114,669923.0,George Kirby,668909.0,Gavin Williams,Final
823971,2026-03-27,Los Angeles Dodgers,Arizona Diamondbacks,119,109,686218.0,Emmet Sheehan,669194.0,Ryne Nelson,Final
823082,2026-03-28,St. Louis Cardinals,Tampa Bay Rays,138,139,700241.0,Michael McGreevy,671212.0,Joe Boyle,Final
824701,2026-03-28,Chicago Cubs,Washington Nationals,112,120,690990.0,Cade Horton,571945.0,Miles Mikolas,Final
822838,2026-03-28,Toronto Blue Jays,Athletics,141,133,656302.0,Dylan Cease,605488.0,Jeffrey Springs,Final
824862,2026-03-28,Baltimore Orioles,Minnesota Twins,110,142,680694.0,Kyle Bradish,671737.0,Taj Bradley,Final
823488,2026-03-28,Philadelphia Phillies,Texas Rangers,143,140,605400.0,Aaron Nola,656641.0,Jacob Latz,Final
824540,2026-03-28,Cincinnati Reds,Boston Red Sox,113,111,663903.0,Brady Singer,543243.0,Sonny Gray,Final
823651,2026-03-28,New York Mets,Pittsburgh Pirates,121,134,656849.0,David Peterson,656605.0,Mitch Keller,Final
823892,2026-03-28,Miami Marlins,Colorado Rockies,146,115,691587.0,Eury Pérez,547179.0,Michael Lorenzen,Final
824213,2026-03-28,Houston Astros,Los Angeles Angels,117,108,664299.0,Cristian Javier,672282.0,Reid Detmers,Final
823811,2026-03-28,Milwaukee Brewers,Chicago White Sox,158,145,694477.0,Chad Patrick,680732.0,Sean Burke,Final
824945,2026-03-28,Atlanta Braves,Kansas City Royals,144,118,625643.0,Reynaldo López,608379.0,Michael Wacha,Final
823241,2026-03-28,San Francisco Giants,New York Yankees,137,147,641816.0,Tyler Mahle,701542.0,Will Warren,Final
823323,2026-03-28,San Diego Padres,Detroit Tigers,135,116,681190.0,Randy Vásquez,656427.0,Jack Flaherty,Final
823973,2026-03-28,Los Angeles Dodgers,Arizona Diamondbacks,119,109,607192.0,Tyler Glasnow,593958.0,Eduardo Rodriguez,Final
823161,2026-03-28,Seattle Mariners,Cleveland Guardians,136,114,693433.0,Bryan Woo,676282.0,Joey Cantillo,Final
824864,2026-03-29,Baltimore Orioles,Minnesota Twins,110,142,669358.0,Shane Baz,641927.0,Bailey Ober,Final
823487,2026-03-29,Philadelphia Phillies,Texas Rangers,143,140,666200.0,Jesús Luzardo,669022.0,MacKenzie Gore,Final
824944,2026-03-29,Atlanta Braves,Kansas City Royals,144,118,656550.0,Grant Holmes,607625.0,Seth Lugo,Final
822837,2026-03-29,Toronto Blue Jays,Athletics,141,133,641778.0,Eric Lauer,806960.0,Luis Morales,Final
824538,2026-03-29,Cincinnati Reds,Boston Red Sox,113,111,695076.0,Rhett Lowder,813349.0,Connelly Early,Final
823647,2026-03-29,New York Mets,Pittsburgh Pirates,121,134,690997.0,Nolan McLean,669387.0,Carmen Mlodzinski,Final
823891,2026-03-29,Miami Marlins,Colorado Rockies,146,115,676974.0,Max Meyer,500779.0,Jose Quintana,Final
824215,2026-03-29,Houston Astros,Los Angeles Angels,117,108,837227.0,Tatsuya Imai,686799.0,Jack Kochanowicz,Final
823810,2026-03-29,Milwaukee Brewers,Chicago White Sox,158,145,687075.0,Brandon Sproat,641743.0,Anthony Kay,Final
823079,2026-03-29,St. Louis Cardinals,Tampa Bay Rays,138,139,669160.0,Dustin May,571927.0,Steven Matz,Final
824700,2026-03-29,Chicago Cubs,Washington Nationals,112,120,684007.0,Shota Imanaga,663623.0,Jake Irvin,Final
823160,2026-03-29,Seattle Mariners,Cleveland Guardians,136,114,676106.0,Emerson Hancock,677944.0,Slade Cecconi,Final
824135,2026-03-30,Kansas City Royals,Minnesota Twins,118,142,663460.0,Kris Bubic,680573.0,Simeon Woods Richardson,Final
824863,2026-03-30,Baltimore Orioles,Texas Rangers,110,140,605135.0,Chris Bassitt,683004.0,Jack Leiter,Final
824539,2026-03-30,Cincinnati Reds,Pittsburgh Pirates,113,134,695505.0,Chase Burns,677952.0,Braxton Ashcraft,Final
823484,2026-03-30,Philadelphia Phillies,Washington Nationals,143,120,592836.0,Taijuan Walker,656492.0,Foster Griffin,Final
823890,2026-03-30,Miami Marlins,Chicago White Sox,146,145,663978.0,Chris Paddack,663436.0,Davis Martin,Final
822834,2026-03-30,Toronto Blue Jays,Colorado Rockies,141,115,664074.0,Cody Ponce,608372.0,Tomoyuki Sugano,Final
824943,2026-03-30,Atlanta Braves,Athletics,144,133,693821.0,Bryce Elder,682052.0,Jacob Lopez,Final
824702,2026-03-30,Chicago Cubs,Los Angeles Angels,112,108,665795.0,Edward Cabrera,696270.0,Ryan Johnson,Final
823809,2026-03-30,Milwaukee Brewers,Tampa Bay Rays,158,139,690986.0,Kyle Harrison,607259.0,Nick Martinez,Final
823080,2026-03-30,St. Louis Cardinals,New York Mets,138,121,681517.0,Kyle Leahy,605280.0,Clay Holmes,Final
824214,2026-03-30,Houston Astros,Boston Red Sox,117,111,621121.0,Lance McCullers Jr.,624133.0,Ranger Suarez,Final
823320,2026-03-30,San Diego Padres,San Francisco Giants,135,137,621111.0,Walker Buehler,694738.0,Landen Roupp,Final
823159,2026-03-30,Seattle Mariners,New York Yankees,136,147,622491.0,Luis Castillo,677960.0,Ryan Weathers,Final
825108,2026-03-30,Arizona Diamondbacks,Detroit Tigers,109,116,647336.0,Michael Soroka,434378.0,Justin Verlander,Final
823972,2026-03-30,Los Angeles Dodgers,Cleveland Guardians,119,114,808963.0,Roki Sasaki,800048.0,Parker Messick,Final
824861,2026-03-31,Baltimore Orioles,Texas Rangers,110,140,621107.0,Zach Eflin,594798.0,Jacob deGrom,Final
824537,2026-03-31,Cincinnati Reds,Pittsburgh Pirates,113,134,682227.0,Brandon Williamson,696149.0,Bubba Chandler,Final
823485,2026-03-31,Philadelphia Phillies,Washington Nationals,143,120,691725.0,Andrew Painter,676571.0,PJ Poulin,Final
823888,2026-03-31,Miami Marlins,Chicago White Sox,146,145,676083.0,Janson Junk,607200.0,Erick Fedde,Final
822836,2026-03-31,Toronto Blue Jays,Colorado Rockies,141,115,453286.0,Max Scherzer,663372.0,Ryan Feltner,Final
824942,2026-03-31,Atlanta Braves,Athletics,144,133,660761.0,José Suarez,650644.0,Aaron Civale,Final
824699,2026-03-31,Chicago Cubs,Los Angeles Angels,112,108,592791.0,Jameson Taillon,667755.0,José Soriano,Final
823807,2026-03-31,Milwaukee Brewers,Tampa Bay Rays,158,139,605540.0,Brandon Woodruff,663556.0,Shane McClanahan,Final
823077,2026-03-31,St. Louis Cardinals,New York Mets,138,121,669467.0,Andre Pallante,673540.0,Kodai Senga,Final
824212,2026-03-31,Houston Astros,Boston Red Sox,117,111,686613.0,Hunter Brown,678394.0,Brayan Bello,Final
825107,2026-03-31,Arizona Diamondbacks,Detroit Tigers,109,116,694297.0,Brandon Pfaadt,663554.0,Casey Mize,Final
823322,2026-03-31,San Diego Padres,San Francisco Giants,135,137,608566.0,Germán Márquez,657277.0,Logan Webb,Final
823158,2026-03-31,Seattle Mariners,New York Yankees,136,147,669302.0,Logan Gilbert,608331.0,Max Fried,Final
823969,2026-03-31,Los Angeles Dodgers,Cleveland Guardians,119,114,660271.0,Shohei Ohtani,676440.0,Tanner Bibee,Final
824940,2026-04-01,Atlanta Braves,Athletics,144,133,519242.0,Chris Sale,622663.0,Luis Severino,Final
824860,2026-04-01,Baltimore Orioles,Texas Rangers,110,140,669432.0,Trevor Rogers,543135.0,Nathan Eovaldi,Final
824536,2026-04-01,Cincinnati Reds,Pittsburgh Pirates,113,134,671096.0,Andrew Abbott,694973.0,Paul Skenes,Final
823483,2026-04-01,Philadelphia Phillies,Washington Nationals,143,120,650911.0,Cristopher Sánchez,676917.0,Cade Cavalli,Final
822835,2026-04-01,Toronto Blue Jays,Colorado Rockies,141,115,592332.0,Kevin Gausman,607536.0,Kyle Freeland,Final
823889,2026-04-01,Miami Marlins,Chicago White Sox,146,145,645261.0,Sandy Alcantara,681343.0,Shane Smith,Final
823078,2026-04-01,St. Louis Cardinals,New York Mets,138,121,669461.0,Matthew Liberatore,642547.0,Freddy Peralta,Final
823806,2026-04-01,Milwaukee Brewers,Tampa Bay Rays,158,139,694819.0,Jacob Misiorowski,656876.0,Drew Rasmussen,Final
824211,2026-04-01,Houston Astros,Boston Red Sox,117,111,681347.0,Mike Burrows,676979.0,Garrett Crochet,Final
824698,2026-04-01,Chicago Cubs,Los Angeles Angels,112,108,571510.0,Matthew Boyd,579328.0,Yusei Kikuchi,Final
825106,2026-04-01,Arizona Diamondbacks,Detroit Tigers,109,116,668678.0,Zac Gallen,669373.0,Tarik Skubal,Final
823321,2026-04-01,San Diego Padres,San Francisco Giants,135,137,601713.0,Nick Pivetta,605288.0,Adrian Houser,Final
823157,2026-04-01,Seattle Mariners,New York Yankees,136,147,669923.0,George Kirby,693645.0,Cam Schlittler,Final
824136,2026-04-01,Kansas City Royals,Minnesota Twins,118,142,702070.0,Noah Cameron,657746.0,Joe Ryan,Final
823970,2026-04-01,Los Angeles Dodgers,Cleveland Guardians,119,114,808967.0,Yoshinobu Yamamoto,668909.0,Gavin Williams,Final
824133,2026-04-02,Kansas City Royals,Minnesota Twins,118,142,666142.0,Cole Ragans,671737.0,Taj Bradley,Final
825105,2026-04-02,Arizona Diamondbacks,Atlanta Braves,109,144,669194.0,Ryne Nelson,625643.0,Reynaldo López,Final
823242,2026-04-02,San Francisco Giants,New York Mets,137,121,592662.0,Robbie Ray,656849.0,David Peterson,Final
824621,2026-04-02,Chicago White Sox,Toronto Blue Jays,145,141,680732.0,Sean Burke,656302.0,Dylan Cease,Postponed
822758,2026-04-03,Washington Nationals,Los Angeles Dodgers,120,119,571945.0,Miles Mikolas,686218.0,Emmet Sheehan,Final
824299,2026-04-03,Detroit Tigers,St. Louis Cardinals,116,138,664285.0,Framber Valdez,700241.0,Michael McGreevy,Final
823568,2026-04-03,New York Yankees,Miami Marlins,147,146,701542.0,Will Warren,691587.0,Eury Pérez,Final
824786,2026-04-03,Boston Red Sox,San Diego Padres,111,135,543243.0,Sonny Gray,650633.0,Michael King,Final
822919,2026-04-03,Texas Rangers,Cincinnati Reds,140,113,669022.0,MacKenzie Gore,663903.0,Brady Singer,Final
824458,2026-04-03,Cleveland Guardians,Chicago Cubs,114,112,676282.0,Joey Cantillo,690990.0,Cade Horton,Final
823732,2026-04-03,Minnesota Twins,Tampa Bay Rays,142,139,641927.0,Bailey Ober,671212.0,Joe Boyle,Final
824377,2026-04-03,Colorado Rockies,Philadelphia Phillies,115,143,547179.0,Michael Lorenzen,605400.0,Aaron Nola,Final
823406,2026-04-03,Pittsburgh Pirates,Baltimore Orioles,134,110,656605.0,Mitch Keller,680694.0,Kyle Bradish,Final
824056,2026-04-03,Los Angeles Angels,Seattle Mariners,108,136,672282.0,Reid Detmers,693433.0,Bryan Woo,Final
825026,2026-04-03,Athletics,Houston Astros,133,117,605488.0,Jeffrey Springs,664299.0,Cristian Javier,Final
825103,2026-04-03,Arizona Diamondbacks,Atlanta Braves,109,144,593958.0,Eduardo Rodriguez,656550.0,Grant Holmes,Final
823240,2026-04-03,San Francisco Giants,New York Mets,137,121,641816.0,Tyler Mahle,690997.0,Nolan McLean,Final
824134,2026-04-03,Kansas City Royals,Milwaukee Brewers,118,158,679883.0,Luinder Avila,694477.0,Chad Patrick,Postponed
824295,2026-04-04,Detroit Tigers,St. Louis Cardinals,116,138,656427.0,Jack Flaherty,669160.0,Dustin May,Completed Early
824622,2026-04-04,Chicago White Sox,Toronto Blue Jays,145,141,691799.0,Grant Taylor,689254.0,Mason Fluharty,Final
824132,2026-04-04,Kansas City Royals,Milwaukee Brewers,118,158,679883.0,Luinder Avila,694477.0,Chad Patrick,Final
822757,2026-04-04,Washington Nationals,Los Angeles Dodgers,120,119,663623.0,Jake Irvin,607192.0,Tyler Glasnow,Final
825027,2026-04-04,Athletics,Houston Astros,133,117,806960.0,Luis Morales,837227.0,Tatsuya Imai,Final
823404,2026-04-04,Pittsburgh Pirates,Baltimore Orioles,134,110,669387.0,Carmen Mlodzinski,669358.0,Shane Baz,Final
824782,2026-04-04,Boston Red Sox,San Diego Padres,111,135,813349.0,Connelly Early,681190.0,Randy Vásquez,Final
822920,2026-04-04,Texas Rangers,Cincinnati Reds,140,113,677958.0,Kumar Rocker,695076.0,Rhett Lowder,Final
823569,2026-04-04,New York Yankees,Miami Marlins,147,146,677960.0,Ryan Weathers,676974.0,Max Meyer,Final
823730,2026-04-04,Minnesota Twins,Tampa Bay Rays,142,139,690953.0,Mick Abel,571927.0,Steven Matz,Final
825104,2026-04-04,Arizona Diamondbacks,Atlanta Braves,109,144,647336.0,Michael Soroka,693821.0,Bryce Elder,Final
824378,2026-04-04,Colorado Rockies,Philadelphia Phillies,115,143,657514.0,Brennan Bernardino,666200.0,Jesús Luzardo,Final
823239,2026-04-04,San Francisco Giants,New York Mets,137,121,694738.0,Landen Roupp,605280.0,Clay Holmes,Final
824054,2026-04-04,Los Angeles Angels,Seattle Mariners,108,136,686799.0,Jack Kochanowicz,676106.0,Emerson Hancock,Final
824460,2026-04-04,Cleveland Guardians,Chicago Cubs,114,112,677944.0,Slade Cecconi,684007.0,Shota Imanaga,Postponed
824459,2026-04-05,Cleveland Guardians,Chicago Cubs,114,112,677944.0,Slade Cecconi,665795.0,Edward Cabrera,Final
822756,2026-04-05,Washington Nationals,Los Angeles Dodgers,120,119,656492.0,Foster Griffin,808963.0,Roki Sasaki,Final
823405,2026-04-05,Pittsburgh Pirates,Baltimore Orioles,134,110,677952.0,Braxton Ashcraft,605135.0,Chris Bassitt,Final
824781,2026-04-05,Boston Red Sox,San Diego Padres,111,135,624133.0,Ranger Suarez,621111.0,Walker Buehler,Final
823566,2026-04-05,New York Yankees,Miami Marlins,147,146,608331.0,Max Fried,664126.0,Pete Fairbanks,Final
823729,2026-04-05,Minnesota Twins,Tampa Bay Rays,142,139,680573.0,Simeon Woods Richardson,607259.0,Nick Martinez,Final
824620,2026-04-05,Chicago White Sox,Toronto Blue Jays,145,141,663436.0,Davis Martin,641778.0,Eric Lauer,Final
824131,2026-04-05,Kansas City Royals,Milwaukee Brewers,118,158,663460.0,Kris Bubic,690986.0,Kyle Harrison,Final
822917,2026-04-05,Texas Rangers,Cincinnati Reds,140,113,683004.0,Jack Leiter,695505.0,Chase Burns,Final
824379,2026-04-05,Colorado Rockies,Philadelphia Phillies,115,143,608372.0,Tomoyuki Sugano,592836.0,Taijuan Walker,Final
825025,2026-04-05,Athletics,Houston Astros,133,117,682052.0,Jacob Lopez,621121.0,Lance McCullers Jr.,Final
823238,2026-04-05,San Francisco Giants,New York Mets,137,121,657277.0,Logan Webb,673540.0,Kodai Senga,Final
824053,2026-04-05,Los Angeles Angels,Seattle Mariners,108,136,691946.0,George Klassen,622491.0,Luis Castillo,Final
825102,2026-04-05,Arizona Diamondbacks,Atlanta Braves,109,144,694297.0,Brandon Pfaadt,527048.0,Martín Pérez,Final
824296,2026-04-05,Detroit Tigers,St. Louis Cardinals,116,138,672456.0,Keider Montero,681517.0,Kyle Leahy,Final
823002,2026-04-06,Tampa Bay Rays,Chicago Cubs,139,112,663556.0,Shane McClanahan,592791.0,Jameson Taillon,Final
824456,2026-04-06,Cleveland Guardians,Kansas City Royals,114,118,676440.0,Tanner Bibee,608379.0,Michael Wacha,Final
823401,2026-04-06,Pittsburgh Pirates,San Diego Padres,134,135,696149.0,Bubba Chandler,608566.0,Germán Márquez,Final
823886,2026-04-06,Miami Marlins,Cincinnati Reds,146,113,676083.0,Janson Junk,682227.0,Brandon Williamson,Final
822755,2026-04-06,Washington Nationals,St. Louis Cardinals,120,138,641793.0,Zack Littell,669467.0,Andre Pallante,Final
824783,2026-04-06,Boston Red Sox,Milwaukee Brewers,111,158,678394.0,Brayan Bello,605540.0,Brandon Woodruff,Final
822832,2026-04-06,Toronto Blue Jays,Los Angeles Dodgers,141,119,453286.0,Max Scherzer,680736.0,Justin Wrobleski,Final
823728,2026-04-06,Minnesota Twins,Detroit Tigers,142,116,657746.0,Joe Ryan,663554.0,Casey Mize,Final
824619,2026-04-06,Chicago White Sox,Baltimore Orioles,145,110,691799.0,Grant Taylor,687064.0,Brandon Young,Final
822918,2026-04-06,Texas Rangers,Seattle Mariners,140,136,594798.0,Jacob deGrom,669302.0,Logan Gilbert,Final
824376,2026-04-06,Colorado Rockies,Houston Astros,115,117,663372.0,Ryan Feltner,675989.0,Cody Bolton,Final
824052,2026-04-06,Los Angeles Angels,Atlanta Braves,108,144,667755.0,José Soriano,519242.0,Chris Sale,Final
823237,2026-04-06,San Francisco Giants,Philadelphia Phillies,137,143,605288.0,Adrian Houser,691725.0,Andrew Painter,Final
824457,2026-04-07,Cleveland Guardians,Kansas City Royals,114,118,668909.0,Gavin Williams,702070.0,Noah Cameron,Final
824618,2026-04-07,Chicago White Sox,Baltimore Orioles,145,110,681343.0,Shane Smith,669432.0,Trevor Rogers,Final
823648,2026-04-07,New York Mets,Arizona Diamondbacks,121,109,642547.0,Freddy Peralta,668678.0,Zac Gallen,Final
823402,2026-04-07,Pittsburgh Pirates,San Diego Padres,134,135,694973.0,Paul Skenes,601713.0,Nick Pivetta,Final
822999,2026-04-07,Tampa Bay Rays,Chicago Cubs,139,112,669438.0,Mason Englert,665871.0,Javier Assad,Final
823887,2026-04-07,Miami Marlins,Cincinnati Reds,146,113,645261.0,Sandy Alcantara,671096.0,Andrew Abbott,Final
822754,2026-04-07,Washington Nationals,St. Louis Cardinals,120,138,676917.0,Cade Cavalli,669461.0,Matthew Liberatore,Final
824780,2026-04-07,Boston Red Sox,Milwaukee Brewers,111,158,676979.0,Garrett Crochet,694819.0,Jacob Misiorowski,Final
823567,2026-04-07,New York Yankees,Athletics,147,133,693645.0,Cam Schlittler,650644.0,Aaron Civale,Final
822831,2026-04-07,Toronto Blue Jays,Los Angeles Dodgers,141,119,592332.0,Kevin Gausman,808967.0,Yoshinobu Yamamoto,Final
823727,2026-04-07,Minnesota Twins,Detroit Tigers,142,116,671737.0,Taj Bradley,669373.0,Tarik Skubal,Final
822916,2026-04-07,Texas Rangers,Seattle Mariners,140,136,543135.0,Nathan Eovaldi,669923.0,George Kirby,Final
824375,2026-04-07,Colorado Rockies,Houston Astros,115,117,607536.0,Kyle Freeland,681347.0,Mike Burrows,Final
824051,2026-04-07,Los Angeles Angels,Atlanta Braves,108,144,579328.0,Yusei Kikuchi,625643.0,Reynaldo López,Final
823235,2026-04-07,San Francisco Giants,Philadelphia Phillies,137,143,592662.0,Robbie Ray,650911.0,Cristopher Sánchez,Final
823403,2026-04-08,Pittsburgh Pirates,San Diego Padres,134,135,656605.0,Mitch Keller,650633.0,Michael King,Final
824455,2026-04-08,Cleveland Guardians,Kansas City Royals,114,118,676282.0,Joey Cantillo,666142.0,Cole Ragans,Final
824779,2026-04-08,Boston Red Sox,Milwaukee Brewers,111,158,543243.0,Sonny Gray,675660.0,Shane Drohan,Final
824617,2026-04-08,Chicago White Sox,Baltimore Orioles,145,110,680732.0,Sean Burke,680694.0,Kyle Bradish,Final
822915,2026-04-08,Texas Rangers,Seattle Mariners,140,136,669022.0,MacKenzie Gore,693433.0,Bryan Woo,Final
822833,2026-04-08,Toronto Blue Jays,Los Angeles Dodgers,141,119,656302.0,Dylan Cease,660271.0,Shohei Ohtani,Final
824374,2026-04-08,Colorado Rockies,Houston Astros,115,117,547179.0,Michael Lorenzen,664299.0,Cristian Javier,Final
823234,2026-04-08,San Francisco Giants,Philadelphia Phillies,137,143,641816.0,Tyler Mahle,605400.0,Aaron Nola,Final
822753,2026-04-08,Washington Nationals,St. Louis Cardinals,120,138,571945.0,Miles Mikolas,700241.0,Michael McGreevy,Final
824050,2026-04-08,Los Angeles Angels,Atlanta Braves,108,144,672282.0,Reid Detmers,656550.0,Grant Holmes,Final
823646,2026-04-08,New York Mets,Arizona Diamondbacks,121,109,656849.0,David Peterson,669194.0,Ryne Nelson,Final
823000,2026-04-08,Tampa Bay Rays,Chicago Cubs,139,112,671212.0,Joe Boyle,607067.0,Colin Rea,Final
823885,2026-04-08,Miami Marlins,Cincinnati Reds,146,113,691587.0,Eury Pérez,663903.0,Brady Singer,Final
823564,2026-04-08,New York Yankees,Athletics,147,133,701542.0,Will Warren,622663.0,Luis Severino,Final
823726,2026-04-08,Minnesota Twins,Detroit Tigers,142,116,641927.0,Bailey Ober,664285.0,Framber Valdez,Final
823884,2026-04-09,Miami Marlins,Cincinnati Reds,146,113,676974.0,Max Meyer,695076.0,Rhett Lowder,In Progress
823565,2026-04-09,New York Yankees,Athletics,147,133,677960.0,Ryan Weathers,605488.0,Jeffrey Springs,Pre-Game
823724,2026-04-09,Minnesota Twins,Detroit Tigers,142,116,690953.0,Mick Abel,656427.0,Jack Flaherty,Pre-Game
823645,2026-04-09,New York Mets,Arizona Diamondbacks,121,109,690997.0,Nolan McLean,593958.0,Eduardo Rodriguez,Scheduled
824130,2026-04-09,Kansas City Royals,Chicago White Sox,118,145,607625.0,Seth Lugo,641743.0,Anthony Kay,Scheduled
823319,2026-04-09,San Diego Padres,Colorado Rockies,135,115,681190.0,Randy Vásquez,,,Scheduled
824695,2026-04-10,Chicago Cubs,Pittsburgh Pirates,112,134,684007.0,Shota Imanaga,669387.0,Carmen Mlodzinski,Scheduled
823482,2026-04-10,Philadelphia Phillies,Arizona Diamondbacks,143,109,666200.0,Jesús Luzardo,,,Scheduled
824297,2026-04-10,Detroit Tigers,Miami Marlins,116,146,,,663978.0,Chris Paddack,Scheduled
824534,2026-04-10,Cincinnati Reds,Los Angeles Angels,113,108,695505.0,Chase Burns,686799.0,Jack Kochanowicz,Scheduled
822829,2026-04-10,Toronto Blue Jays,Minnesota Twins,141,142,571578.0,Patrick Corbin,680573.0,Simeon Woods Richardson,Scheduled
823643,2026-04-10,New York Mets,Athletics,121,133,605280.0,Clay Holmes,,,Scheduled
822997,2026-04-10,Tampa Bay Rays,New York Yankees,139,147,571927.0,Steven Matz,661563.0,Luis Gil,Scheduled
824858,2026-04-10,Baltimore Orioles,San Francisco Giants,110,137,669358.0,Shane Baz,694738.0,Landen Roupp,Scheduled
824941,2026-04-10,Atlanta Braves,Cleveland Guardians,144,114,693821.0,Bryce Elder,677944.0,Slade Cecconi,Scheduled
824128,2026-04-10,Kansas City Royals,Chicago White Sox,118,145,663460.0,Kris Bubic,663436.0,Davis Martin,Scheduled
823808,2026-04-10,Milwaukee Brewers,Washington Nationals,158,120,694477.0,Chad Patrick,663623.0,Jake Irvin,Scheduled
823076,2026-04-10,St. Louis Cardinals,Boston Red Sox,138,111,669160.0,Dustin May,813349.0,Connelly Early,Scheduled
823318,2026-04-10,San Diego Padres,Colorado Rockies,135,115,621111.0,Walker Buehler,608372.0,Tomoyuki Sugano,Scheduled
823156,2026-04-10,Seattle Mariners,Houston Astros,136,117,676106.0,Emerson Hancock,837227.0,Tatsuya Imai,Scheduled
823968,2026-04-10,Los Angeles Dodgers,Texas Rangers,119,140,607192.0,Tyler Glasnow,677958.0,Kumar Rocker,Scheduled
823480,2026-04-11,Philadelphia Phillies,Arizona Diamondbacks,143,109,592836.0,Taijuan Walker,,,Scheduled
824294,2026-04-11,Detroit Tigers,Miami Marlins,116,146,,,676083.0,Janson Junk,Scheduled
824697,2026-04-11,Chicago Cubs,Pittsburgh Pirates,112,134,665795.0,Edward Cabrera,677952.0,Braxton Ashcraft,Scheduled
822830,2026-04-11,Toronto Blue Jays,Minnesota Twins,141,142,641778.0,Eric Lauer,657746.0,Joe Ryan,Scheduled
824535,2026-04-11,Cincinnati Reds,Los Angeles Angels,113,108,682227.0,Brandon Williamson,691946.0,George Klassen,Scheduled
823644,2026-04-11,New York Mets,Athletics,121,133,673540.0,Kodai Senga,682052.0,Jacob Lopez,Scheduled
824129,2026-04-11,Kansas City Royals,Chicago White Sox,118,145,608379.0,Michael Wacha,607200.0,Erick Fedde,Scheduled
822996,2026-04-11,Tampa Bay Rays,New York Yankees,139,147,607259.0,Nick Martinez,608331.0,Max Fried,Scheduled
823805,2026-04-11,Milwaukee Brewers,Washington Nationals,158,120,687075.0,Brandon Sproat,656492.0,Foster Griffin,Scheduled
824857,2026-04-11,Baltimore Orioles,San Francisco Giants,110,137,605135.0,Chris Bassitt,657277.0,Logan Webb,Scheduled
823074,2026-04-11,St. Louis Cardinals,Boston Red Sox,138,111,681517.0,Kyle Leahy,624133.0,Ranger Suarez,Scheduled
824939,2026-04-11,Atlanta Braves,Cleveland Guardians,144,114,527048.0,Martín Pérez,800048.0,Parker Messick,Scheduled
823316,2026-04-11,San Diego Padres,Colorado Rockies,135,115,608566.0,Germán Márquez,663372.0,Ryan Feltner,Scheduled
823967,2026-04-11,Los Angeles Dodgers,Texas Rangers,119,140,686218.0,Emmet Sheehan,683004.0,Jack Leiter,Scheduled
823155,2026-04-11,Seattle Mariners,Houston Astros,136,117,622491.0,Luis Castillo,621121.0,Lance McCullers Jr.,Scheduled
824859,2026-04-12,Baltimore Orioles,San Francisco Giants,110,137,700249.0,Cade Povich,605288.0,Adrian Houser,Scheduled
823479,2026-04-12,Philadelphia Phillies,Arizona Diamondbacks,143,109,691725.0,Andrew Painter,,,Scheduled
822828,2026-04-12,Toronto Blue Jays,Minnesota Twins,141,142,453286.0,Max Scherzer,671737.0,Taj Bradley,Scheduled
824533,2026-04-12,Cincinnati Reds,Los Angeles Angels,113,108,671096.0,Andrew Abbott,667755.0,José Soriano,Scheduled
823642,2026-04-12,New York Mets,Athletics,121,133,642547.0,Freddy Peralta,650644.0,Aaron Civale,Scheduled
824293,2026-04-12,Detroit Tigers,Miami Marlins,116,146,,,645261.0,Sandy Alcantara,Scheduled
822998,2026-04-12,Tampa Bay Rays,New York Yankees,139,147,663556.0,Shane McClanahan,693645.0,Cam Schlittler,Scheduled
824126,2026-04-12,Kansas City Royals,Chicago White Sox,118,145,702070.0,Noah Cameron,,,Scheduled
823804,2026-04-12,Milwaukee Brewers,Washington Nationals,158,120,690986.0,Kyle Harrison,641793.0,Zack Littell,Scheduled
823075,2026-04-12,St. Louis Cardinals,Boston Red Sox,138,111,669467.0,Andre Pallante,678394.0,Brayan Bello,Scheduled
824696,2026-04-12,Chicago Cubs,Pittsburgh Pirates,112,134,592791.0,Jameson Taillon,696149.0,Bubba Chandler,Scheduled
823317,2026-04-12,San Diego Padres,Colorado Rockies,135,115,601713.0,Nick Pivetta,607536.0,Kyle Freeland,Scheduled
823154,2026-04-12,Seattle Mariners,Houston Astros,136,117,669302.0,Logan Gilbert,,,Scheduled
823966,2026-04-12,Los Angeles Dodgers,Texas Rangers,119,140,808963.0,Roki Sasaki,594798.0,Jacob deGrom,Scheduled
824938,2026-04-12,Atlanta Braves,Cleveland Guardians,144,114,519242.0,Chris Sale,676440.0,Tanner Bibee,Scheduled
823153,2026-04-13,Seattle Mariners,Houston Astros,136,117,669923.0,George Kirby,,,Scheduled
824856,2026-04-13,Baltimore Orioles,Arizona Diamondbacks,110,109,,,,,Scheduled
823400,2026-04-13,Pittsburgh Pirates,Washington Nationals,134,120,,,,,Scheduled
823481,2026-04-13,Philadelphia Phillies,Chicago Cubs,143,112,,,,,Scheduled
823563,2026-04-13,New York Yankees,Los Angeles Angels,147,108,,,,,Scheduled
824937,2026-04-13,Atlanta Braves,Miami Marlins,144,146,,,691587.0,Eury Pérez,Scheduled
823725,2026-04-13,Minnesota Twins,Boston Red Sox,142,111,,,,,Scheduled
823073,2026-04-13,St. Louis Cardinals,Cleveland Guardians,138,114,669461.0,Matthew Liberatore,,,Scheduled
825024,2026-04-13,Athletics,Texas Rangers,133,140,,,,,Scheduled
823964,2026-04-13,Los Angeles Dodgers,New York Mets,119,121,,,,,Scheduled
824853,2026-04-14,Baltimore Orioles,Arizona Diamondbacks,110,109,,,,,Scheduled
824292,2026-04-14,Detroit Tigers,Kansas City Royals,116,118,,,,,Scheduled
823398,2026-04-14,Pittsburgh Pirates,Washington Nationals,134,120,,,,,Scheduled
824531,2026-04-14,Cincinnati Reds,San Francisco Giants,113,137,,,,,Scheduled
823478,2026-04-14,Philadelphia Phillies,Chicago Cubs,143,112,,,,,Scheduled
823562,2026-04-14,New York Yankees,Los Angeles Angels,147,108,,,,,Scheduled
824935,2026-04-14,Atlanta Braves,Miami Marlins,144,146,,,,,Scheduled
823723,2026-04-14,Minnesota Twins,Boston Red Sox,142,111,,,,,Scheduled
824616,2026-04-14,Chicago White Sox,Tampa Bay Rays,145,139,,,,,Scheduled
823802,2026-04-14,Milwaukee Brewers,Toronto Blue Jays,158,141,,,,,Scheduled
823072,2026-04-14,St. Louis Cardinals,Cleveland Guardians,138,114,700241.0,Michael McGreevy,,,Scheduled
824210,2026-04-14,Houston Astros,Colorado Rockies,117,115,,,,,Scheduled
823315,2026-04-14,San Diego Padres,Seattle Mariners,135,136,,,,,Scheduled
825022,2026-04-14,Athletics,Texas Rangers,133,140,,,,,Scheduled
823965,2026-04-14,Los Angeles Dodgers,New York Mets,119,121,,,,,Scheduled
824855,2026-04-15,Baltimore Orioles,Arizona Diamondbacks,110,109,,,,,Scheduled
823071,2026-04-15,St. Louis Cardinals,Cleveland Guardians,138,114,669160.0,Dustin May,,,Scheduled
823722,2026-04-15,Minnesota Twins,Boston Red Sox,142,111,,,,,Scheduled
824291,2026-04-15,Detroit Tigers,Kansas City Royals,116,118,,,,,Scheduled
823399,2026-04-15,Pittsburgh Pirates,Washington Nationals,134,120,,,,,Scheduled
824532,2026-04-15,Cincinnati Reds,San Francisco Giants,113,137,,,,,Scheduled
823477,2026-04-15,Philadelphia Phillies,Chicago Cubs,143,112,,,,,Scheduled
823561,2026-04-15,New York Yankees,Los Angeles Angels,147,108,,,,,Scheduled
824936,2026-04-15,Atlanta Braves,Miami Marlins,144,146,,,,,Scheduled
824615,2026-04-15,Chicago White Sox,Tampa Bay Rays,145,139,,,,,Scheduled
823803,2026-04-15,Milwaukee Brewers,Toronto Blue Jays,158,141,,,,,Scheduled
824209,2026-04-15,Houston Astros,Colorado Rockies,117,115,,,,,Scheduled
823314,2026-04-15,San Diego Padres,Seattle Mariners,135,136,,,,,Scheduled
825021,2026-04-15,Athletics,Texas Rangers,133,140,,,,,Scheduled
823963,2026-04-15,Los Angeles Dodgers,New York Mets,119,121,,,,,Scheduled
823396,2026-04-16,Pittsburgh Pirates,Washington Nationals,134,120,,,,,Scheduled
824530,2026-04-16,Cincinnati Reds,San Francisco Giants,113,137,,,,,Scheduled
824289,2026-04-16,Detroit Tigers,Kansas City Royals,116,118,,,,,Scheduled
823560,2026-04-16,New York Yankees,Los Angeles Angels,147,108,,,,,Scheduled
823801,2026-04-16,Milwaukee Brewers,Toronto Blue Jays,158,141,,,,,Scheduled
824614,2026-04-16,Chicago White Sox,Tampa Bay Rays,145,139,,,,,Scheduled
825023,2026-04-16,Athletics,Texas Rangers,133,140,,,,,Scheduled
824453,2026-04-16,Cleveland Guardians,Baltimore Orioles,114,110,,,,,Scheduled
824208,2026-04-16,Houston Astros,Colorado Rockies,117,115,,,,,Scheduled
823313,2026-04-16,San Diego Padres,Seattle Mariners,135,136,,,,,Scheduled
824693,2026-04-17,Chicago Cubs,New York Mets,112,121,,,,,Scheduled
824454,2026-04-17,Cleveland Guardians,Baltimore Orioles,114,110,,,,,Scheduled
823476,2026-04-17,Philadelphia Phillies,Atlanta Braves,143,144,,,,,Scheduled
822752,2026-04-17,Washington Nationals,San Francisco Giants,120,137,,,,,Scheduled
823397,2026-04-17,Pittsburgh Pirates,Tampa Bay Rays,134,139,,,,,Scheduled
823559,2026-04-17,New York Yankees,Kansas City Royals,147,118,,,,,Scheduled
823883,2026-04-17,Miami Marlins,Milwaukee Brewers,146,158,,,,,Scheduled
824778,2026-04-17,Boston Red Sox,Detroit Tigers,111,116,,,,,Scheduled
824207,2026-04-17,Houston Astros,St. Louis Cardinals,117,138,,,681517.0,Kyle Leahy,Scheduled
823720,2026-04-17,Minnesota Twins,Cincinnati Reds,142,113,,,,,Scheduled
824373,2026-04-17,Colorado Rockies,Los Angeles Dodgers,115,119,,,,,Scheduled
824048,2026-04-17,Los Angeles Angels,San Diego Padres,108,135,,,,,Scheduled
823152,2026-04-17,Seattle Mariners,Texas Rangers,136,140,,,,,Scheduled
825101,2026-04-17,Arizona Diamondbacks,Toronto Blue Jays,109,141,,,,,Scheduled
825019,2026-04-17,Athletics,Chicago White Sox,133,145,,,,,Scheduled
823558,2026-04-18,New York Yankees,Kansas City Royals,147,118,,,,,Scheduled
823721,2026-04-18,Minnesota Twins,Cincinnati Reds,142,113,,,,,Scheduled
824694,2026-04-18,Chicago Cubs,New York Mets,112,121,,,,,Scheduled
822751,2026-04-18,Washington Nationals,San Francisco Giants,120,137,,,,,Scheduled
823394,2026-04-18,Pittsburgh Pirates,Tampa Bay Rays,134,139,,,,,Scheduled
825020,2026-04-18,Athletics,Chicago White Sox,133,145,,,,,Scheduled
824775,2026-04-18,Boston Red Sox,Detroit Tigers,111,116,,,,,Scheduled
823882,2026-04-18,Miami Marlins,Milwaukee Brewers,146,158,,,,,Scheduled
824451,2026-04-18,Cleveland Guardians,Baltimore Orioles,114,110,,,,,Scheduled
824206,2026-04-18,Houston Astros,St. Louis Cardinals,117,138,,,669467.0,Andre Pallante,Scheduled
823151,2026-04-18,Seattle Mariners,Texas Rangers,136,140,,,,,Scheduled
823474,2026-04-18,Philadelphia Phillies,Atlanta Braves,143,144,,,,,Scheduled
824372,2026-04-18,Colorado Rockies,Los Angeles Dodgers,115,119,,,,,Scheduled
825098,2026-04-18,Arizona Diamondbacks,Toronto Blue Jays,109,141,,,,,Scheduled
824049,2026-04-18,Los Angeles Angels,San Diego Padres,108,135,,,,,Scheduled
824777,2026-04-19,Boston Red Sox,Detroit Tigers,111,116,,,,,Scheduled
822750,2026-04-19,Washington Nationals,San Francisco Giants,120,137,,,,,Scheduled
823393,2026-04-19,Pittsburgh Pirates,Tampa Bay Rays,134,139,,,,,Scheduled
823556,2026-04-19,New York Yankees,Kansas City Royals,147,118,,,,,Scheduled
824452,2026-04-19,Cleveland Guardians,Baltimore Orioles,114,110,,,,,Scheduled
823881,2026-04-19,Miami Marlins,Milwaukee Brewers,146,158,,,,,Scheduled
824205,2026-04-19,Houston Astros,St. Louis Cardinals,117,138,,,,,Scheduled
823718,2026-04-19,Minnesota Twins,Cincinnati Reds,142,113,,,,,Scheduled
824691,2026-04-19,Chicago Cubs,New York Mets,112,121,,,,,Scheduled
824371,2026-04-19,Colorado Rockies,Los Angeles Dodgers,115,119,,,,,Scheduled
825018,2026-04-19,Athletics,Chicago White Sox,133,145,,,,,Scheduled
824047,2026-04-19,Los Angeles Angels,San Diego Padres,108,135,,,,,Scheduled
823150,2026-04-19,Seattle Mariners,Texas Rangers,136,140,,,,,Scheduled
825100,2026-04-19,Arizona Diamondbacks,Toronto Blue Jays,109,141,,,,,Scheduled
823475,2026-04-19,Philadelphia Phillies,Atlanta Braves,143,144,,,,,Scheduled
824776,2026-04-20,Boston Red Sox,Detroit Tigers,111,116,,,,,Scheduled
824450,2026-04-20,Cleveland Guardians,Houston Astros,114,117,,,,,Scheduled
822994,2026-04-20,Tampa Bay Rays,Cincinnati Reds,139,113,,,,,Scheduled
823879,2026-04-20,Miami Marlins,St. Louis Cardinals,146,138,,,,,Scheduled
822749,2026-04-20,Washington Nationals,Atlanta Braves,120,144,,,,,Scheduled
824125,2026-04-20,Kansas City Royals,Baltimore Orioles,118,110,,,,,Scheduled
824692,2026-04-20,Chicago Cubs,Philadelphia Phillies,112,143,,,,,Scheduled
824370,2026-04-20,Colorado Rockies,Los Angeles Dodgers,115,119,,,,,Scheduled
824046,2026-04-20,Los Angeles Angels,Toronto Blue Jays,108,141,,,,,Scheduled
823149,2026-04-20,Seattle Mariners,Athletics,136,133,,,,,Scheduled
824448,2026-04-21,Cleveland Guardians,Houston Astros,114,117,,,,,Scheduled
822995,2026-04-21,Tampa Bay Rays,Cincinnati Reds,139,113,,,,,Scheduled
823880,2026-04-21,Miami Marlins,St. Louis Cardinals,146,138,,,,,Scheduled
824290,2026-04-21,Detroit Tigers,Milwaukee Brewers,116,158,,,,,Scheduled
822747,2026-04-21,Washington Nationals,Atlanta Braves,120,144,,,,,Scheduled
824773,2026-04-21,Boston Red Sox,New York Yankees,111,147,,,,,Scheduled
823640,2026-04-21,New York Mets,Minnesota Twins,121,142,,,,,Scheduled
824127,2026-04-21,Kansas City Royals,Baltimore Orioles,118,110,,,,,Scheduled
824690,2026-04-21,Chicago Cubs,Philadelphia Phillies,112,143,,,,,Scheduled
822914,2026-04-21,Texas Rangers,Pittsburgh Pirates,140,134,,,,,Scheduled
824369,2026-04-21,Colorado Rockies,San Diego Padres,115,135,,,,,Scheduled
824045,2026-04-21,Los Angeles Angels,Toronto Blue Jays,108,141,,,,,Scheduled
823148,2026-04-21,Seattle Mariners,Athletics,136,133,,,,,Scheduled
825099,2026-04-21,Arizona Diamondbacks,Chicago White Sox,109,145,,,,,Scheduled
823236,2026-04-21,San Francisco Giants,Los Angeles Dodgers,137,119,,,,,Scheduled
823878,2026-04-22,Miami Marlins,St. Louis Cardinals,146,138,,,,,Scheduled
824449,2026-04-22,Cleveland Guardians,Houston Astros,114,117,,,,,Scheduled
822993,2026-04-22,Tampa Bay Rays,Cincinnati Reds,139,113,,,,,Scheduled
824123,2026-04-22,Kansas City Royals,Baltimore Orioles,118,110,,,,,Scheduled
824044,2026-04-22,Los Angeles Angels,Toronto Blue Jays,108,141,,,,,Scheduled
823147,2026-04-22,Seattle Mariners,Athletics,136,133,,,,,Scheduled
824286,2026-04-22,Detroit Tigers,Milwaukee Brewers,116,158,,,,,Scheduled
822748,2026-04-22,Washington Nationals,Atlanta Braves,120,144,,,,,Scheduled
824774,2026-04-22,Boston Red Sox,New York Yankees,111,147,,,,,Scheduled
823641,2026-04-22,New York Mets,Minnesota Twins,121,142,,,,,Scheduled
824688,2026-04-22,Chicago Cubs,Philadelphia Phillies,112,143,,,,,Scheduled
822913,2026-04-22,Texas Rangers,Pittsburgh Pirates,140,134,,,,,Scheduled
824367,2026-04-22,Colorado Rockies,San Diego Padres,115,135,,,,,Scheduled
825097,2026-04-22,Arizona Diamondbacks,Chicago White Sox,109,145,,,,,Scheduled
823231,2026-04-22,San Francisco Giants,Los Angeles Dodgers,137,119,,,,,Scheduled
822745,2026-04-23,Washington Nationals,Atlanta Braves,120,144,,,,,Scheduled
824288,2026-04-23,Detroit Tigers,Milwaukee Brewers,116,158,,,,,Scheduled
824689,2026-04-23,Chicago Cubs,Philadelphia Phillies,112,143,,,,,Scheduled
824368,2026-04-23,Colorado Rockies,San Diego Padres,115,135,,,,,Scheduled
825096,2026-04-23,Arizona Diamondbacks,Chicago White Sox,109,145,,,,,Scheduled
823233,2026-04-23,San Francisco Giants,Los Angeles Dodgers,137,119,,,,,Scheduled
824770,2026-04-23,Boston Red Sox,New York Yankees,111,147,,,,,Scheduled
823639,2026-04-23,New York Mets,Minnesota Twins,121,142,,,,,Scheduled
822912,2026-04-23,Texas Rangers,Pittsburgh Pirates,140,134,,,,,Scheduled
824529,2026-04-24,Cincinnati Reds,Detroit Tigers,113,116,,,,,Scheduled
824854,2026-04-24,Baltimore Orioles,Boston Red Sox,110,111,,,,,Scheduled
822827,2026-04-24,Toronto Blue Jays,Cleveland Guardians,141,114,,,,,Scheduled
823638,2026-04-24,New York Mets,Colorado Rockies,121,115,,,,,Scheduled
822992,2026-04-24,Tampa Bay Rays,Minnesota Twins,139,142,,,,,Scheduled
824932,2026-04-24,Atlanta Braves,Philadelphia Phillies,144,143,,,,,Scheduled
824124,2026-04-24,Kansas City Royals,Los Angeles Angels,118,108,,,,,Scheduled
824611,2026-04-24,Chicago White Sox,Washington Nationals,145,120,,,,,Scheduled
823800,2026-04-24,Milwaukee Brewers,Pittsburgh Pirates,158,134,,,,,Scheduled
822909,2026-04-24,Texas Rangers,Athletics,140,133,,,,,Scheduled
824204,2026-04-24,Houston Astros,New York Yankees,117,147,,,,,Scheduled
823069,2026-04-24,St. Louis Cardinals,Seattle Mariners,138,136,,,,,Scheduled
823962,2026-04-24,Los Angeles Dodgers,Chicago Cubs,119,112,,,,,Scheduled
823232,2026-04-24,San Francisco Giants,Miami Marlins,137,146,,,,,Scheduled
