game_id,date,home_team,away_team,home_team_id,away_team_id,home_pitcher_id,away_pitcher_id,home_score,away_score,home_win
778389,2025-04-09,Pittsburgh Pirates,St. Louis Cardinals,134,138,656605.0,607200.0,2,1,1
778390,2025-04-09,New York Mets,Miami Marlins,121,146,656731.0,676974.0,0,5,0
778387,2025-04-09,Detroit Tigers,New York Yankees,116,147,656427.0,608331.0,3,4,0
778385,2025-04-09,Chicago Cubs,Texas Rangers,112,140,684007.0,641816.0,2,6,0
778381,2025-04-09,Athletics,San Diego Padres,133,135,674370.0,681190.0,1,2,0
778380,2025-04-09,Arizona Diamondbacks,Baltimore Orioles,109,110,694297.0,665152.0,9,0,1
778376,2025-04-09,San Francisco Giants,Cincinnati Reds,137,113,434378.0,607259.0,8,6,1
778392,2025-04-09,Washington Nationals,Los Angeles Dodgers,120,119,663623.0,689017.0,5,6,0
778383,2025-04-09,Seattle Mariners,Houston Astros,136,117,622379.0,686613.0,7,6,1
778391,2025-04-09,Cleveland Guardians,Chicago White Sox,114,145,671106.0,680732.0,3,2,1
778386,2025-04-09,Boston Red Sox,Toronto Blue Jays,111,141,656557.0,592332.0,1,2,0
778399,2025-04-09,Tampa Bay Rays,Los Angeles Angels,139,108,686752.0,579328.0,5,4,1
778393,2025-04-09,Atlanta Braves,Philadelphia Phillies,144,143,656550.0,592836.0,3,4,0
778388,2025-04-09,Kansas City Royals,Minnesota Twins,118,142,607625.0,657746.0,0,4,0
778379,2025-04-09,Colorado Rockies,Milwaukee Brewers,115,158,622608.0,641302.0,2,17,0
778382,2025-04-10,Tampa Bay Rays,Los Angeles Angels,139,108,641793.0,667755.0,1,11,0
778378,2025-04-10,Cleveland Guardians,Chicago White Sox,114,145,668909.0,686563.0,6,1,1
778373,2025-04-10,Kansas City Royals,Minnesota Twins,118,142,608379.0,641927.0,3,2,1
778371,2025-04-10,Colorado Rockies,Milwaukee Brewers,115,158,663372.0,682990.0,7,2,1
778377,2025-04-10,Boston Red Sox,Toronto Blue Jays,111,141,621111.0,605135.0,4,3,1
778384,2025-04-10,Atlanta Braves,Philadelphia Phillies,144,143,680885.0,666200.0,4,2,1
778375,2025-04-11,Cleveland Guardians,Kansas City Royals,114,118,676440.0,663460.0,7,0,1
778374,2025-04-11,Cincinnati Reds,Pittsburgh Pirates,113,134,663903.0,663559.0,5,3,1
778367,2025-04-11,Tampa Bay Rays,Atlanta Braves,139,144,671737.0,693821.0,6,3,1
778370,2025-04-11,New York Yankees,San Francisco Giants,147,137,573186.0,592662.0,1,9,0
778369,2025-04-11,Miami Marlins,Washington Nationals,146,120,665795.0,680730.0,4,7,0
778366,2025-04-11,Chicago White Sox,Boston Red Sox,145,111,663436.0,656794.0,11,1,1
778368,2025-04-11,Houston Astros,Los Angeles Angels,117,108,669854.0,686799.0,14,3,1
778363,2025-04-11,Minnesota Twins,Detroit Tigers,142,116,701581.0,681857.0,6,7,0
778365,2025-04-11,St. Louis Cardinals,Philadelphia Phillies,138,143,669467.0,605400.0,2,0,1
778361,2025-04-11,San Diego Padres,Colorado Rockies,135,115,601713.0,608566.0,8,0,1
778360,2025-04-11,Seattle Mariners,Texas Rangers,136,140,682243.0,594798.0,5,3,1
778364,2025-04-11,Arizona Diamondbacks,Milwaukee Brewers,109,158,593958.0,500779.0,0,7,0
778358,2025-04-11,Athletics,New York Mets,133,121,676664.0,656288.0,6,7,0
778356,2025-04-11,Los Angeles Dodgers,Chicago Cubs,119,112,808967.0,571510.0,3,0,1
778348,2025-04-12,Minnesota Twins,Detroit Tigers,142,116,663978.0,695549.0,0,4,0
778347,2025-04-12,St. Louis Cardinals,Philadelphia Phillies,138,143,571945.0,650911.0,1,4,0
778355,2025-04-12,New York Yankees,San Francisco Giants,147,137,701542.0,663855.0,8,4,1
778346,2025-04-12,Athletics,New York Mets,133,121,669372.0,656849.0,3,1,1
778362,2025-04-12,Baltimore Orioles,Toronto Blue Jays,110,141,608372.0,670102.0,5,4,1
778353,2025-04-12,Tampa Bay Rays,Atlanta Braves,139,144,656876.0,700363.0,4,5,0
778349,2025-04-12,Chicago White Sox,Boston Red Sox,145,111,527048.0,690916.0,3,2,1
778354,2025-04-12,Miami Marlins,Washington Nationals,146,120,645261.0,592866.0,7,6,1
778359,2025-04-12,Cleveland Guardians,Kansas City Royals,114,118,682847.0,547179.0,6,3,1
778357,2025-04-12,Cincinnati Reds,Pittsburgh Pirates,113,134,671096.0,571760.0,5,2,1
778351,2025-04-12,Houston Astros,Los Angeles Angels,117,108,687473.0,542881.0,1,4,0
778350,2025-04-12,Arizona Diamondbacks,Milwaukee Brewers,109,158,669203.0,694477.0,5,4,1
778352,2025-04-12,San Diego Padres,Colorado Rockies,135,115,606996.0,801403.0,2,0,1
778345,2025-04-12,Los Angeles Dodgers,Chicago Cubs,119,112,808963.0,676962.0,0,16,0
778341,2025-04-12,Seattle Mariners,Texas Rangers,136,140,693433.0,677958.0,9,2,1
778344,2025-04-13,Baltimore Orioles,Toronto Blue Jays,110,141,700249.0,621244.0,6,7,0
778339,2025-04-13,New York Yankees,San Francisco Giants,147,137,607074.0,657277.0,4,5,0
778342,2025-04-13,Cleveland Guardians,Kansas City Royals,114,118,594902.0,666142.0,2,4,0
778343,2025-04-13,Cincinnati Reds,Pittsburgh Pirates,113,134,668881.0,669387.0,4,0,1
778340,2025-04-13,Tampa Bay Rays,Atlanta Braves,139,144,671212.0,519242.0,8,3,1
778337,2025-04-13,Miami Marlins,Washington Nationals,146,120,615698.0,669022.0,11,4,1
778329,2025-04-13,Houston Astros,Los Angeles Angels,117,108,669713.0,543294.0,7,3,1
778335,2025-04-13,Minnesota Twins,Detroit Tigers,142,116,680573.0,663554.0,5,1,1
778338,2025-04-13,Chicago White Sox,Boston Red Sox,145,111,681343.0,676979.0,1,3,0
778336,2025-04-13,St. Louis Cardinals,Philadelphia Phillies,138,143,669461.0,554430.0,7,0,1
778333,2025-04-13,Athletics,New York Mets,133,121,622663.0,673540.0,0,8,0
778330,2025-04-13,San Diego Padres,Colorado Rockies,135,115,650633.0,607536.0,6,0,1
778334,2025-04-13,Seattle Mariners,Texas Rangers,136,140,669302.0,543135.0,3,1,1
778332,2025-04-13,Arizona Diamondbacks,Milwaukee Brewers,109,158,668678.0,642547.0,5,2,1
778331,2025-04-13,Los Angeles Dodgers,Chicago Cubs,119,112,607192.0,607067.0,2,4,0
778321,2025-04-14,Pittsburgh Pirates,Washington Nationals,134,120,694973.0,695418.0,10,3,1
778320,2025-04-14,Philadelphia Phillies,San Francisco Giants,143,137,592836.0,694738.0,4,10,0
778328,2025-04-14,Tampa Bay Rays,Boston Red Sox,139,111,669358.0,656557.0,16,1,1
778327,2025-04-14,New York Yankees,Kansas City Royals,147,118,471911.0,607625.0,4,1,1
778322,2025-04-14,Toronto Blue Jays,Atlanta Braves,141,144,687922.0,656550.0,4,8,0
778324,2025-04-14,Minnesota Twins,New York Mets,142,121,657746.0,605280.0,1,5,0
778323,2025-04-14,Milwaukee Brewers,Detroit Tigers,158,116,641302.0,669373.0,1,9,0
778325,2025-04-14,St. Louis Cardinals,Houston Astros,138,117,543243.0,664285.0,8,3,1
778315,2025-04-14,San Diego Padres,Chicago Cubs,135,112,656302.0,592791.0,10,4,1
778326,2025-04-14,Los Angeles Dodgers,Colorado Rockies,119,115,669160.0,622608.0,5,3,1
778314,2025-04-15,Pittsburgh Pirates,Washington Nationals,134,120,656605.0,663623.0,0,3,0
778316,2025-04-15,Cincinnati Reds,Seattle Mariners,113,136,666157.0,622491.0,8,4,1
778318,2025-04-15,Miami Marlins,Arizona Diamondbacks,146,109,687362.0,518876.0,4,10,0
778313,2025-04-15,Philadelphia Phillies,San Francisco Giants,143,137,666200.0,434378.0,6,4,1
778317,2025-04-15,Baltimore Orioles,Cleveland Guardians,110,114,450203.0,671106.0,3,6,0
778319,2025-04-15,Tampa Bay Rays,Boston Red Sox,139,111,686752.0,621111.0,4,7,0
778312,2025-04-15,New York Yankees,Kansas City Royals,147,118,608331.0,608379.0,4,2,1
778311,2025-04-15,Toronto Blue Jays,Atlanta Braves,141,144,592332.0,680885.0,6,3,1
778307,2025-04-15,Minnesota Twins,New York Mets,142,121,641927.0,656731.0,6,3,1
778309,2025-04-15,Chicago White Sox,Athletics,145,133,680732.0,605488.0,3,12,0
778310,2025-04-15,Milwaukee Brewers,Detroit Tigers,158,116,682990.0,656427.0,5,0,1
778308,2025-04-15,St. Louis Cardinals,Houston Astros,138,117,607200.0,686613.0,0,2,0
778306,2025-04-15,Texas Rangers,Los Angeles Angels,140,108,641816.0,579328.0,4,0,1
778305,2025-04-15,San Diego Padres,Chicago Cubs,135,112,681190.0,684007.0,1,2,0
778302,2025-04-15,Los Angeles Dodgers,Colorado Rockies,119,115,689017.0,663372.0,6,2,1
778297,2025-04-16,Toronto Blue Jays,Atlanta Braves,141,144,605135.0,675911.0,3,1,1
778299,2025-04-16,Minnesota Twins,New York Mets,142,121,701581.0,623211.0,4,3,1
778295,2025-04-16,Milwaukee Brewers,Detroit Tigers,158,116,500779.0,672456.0,5,1,1
778290,2025-04-16,St. Louis Cardinals,Houston Astros,138,117,571927.0,669854.0,4,1,1
778288,2025-04-16,San Diego Padres,Chicago Cubs,135,112,601713.0,571510.0,4,2,1
778301,2025-04-16,Baltimore Orioles,Cleveland Guardians,110,114,665152.0,668909.0,9,1,1
778293,2025-04-16,Pittsburgh Pirates,Washington Nationals,134,120,663559.0,680730.0,6,1,1
778304,2025-04-16,Cincinnati Reds,Seattle Mariners,113,136,607259.0,682243.0,3,5,0
778303,2025-04-16,Miami Marlins,Arizona Diamondbacks,146,109,676974.0,694297.0,2,6,0
778296,2025-04-16,Philadelphia Phillies,San Francisco Giants,143,137,605400.0,592662.0,4,11,0
778298,2025-04-16,Tampa Bay Rays,Boston Red Sox,139,111,641793.0,656794.0,0,1,0
778300,2025-04-16,New York Yankees,Kansas City Royals,147,118,657376.0,663460.0,4,3,1
778294,2025-04-16,Chicago White Sox,Athletics,145,133,686563.0,674370.0,1,3,0
778289,2025-04-16,Texas Rangers,Los Angeles Angels,140,108,571578.0,667755.0,3,1,1
778287,2025-04-16,Los Angeles Dodgers,Colorado Rockies,119,115,676272.0,608566.0,8,7,1
778291,2025-04-17,Miami Marlins,Arizona Diamondbacks,146,109,665795.0,593958.0,4,6,0
778280,2025-04-17,Pittsburgh Pirates,Washington Nationals,134,120,571760.0,592866.0,1,0,1
778285,2025-04-17,Cincinnati Reds,Seattle Mariners,113,136,663903.0,676106.0,7,11,0
778283,2025-04-17,Chicago White Sox,Athletics,145,133,663436.0,676664.0,0,8,0
778279,2025-04-17,Philadelphia Phillies,San Francisco Giants,143,137,650911.0,663855.0,6,4,1
778292,2025-04-17,Baltimore Orioles,Cleveland Guardians,110,114,608372.0,676440.0,6,2,1
778286,2025-04-17,Detroit Tigers,Kansas City Royals,116,118,681857.0,547179.0,6,1,1
778282,2025-04-17,Tampa Bay Rays,New York Yankees,139,147,671737.0,701542.0,3,6,0
778278,2025-04-17,New York Mets,St. Louis Cardinals,121,138,656288.0,669467.0,4,1,1
778281,2025-04-17,Texas Rangers,Los Angeles Angels,140,108,677958.0,686799.0,5,3,1
778268,2025-04-18,Chicago Cubs,Arizona Diamondbacks,112,109,607067.0,669203.0,13,11,1
778277,2025-04-18,Detroit Tigers,Kansas City Royals,116,118,695549.0,666142.0,7,3,1
778271,2025-04-18,Pittsburgh Pirates,Cleveland Guardians,134,114,669387.0,682847.0,7,10,0
778274,2025-04-18,Philadelphia Phillies,Miami Marlins,143,146,554430.0,645261.0,7,2,1
778276,2025-04-18,Baltimore Orioles,Cincinnati Reds,110,113,700249.0,671096.0,3,8,0
778272,2025-04-18,Tampa Bay Rays,New York Yankees,139,147,656876.0,607074.0,0,1,0
778273,2025-04-18,Toronto Blue Jays,Seattle Mariners,141,136,670102.0,693433.0,3,1,1
778270,2025-04-18,New York Mets,St. Louis Cardinals,121,138,656849.0,571945.0,5,4,1
778275,2025-04-18,Boston Red Sox,Chicago White Sox,111,145,690928.0,527048.0,10,3,1
778284,2025-04-18,Atlanta Braves,Minnesota Twins,144,142,693821.0,663978.0,6,4,1
778263,2025-04-18,Texas Rangers,Los Angeles Dodgers,140,119,594798.0,808967.0,0,3,0
778269,2025-04-18,Houston Astros,San Diego Padres,117,135,687473.0,606996.0,6,4,1
778261,2025-04-18,Milwaukee Brewers,Athletics,158,133,642547.0,669372.0,5,3,1
778260,2025-04-18,Los Angeles Angels,San Francisco Giants,108,137,542881.0,657277.0,2,0,1
778252,2025-04-19,Philadelphia Phillies,Miami Marlins,143,146,592836.0,615698.0,11,10,1
778265,2025-04-19,Detroit Tigers,Kansas City Royals,116,118,663554.0,607625.0,3,1,1
778257,2025-04-19,Chicago Cubs,Arizona Diamondbacks,112,109,676962.0,668678.0,6,2,1
778258,2025-04-19,Toronto Blue Jays,Seattle Mariners,141,136,621244.0,669302.0,4,8,0
778262,2025-04-19,Baltimore Orioles,Cincinnati Reds,110,113,687064.0,668881.0,9,5,1
778254,2025-04-19,Pittsburgh Pirates,Cleveland Guardians,134,114,694973.0,594902.0,0,3,0
778256,2025-04-19,New York Mets,St. Louis Cardinals,121,138,673540.0,669461.0,3,0,1
778251,2025-04-19,Texas Rangers,Los Angeles Dodgers,140,119,543135.0,808963.0,4,3,1
778247,2025-04-19,Colorado Rockies,Washington Nationals,115,120,801403.0,669022.0,11,12,0
778264,2025-04-19,Boston Red Sox,Chicago White Sox,111,145,676979.0,681343.0,4,3,1
778255,2025-04-19,Tampa Bay Rays,New York Yankees,139,147,669358.0,471911.0,10,8,1
778259,2025-04-19,Houston Astros,San Diego Padres,117,135,669713.0,650633.0,3,2,1
778253,2025-04-19,Milwaukee Brewers,Athletics,158,133,694477.0,622663.0,1,3,0
778267,2025-04-19,Atlanta Braves,Minnesota Twins,144,142,519242.0,623437.0,4,3,1
778243,2025-04-19,Los Angeles Angels,San Francisco Giants,108,137,543294.0,694738.0,2,3,0
778250,2025-04-20,Baltimore Orioles,Cincinnati Reds,110,113,450203.0,608718.0,2,24,0
778242,2025-04-20,Pittsburgh Pirates,Cleveland Guardians,134,114,656605.0,671106.0,4,5,0
778249,2025-04-20,Atlanta Braves,Minnesota Twins,144,142,656550.0,657746.0,6,2,1
778245,2025-04-20,Boston Red Sox,Chicago White Sox,111,145,656557.0,680732.0,4,8,0
778248,2025-04-20,Philadelphia Phillies,Miami Marlins,143,146,666200.0,687362.0,5,7,0
778241,2025-04-20,Toronto Blue Jays,Seattle Mariners,141,136,687922.0,622491.0,3,8,0
778246,2025-04-20,Detroit Tigers,Kansas City Royals,116,118,669373.0,608379.0,3,4,0
778244,2025-04-20,New York Mets,St. Louis Cardinals,121,138,605280.0,543243.0,7,4,1
778240,2025-04-20,Tampa Bay Rays,New York Yankees,139,147,686752.0,608331.0,0,4,0
778239,2025-04-20,Milwaukee Brewers,Athletics,158,133,701656.0,605488.0,14,1,1
778236,2025-04-20,Chicago Cubs,Arizona Diamondbacks,112,109,592791.0,518876.0,2,3,0
778234,2025-04-20,Texas Rangers,Los Angeles Dodgers,140,119,641816.0,607192.0,0,1,0
778235,2025-04-20,Colorado Rockies,Washington Nationals,115,120,607536.0,663623.0,2,3,0
778232,2025-04-20,Los Angeles Angels,San Francisco Giants,108,137,579328.0,434378.0,5,4,1
778237,2025-04-20,Houston Astros,San Diego Padres,117,135,664285.0,656302.0,2,3,0
778238,2025-04-21,Boston Red Sox,Chicago White Sox,111,145,621111.0,686563.0,4,2,1
778227,2025-04-21,Cleveland Guardians,New York Yankees,114,147,668909.0,657376.0,6,4,1
778228,2025-04-21,Detroit Tigers,San Diego Padres,116,135,672456.0,681190.0,6,4,1
778230,2025-04-21,Miami Marlins,Cincinnati Reds,146,113,676974.0,666157.0,6,3,1
778225,2025-04-21,New York Mets,Philadelphia Phillies,121,143,656731.0,605400.0,5,4,1
778233,2025-04-21,Atlanta Braves,St. Louis Cardinals,144,138,680885.0,607200.0,7,6,1
778231,2025-04-21,Houston Astros,Toronto Blue Jays,117,141,686613.0,592332.0,7,0,1
778226,2025-04-21,San Francisco Giants,Milwaukee Brewers,137,158,592662.0,682990.0,5,2,1
778218,2025-04-22,Cleveland Guardians,New York Yankees,114,147,676440.0,701542.0,3,2,1
778221,2025-04-22,Detroit Tigers,San Diego Padres,116,135,656427.0,601713.0,0,2,0
778219,2025-04-22,Miami Marlins,Cincinnati Reds,146,113,665795.0,607259.0,4,3,1
778222,2025-04-22,Washington Nationals,Baltimore Orioles,120,110,680730.0,665152.0,7,0,1
778224,2025-04-22,Boston Red Sox,Seattle Mariners,111,136,678394.0,682243.0,8,3,1
778223,2025-04-22,New York Mets,Philadelphia Phillies,121,143,656288.0,650911.0,5,1,1
778229,2025-04-22,Atlanta Braves,St. Louis Cardinals,144,138,656240.0,669467.0,4,10,0
778215,2025-04-22,Kansas City Royals,Colorado Rockies,118,115,663460.0,663372.0,4,3,1
778220,2025-04-22,Chicago Cubs,Los Angeles Dodgers,112,119,684007.0,669160.0,11,10,1
778216,2025-04-22,Minnesota Twins,Chicago White Sox,142,145,641927.0,663436.0,4,2,1
778217,2025-04-22,Houston Astros,Toronto Blue Jays,117,141,669854.0,605135.0,5,1,1
778211,2025-04-22,Los Angeles Angels,Pittsburgh Pirates,108,134,667755.0,663559.0,3,9,0
778212,2025-04-22,Arizona Diamondbacks,Tampa Bay Rays,109,139,694297.0,641793.0,5,1,1
778210,2025-04-22,San Francisco Giants,Milwaukee Brewers,137,158,663855.0,500779.0,3,11,0
778213,2025-04-22,Athletics,Texas Rangers,133,140,674370.0,571578.0,5,8,0
778214,2025-04-23,Atlanta Braves,St. Louis Cardinals,144,138,693821.0,571945.0,4,1,1
778209,2025-04-23,Detroit Tigers,San Diego Padres,116,135,681857.0,606996.0,6,0,1
778203,2025-04-23,New York Mets,Philadelphia Phillies,121,143,656849.0,554430.0,4,3,1
778208,2025-04-23,Miami Marlins,Cincinnati Reds,146,113,645261.0,663903.0,2,5,0
778206,2025-04-23,Cleveland Guardians,New York Yankees,114,147,682847.0,607074.0,1,5,0
778204,2025-04-23,Washington Nationals,Baltimore Orioles,120,110,592866.0,608372.0,4,3,1
778207,2025-04-23,Boston Red Sox,Seattle Mariners,111,136,656794.0,676106.0,5,8,0
778205,2025-04-23,Chicago Cubs,Los Angeles Dodgers,112,119,571510.0,676508.0,7,6,1
778200,2025-04-23,Houston Astros,Toronto Blue Jays,117,141,687473.0,670102.0,3,1,1
778201,2025-04-23,Minnesota Twins,Chicago White Sox,142,145,701581.0,669060.0,6,3,1
778202,2025-04-23,Los Angeles Angels,Pittsburgh Pirates,108,134,686799.0,571760.0,0,3,0
778199,2025-04-23,Arizona Diamondbacks,Tampa Bay Rays,109,139,593958.0,671737.0,6,7,0
778198,2025-04-23,San Francisco Giants,Milwaukee Brewers,137,158,657277.0,642547.0,4,2,1
778197,2025-04-23,Athletics,Texas Rangers,133,140,676664.0,677958.0,5,2,1
778189,2025-04-24,Minnesota Twins,Chicago White Sox,142,145,663978.0,681343.0,0,3,0
778196,2025-04-24,Boston Red Sox,Seattle Mariners,111,136,676979.0,693433.0,3,4,0
778190,2025-04-24,Kansas City Royals,Colorado Rockies,118,115,666142.0,608566.0,7,4,1
778194,2025-04-24,San Francisco Giants,Milwaukee Brewers,137,158,694738.0,668964.0,6,5,1
778193,2025-04-24,Washington Nationals,Baltimore Orioles,120,110,669022.0,700249.0,1,2,0
778191,2025-04-24,Los Angeles Angels,Pittsburgh Pirates,108,134,542881.0,669387.0,4,3,1
778188,2025-04-24,Arizona Diamondbacks,Tampa Bay Rays,109,139,669203.0,656876.0,4,7,0
778192,2025-04-24,Athletics,Texas Rangers,133,140,669372.0,594798.0,4,3,1
778182,2025-04-25,Chicago Cubs,Philadelphia Phillies,112,143,607067.0,592836.0,4,0,1
778183,2025-04-25,Washington Nationals,New York Mets,120,121,663623.0,673540.0,5,4,1
778185,2025-04-25,New York Yankees,Toronto Blue Jays,147,141,471911.0,621244.0,2,4,0
778187,2025-04-25,Kansas City Royals,Houston Astros,118,117,607625.0,669713.0,2,0,1
778186,2025-04-25,Minnesota Twins,Los Angeles Angels,142,108,641154.0,543294.0,11,4,1
778184,2025-04-25,St. Louis Cardinals,Milwaukee Brewers,138,158,669461.0,694477.0,3,2,1
778181,2025-04-25,Colorado Rockies,Cincinnati Reds,115,113,607536.0,671096.0,7,8,0
778172,2025-04-25,San Diego Padres,Tampa Bay Rays,135,139,650633.0,669358.0,0,1,0
778177,2025-04-25,Arizona Diamondbacks,Atlanta Braves,109,144,668678.0,519242.0,2,8,0
778175,2025-04-25,Seattle Mariners,Miami Marlins,136,146,669302.0,615698.0,4,8,0
778178,2025-04-25,Athletics,Chicago White Sox,133,145,622663.0,656457.0,6,5,1
778176,2025-04-25,Los Angeles Dodgers,Pittsburgh Pirates,119,134,808967.0,694973.0,0,3,0
778171,2025-04-25,San Francisco Giants,Texas Rangers,137,140,434378.0,543135.0,0,2,0
778169,2025-04-26,Cleveland Guardians,Boston Red Sox,114,111,680951.0,621111.0,3,7,0
778168,2025-04-26,Detroit Tigers,Baltimore Orioles,116,110,663554.0,687064.0,4,3,1
778166,2025-04-26,Minnesota Twins,Los Angeles Angels,142,108,680573.0,579328.0,5,1,1
778164,2025-04-26,St. Louis Cardinals,Milwaukee Brewers,138,158,543243.0,682990.0,6,5,1
778161,2025-04-26,Colorado Rockies,Cincinnati Reds,115,113,622608.0,668881.0,4,6,0
778173,2025-04-26,Washington Nationals,New York Mets,120,121,695418.0,605280.0,0,2,0
778159,2025-04-26,San Francisco Giants,Texas Rangers,137,140,592662.0,641816.0,3,2,1
778174,2025-04-26,Chicago Cubs,Philadelphia Phillies,112,143,676962.0,666200.0,4,10,0
778165,2025-04-26,Athletics,Chicago White Sox,133,145,605488.0,656457.0,3,10,0
778167,2025-04-26,Kansas City Royals,Houston Astros,118,117,608379.0,664285.0,2,0,1
778162,2025-04-26,Arizona Diamondbacks,Atlanta Braves,109,144,518876.0,656550.0,7,8,0
778160,2025-04-26,San Diego Padres,Tampa Bay Rays,135,139,656302.0,686752.0,1,4,0
778163,2025-04-26,Los Angeles Dodgers,Pittsburgh Pirates,119,134,808963.0,656605.0,8,4,1
778154,2025-04-26,Seattle Mariners,Miami Marlins,136,146,622491.0,687362.0,14,0,1
778153,2025-04-27,Washington Nationals,New York Mets,120,121,680730.0,656731.0,8,7,1
778156,2025-04-27,New York Yankees,Toronto Blue Jays,147,141,608331.0,592332.0,11,2,1
778157,2025-04-27,Cleveland Guardians,Boston Red Sox,114,111,671106.0,678394.0,3,13,0
778155,2025-04-27,Detroit Tigers,Baltimore Orioles,116,110,669373.0,665152.0,7,0,1
778144,2025-04-27,Minnesota Twins,Los Angeles Angels,142,108,657746.0,667755.0,5,0,1
778152,2025-04-27,Kansas City Royals,Houston Astros,118,117,663460.0,686613.0,3,7,0
778150,2025-04-27,St. Louis Cardinals,Milwaukee Brewers,138,158,607200.0,500779.0,1,7,0
778148,2025-04-27,Colorado Rockies,Cincinnati Reds,115,113,687134.0,666157.0,1,8,0
778151,2025-04-27,San Francisco Giants,Texas Rangers,137,140,663855.0,683004.0,3,2,1
778149,2025-04-27,Athletics,Chicago White Sox,133,145,674370.0,685126.0,3,2,1
778145,2025-04-27,Los Angeles Dodgers,Pittsburgh Pirates,119,134,607192.0,663559.0,9,2,1
778146,2025-04-27,San Diego Padres,Tampa Bay Rays,135,139,681190.0,641793.0,2,4,0
778147,2025-04-27,Arizona Diamondbacks,Atlanta Braves,109,144,694297.0,680885.0,6,4,1
778136,2025-04-27,Seattle Mariners,Miami Marlins,136,146,688138.0,676974.0,7,6,1
778158,2025-04-27,Chicago Cubs,Philadelphia Phillies,112,143,592791.0,605400.0,1,3,0
778138,2025-04-28,Washington Nationals,New York Mets,120,121,592866.0,656288.0,5,19,0
778139,2025-04-28,Cleveland Guardians,Minnesota Twins,114,142,668909.0,641927.0,1,11,0
778140,2025-04-28,Baltimore Orioles,New York Yankees,110,147,608372.0,701542.0,4,3,1
778141,2025-04-28,Cincinnati Reds,St. Louis Cardinals,113,138,607259.0,669467.0,3,1,1
778143,2025-04-28,Texas Rangers,Athletics,140,133,571578.0,676664.0,1,2,0
778142,2025-04-28,Houston Astros,Detroit Tigers,117,116,669854.0,656427.0,8,5,1
778137,2025-04-28,Colorado Rockies,Atlanta Braves,115,144,663372.0,693821.0,3,6,0
778132,2025-04-28,Los Angeles Dodgers,Miami Marlins,119,146,669160.0,665795.0,7,6,1
778129,2025-04-29,Cleveland Guardians,Minnesota Twins,114,142,676440.0,663978.0,2,1,1
778133,2025-04-29,Baltimore Orioles,New York Yankees,110,147,502043.0,607074.0,3,15,0
778135,2025-04-29,Pittsburgh Pirates,Chicago Cubs,134,112,571760.0,684007.0,0,9,0
778131,2025-04-29,Philadelphia Phillies,Washington Nationals,143,120,554430.0,669022.0,7,6,1
778128,2025-04-29,Tampa Bay Rays,Kansas City Royals,139,118,671737.0,547179.0,1,3,0
778127,2025-04-29,Toronto Blue Jays,Boston Red Sox,141,111,670102.0,676979.0,2,10,0
778130,2025-04-29,New York Mets,Arizona Diamondbacks,121,109,656849.0,593958.0,8,3,1
778125,2025-04-29,Chicago White Sox,Milwaukee Brewers,145,158,669060.0,642547.0,2,7,0
778122,2025-04-29,Texas Rangers,Athletics,140,133,594798.0,682052.0,15,2,1
778124,2025-04-29,Houston Astros,Detroit Tigers,117,116,687473.0,681857.0,6,4,1
778120,2025-04-29,Colorado Rockies,Atlanta Braves,115,144,608566.0,700363.0,2,8,0
778121,2025-04-29,Seattle Mariners,Los Angeles Angels,136,108,682243.0,686799.0,5,3,1
778126,2025-04-29,San Diego Padres,San Francisco Giants,135,137,601713.0,657277.0,7,4,1
778123,2025-04-29,Los Angeles Dodgers,Miami Marlins,119,146,,645261.0,15,2,1
778119,2025-04-30,Cincinnati Reds,St. Louis Cardinals,113,138,695534.0,571927.0,1,9,0
778110,2025-04-30,Houston Astros,Detroit Tigers,117,116,805123.0,695549.0,4,7,0
778102,2025-04-30,Colorado Rockies,Atlanta Braves,115,144,801403.0,519242.0,2,1,1
778109,2025-04-30,Los Angeles Dodgers,Miami Marlins,119,146,664062.0,615698.0,12,7,1
778104,2025-04-30,Seattle Mariners,Los Angeles Angels,136,108,676106.0,542881.0,9,3,1
778105,2025-04-30,San Diego Padres,San Francisco Giants,135,137,650633.0,694738.0,5,3,1
778116,2025-04-30,Cleveland Guardians,Minnesota Twins,114,142,682847.0,641154.0,4,2,1
778115,2025-04-30,Baltimore Orioles,New York Yankees,110,147,700249.0,471911.0,5,4,1
778112,2025-04-30,Pittsburgh Pirates,Chicago Cubs,134,112,669387.0,571510.0,4,3,1
778118,2025-04-30,Philadelphia Phillies,Washington Nationals,143,120,650911.0,663623.0,7,2,1
778113,2025-04-30,Tampa Bay Rays,Kansas City Royals,139,118,656876.0,702070.0,0,3,0
778114,2025-04-30,Toronto Blue Jays,Boston Red Sox,141,111,684320.0,608337.0,7,6,1
778117,2025-04-30,New York Mets,Arizona Diamondbacks,121,109,623211.0,669203.0,3,4,0
778111,2025-04-30,Chicago White Sox,Milwaukee Brewers,145,158,681343.0,668964.0,4,6,0
778106,2025-04-30,Texas Rangers,Athletics,140,133,543135.0,622663.0,1,7,0
778100,2025-05-01,Pittsburgh Pirates,Chicago Cubs,134,112,694973.0,607067.0,3,8,0
778107,2025-05-01,Cincinnati Reds,St. Louis Cardinals,113,138,671096.0,669461.0,9,1,1
778103,2025-05-01,New York Mets,Arizona Diamondbacks,121,109,673540.0,668678.0,2,4,0
778097,2025-05-01,Tampa Bay Rays,Kansas City Royals,139,118,669358.0,607625.0,2,8,0
778108,2025-05-01,Cleveland Guardians,Minnesota Twins,114,142,594902.0,680573.0,4,3,1
778094,2025-05-01,Chicago White Sox,Milwaukee Brewers,145,158,680732.0,694477.0,8,0,1
778096,2025-05-01,Texas Rangers,Athletics,140,133,641816.0,605488.0,0,3,0
778099,2025-05-01,Philadelphia Phillies,Washington Nationals,143,120,592836.0,695418.0,2,4,0
778095,2025-05-01,Toronto Blue Jays,Boston Red Sox,141,111,621244.0,656557.0,4,2,1
778101,2025-05-01,Los Angeles Angels,Detroit Tigers,108,116,579328.0,663554.0,4,10,0
778098,2025-05-01,San Francisco Giants,Colorado Rockies,137,115,434378.0,607536.0,3,4,0
778087,2025-05-02,Cincinnati Reds,Washington Nationals,113,120,668881.0,680730.0,6,1,1
778090,2025-05-02,Pittsburgh Pirates,San Diego Padres,134,135,656605.0,656302.0,4,9,0
778086,2025-05-02,Philadelphia Phillies,Arizona Diamondbacks,143,109,666200.0,518876.0,3,2,1
778093,2025-05-02,Baltimore Orioles,Kansas City Royals,110,118,665152.0,608379.0,3,0,1
778088,2025-05-02,New York Yankees,Tampa Bay Rays,147,139,608331.0,686752.0,3,0,1
778081,2025-05-02,Toronto Blue Jays,Cleveland Guardians,141,114,605135.0,671106.0,5,3,1
778089,2025-05-02,Boston Red Sox,Minnesota Twins,111,142,678394.0,657746.0,6,1,1
778091,2025-05-02,Miami Marlins,Athletics,146,133,678368.0,680684.0,1,6,0
778092,2025-05-02,Atlanta Braves,Los Angeles Dodgers,144,119,656550.0,808967.0,1,2,0
778079,2025-05-02,Chicago White Sox,Houston Astros,145,117,686563.0,664285.0,7,3,1
778083,2025-05-02,Texas Rangers,Seattle Mariners,140,136,683004.0,693433.0,1,13,0
778080,2025-05-02,Milwaukee Brewers,Chicago Cubs,158,112,641302.0,676962.0,0,10,0
778084,2025-05-02,St. Louis Cardinals,New York Mets,138,121,543243.0,605280.0,3,9,0
778085,2025-05-02,Los Angeles Angels,Detroit Tigers,108,116,667755.0,669373.0,1,9,0
778082,2025-05-02,San Francisco Giants,Colorado Rockies,137,115,592662.0,622608.0,4,0,1
778074,2025-05-03,New York Yankees,Tampa Bay Rays,147,139,642232.0,641793.0,2,3,0
778066,2025-05-03,Chicago White Sox,Houston Astros,145,117,663436.0,686613.0,3,8,0
778064,2025-05-03,Toronto Blue Jays,Cleveland Guardians,141,114,592332.0,668909.0,3,5,0
778065,2025-05-03,Pittsburgh Pirates,San Diego Padres,134,135,663559.0,681190.0,1,2,0
778069,2025-05-03,San Francisco Giants,Colorado Rockies,137,115,663855.0,687134.0,6,3,1
778073,2025-05-03,Boston Red Sox,Minnesota Twins,111,142,690928.0,641927.0,3,4,0
778075,2025-05-03,Miami Marlins,Athletics,146,133,676974.0,674370.0,9,6,1
778078,2025-05-03,Philadelphia Phillies,Arizona Diamondbacks,143,109,605400.0,694297.0,7,2,1
778077,2025-05-03,Cincinnati Reds,Washington Nationals,113,120,666157.0,592866.0,6,11,0
778070,2025-05-03,Texas Rangers,Seattle Mariners,140,136,571578.0,622491.0,1,2,0
778071,2025-05-03,Milwaukee Brewers,Chicago Cubs,158,112,500779.0,592791.0,2,6,0
778072,2025-05-03,Baltimore Orioles,Kansas City Royals,110,118,608372.0,663460.0,0,4,0
778076,2025-05-03,Atlanta Braves,Los Angeles Dodgers,144,119,680885.0,808963.0,3,10,0
778067,2025-05-03,Los Angeles Angels,Detroit Tigers,108,116,543294.0,656427.0,5,2,1
778053,2025-05-04,St. Louis Cardinals,New York Mets,138,121,607200.0,694918.0,6,5,1
778062,2025-05-04,Baltimore Orioles,Kansas City Royals,110,118,502043.0,547179.0,6,11,0
778051,2025-05-04,Pittsburgh Pirates,San Diego Padres,134,135,571760.0,663568.0,0,4,0
778063,2025-05-04,Boston Red Sox,Minnesota Twins,111,142,676979.0,663978.0,4,5,0
778057,2025-05-04,New York Yankees,Tampa Bay Rays,147,139,701542.0,671737.0,5,7,0
778056,2025-05-04,Toronto Blue Jays,Cleveland Guardians,141,114,670102.0,676440.0,4,5,0
778061,2025-05-04,Miami Marlins,Athletics,146,133,665795.0,676664.0,2,3,0
778059,2025-05-04,Philadelphia Phillies,Arizona Diamondbacks,143,109,624133.0,593958.0,9,11,0
778055,2025-05-04,Chicago White Sox,Houston Astros,145,117,669060.0,621121.0,5,4,1
778054,2025-05-04,Milwaukee Brewers,Chicago Cubs,158,112,642547.0,684007.0,4,0,1
778052,2025-05-04,Texas Rangers,Seattle Mariners,140,136,594798.0,688138.0,8,1,1
778048,2025-05-04,San Francisco Giants,Colorado Rockies,137,115,657277.0,608566.0,9,3,1
778050,2025-05-04,Los Angeles Angels,Detroit Tigers,108,116,686799.0,681857.0,1,13,0
778058,2025-05-04,Cincinnati Reds,Washington Nationals,113,120,607259.0,669022.0,1,4,0
778060,2025-05-04,Atlanta Braves,Los Angeles Dodgers,144,119,693821.0,669160.0,4,3,1
778047,2025-05-05,Miami Marlins,Los Angeles Dodgers,146,119,645261.0,676263.0,4,7,0
778045,2025-05-05,New York Yankees,San Diego Padres,147,135,607074.0,601713.0,3,4,0
778049,2025-05-05,Atlanta Braves,Cincinnati Reds,144,113,700363.0,663903.0,4,0,1
778044,2025-05-05,Chicago Cubs,San Francisco Giants,112,137,571510.0,694738.0,9,2,1
778043,2025-05-05,Kansas City Royals,Chicago White Sox,118,145,666142.0,681343.0,3,0,1
778042,2025-05-05,Milwaukee Brewers,Houston Astros,158,117,668964.0,669854.0,5,1,1
778036,2025-05-05,St. Louis Cardinals,Pittsburgh Pirates,138,134,571945.0,669387.0,6,3,1
778039,2025-05-05,Arizona Diamondbacks,New York Mets,109,121,669194.0,656288.0,4,5,0
778038,2025-05-05,Athletics,Seattle Mariners,133,136,622663.0,682243.0,7,6,1
778026,2025-05-06,Washington Nationals,Cleveland Guardians,120,114,663623.0,682847.0,10,9,1
778035,2025-05-06,Miami Marlins,Los Angeles Dodgers,146,119,615698.0,664062.0,5,4,1
778037,2025-05-06,Boston Red Sox,Texas Rangers,111,140,608337.0,543135.0,1,6,0
778040,2025-05-06,Tampa Bay Rays,Philadelphia Phillies,139,143,656876.0,554430.0,4,8,0
778041,2025-05-06,New York Yankees,San Diego Padres,147,135,657376.0,650633.0,12,3,1
778034,2025-05-06,Atlanta Braves,Cincinnati Reds,144,113,519242.0,671096.0,2,1,1
778027,2025-05-06,Chicago Cubs,San Francisco Giants,112,137,607067.0,434378.0,5,14,0
778028,2025-05-06,Minnesota Twins,Baltimore Orioles,142,110,641154.0,700249.0,9,1,1
778033,2025-05-06,Kansas City Royals,Chicago White Sox,118,145,607625.0,680732.0,4,3,1
778031,2025-05-06,Milwaukee Brewers,Houston Astros,158,117,694477.0,669713.0,4,3,1
778030,2025-05-06,St. Louis Cardinals,Pittsburgh Pirates,138,134,669461.0,694973.0,2,1,1
778025,2025-05-06,Los Angeles Angels,Toronto Blue Jays,108,141,542881.0,570632.0,8,3,1
778032,2025-05-06,Arizona Diamondbacks,New York Mets,109,121,668678.0,656849.0,5,1,1
778024,2025-05-06,Athletics,Seattle Mariners,133,136,605488.0,676106.0,3,5,0
778022,2025-05-07,Washington Nationals,Cleveland Guardians,120,114,647336.0,671106.0,6,8,0
778015,2025-05-07,Milwaukee Brewers,Houston Astros,158,117,682990.0,664285.0,1,9,0
778016,2025-05-07,St. Louis Cardinals,Pittsburgh Pirates,138,134,543243.0,656605.0,5,0,1
778020,2025-05-07,Chicago Cubs,San Francisco Giants,112,137,676962.0,592662.0,1,3,0
778010,2025-05-07,Athletics,Seattle Mariners,133,136,680684.0,693433.0,5,6,0
778014,2025-05-07,Arizona Diamondbacks,New York Mets,109,121,518876.0,673540.0,1,7,0
778017,2025-05-07,Miami Marlins,Los Angeles Dodgers,146,119,678368.0,689017.0,1,10,0
778018,2025-05-07,Boston Red Sox,Texas Rangers,111,140,656557.0,641816.0,6,4,1
778021,2025-05-07,Tampa Bay Rays,Philadelphia Phillies,139,143,669358.0,650911.0,0,7,0
778019,2025-05-07,New York Yankees,San Diego Padres,147,135,608331.0,656302.0,4,3,1
778023,2025-05-07,Atlanta Braves,Cincinnati Reds,144,113,656550.0,668881.0,3,4,0
778011,2025-05-07,Minnesota Twins,Baltimore Orioles,142,110,680573.0,450203.0,5,2,1
778012,2025-05-07,Kansas City Royals,Chicago White Sox,118,145,608379.0,686563.0,2,1,1
778013,2025-05-07,Colorado Rockies,Detroit Tigers,115,116,801403.0,695549.0,6,8,0
778009,2025-05-07,Los Angeles Angels,Toronto Blue Jays,108,141,579328.0,621244.0,5,4,1
778007,2025-05-08,Minnesota Twins,Baltimore Orioles,142,110,641927.0,665152.0,5,2,1
778006,2025-05-08,Boston Red Sox,Texas Rangers,111,140,678394.0,683004.0,5,0,1
778008,2025-05-08,Kansas City Royals,Chicago White Sox,118,145,663460.0,663436.0,10,0,1
778004,2025-05-08,Colorado Rockies,Detroit Tigers,115,116,607536.0,663554.0,2,10,0
778005,2025-05-08,Tampa Bay Rays,Philadelphia Phillies,139,143,686752.0,666200.0,6,7,0
778003,2025-05-08,Atlanta Braves,Cincinnati Reds,144,113,680885.0,666157.0,5,4,1
778000,2025-05-08,Los Angeles Angels,Toronto Blue Jays,108,141,667755.0,605135.0,5,8,0
777999,2025-05-08,Arizona Diamondbacks,Los Angeles Dodgers,109,119,694297.0,808967.0,5,3,1
777996,2025-05-09,Detroit Tigers,Texas Rangers,116,140,669373.0,571578.0,2,1,1
777998,2025-05-09,Pittsburgh Pirates,Atlanta Braves,134,144,663559.0,693821.0,3,2,1
777995,2025-05-09,Washington Nationals,St. Louis Cardinals,120,138,680730.0,607200.0,0,10,0
778002,2025-05-09,Tampa Bay Rays,Milwaukee Brewers,139,158,641793.0,500779.0,4,3,1
778001,2025-05-09,New York Mets,Chicago Cubs,121,112,605280.0,592791.0,7,2,1
777997,2025-05-09,Cleveland Guardians,Philadelphia Phillies,114,143,668909.0,605400.0,6,0,1
777990,2025-05-09,Kansas City Royals,Boston Red Sox,118,111,547179.0,690928.0,2,1,1
777991,2025-05-09,Chicago White Sox,Miami Marlins,145,146,669060.0,676974.0,6,2,1
777989,2025-05-09,Houston Astros,Cincinnati Reds,117,113,686613.0,607259.0,3,0,1
777992,2025-05-09,Minnesota Twins,San Francisco Giants,142,137,663978.0,663855.0,3,1,1
777993,2025-05-09,Colorado Rockies,San Diego Padres,115,135,622608.0,681190.0,9,13,0
777986,2025-05-09,Los Angeles Angels,Baltimore Orioles,108,110,543294.0,608372.0,1,4,0
777988,2025-05-09,Arizona Diamondbacks,Los Angeles Dodgers,109,119,593958.0,808963.0,11,14,0
777984,2025-05-09,Seattle Mariners,Toronto Blue Jays,136,141,622491.0,592332.0,3,6,0
777994,2025-05-09,Athletics,New York Yankees,133,147,674370.0,701542.0,2,10,0
777980,2025-05-10,Washington Nationals,St. Louis Cardinals,120,138,592866.0,669467.0,2,4,0
777985,2025-05-10,Pittsburgh Pirates,Atlanta Braves,134,144,571760.0,700363.0,2,3,0
777972,2025-05-10,Athletics,New York Yankees,133,147,676664.0,607074.0,11,7,1
777981,2025-05-10,Tampa Bay Rays,Milwaukee Brewers,139,158,671737.0,668964.0,3,2,1
777987,2025-05-10,Detroit Tigers,Texas Rangers,116,140,656427.0,594798.0,3,10,0
777983,2025-05-10,Cleveland Guardians,Philadelphia Phillies,114,143,676440.0,624133.0,1,7,0
777979,2025-05-10,Houston Astros,Cincinnati Reds,117,113,621121.0,663903.0,9,13,0
777977,2025-05-10,Kansas City Royals,Boston Red Sox,118,111,666142.0,676979.0,1,10,0
777978,2025-05-10,Chicago White Sox,Miami Marlins,145,146,681343.0,665795.0,1,3,0
777982,2025-05-10,New York Mets,Chicago Cubs,121,112,656731.0,641745.0,5,6,0
777974,2025-05-10,Minnesota Twins,San Francisco Giants,142,137,657746.0,657277.0,2,1,1
777975,2025-05-10,Arizona Diamondbacks,Los Angeles Dodgers,109,119,669203.0,669160.0,3,0,1
777976,2025-05-10,Colorado Rockies,San Diego Padres,115,135,687134.0,663568.0,0,21,0
777973,2025-05-10,Los Angeles Angels,Baltimore Orioles,108,110,686799.0,502043.0,5,2,1
777970,2025-05-10,Seattle Mariners,Toronto Blue Jays,136,141,688138.0,670102.0,3,6,0
777968,2025-05-11,New York Mets,Chicago Cubs,121,112,656288.0,571510.0,6,2,1
777962,2025-05-11,Washington Nationals,St. Louis Cardinals,120,138,669022.0,571945.0,1,6,0
777967,2025-05-11,Pittsburgh Pirates,Atlanta Braves,134,144,669387.0,519242.0,4,3,1
777969,2025-05-11,Detroit Tigers,Texas Rangers,116,140,681857.0,543135.0,1,6,0
777964,2025-05-11,Tampa Bay Rays,Milwaukee Brewers,139,158,656876.0,694477.0,2,4,0
777963,2025-05-11,Houston Astros,Cincinnati Reds,117,113,669854.0,695534.0,6,0,1
777965,2025-05-11,Kansas City Royals,Boston Red Sox,118,111,607625.0,608337.0,1,3,0
777956,2025-05-11,Minnesota Twins,San Francisco Giants,142,137,641154.0,694738.0,7,6,1
777966,2025-05-11,Chicago White Sox,Miami Marlins,145,146,680732.0,645261.0,4,2,1
777955,2025-05-11,Colorado Rockies,San Diego Padres,115,135,608566.0,601713.0,9,3,1
777957,2025-05-11,Athletics,New York Yankees,133,147,622663.0,642232.0,2,12,0
777961,2025-05-11,Los Angeles Angels,Baltimore Orioles,108,110,542881.0,621107.0,3,7,0
777954,2025-05-11,Arizona Diamondbacks,Los Angeles Dodgers,109,119,668678.0,664062.0,1,8,0
777958,2025-05-11,Seattle Mariners,Toronto Blue Jays,136,141,682243.0,570632.0,1,9,0
777971,2025-05-11,Cleveland Guardians,Philadelphia Phillies,114,143,682847.0,554430.0,0,3,0
777960,2025-05-12,Cleveland Guardians,Milwaukee Brewers,114,158,594902.0,642547.0,5,0,1
777951,2025-05-12,Detroit Tigers,Boston Red Sox,116,111,695549.0,656557.0,14,2,1
777953,2025-05-12,Philadelphia Phillies,St. Louis Cardinals,143,138,650911.0,669461.0,2,3,0
777950,2025-05-12,New York Mets,Pittsburgh Pirates,121,134,656849.0,694973.0,4,3,1
777959,2025-05-12,Atlanta Braves,Washington Nationals,144,120,656550.0,663623.0,4,3,1
777952,2025-05-12,Chicago Cubs,Miami Marlins,112,146,607067.0,615698.0,5,2,1
777949,2025-05-12,Texas Rangers,Colorado Rockies,140,115,641816.0,801403.0,2,1,1
777948,2025-05-12,Houston Astros,Kansas City Royals,117,118,687473.0,608379.0,5,7,0
777947,2025-05-12,San Diego Padres,Los Angeles Angels,135,108,650633.0,579328.0,5,9,0
777941,2025-05-12,Seattle Mariners,New York Yankees,136,147,676106.0,657376.0,5,11,0
777939,2025-05-12,San Francisco Giants,Arizona Diamondbacks,137,109,434378.0,518876.0,1,2,0
777944,2025-05-13,Cleveland Guardians,Milwaukee Brewers,114,158,671106.0,682990.0,2,0,1
777940,2025-05-13,Detroit Tigers,Boston Red Sox,116,111,663947.0,678394.0,10,9,1
777945,2025-05-13,Cincinnati Reds,Chicago White Sox,113,145,671096.0,686563.0,1,5,0
777935,2025-05-13,Toronto Blue Jays,Tampa Bay Rays,141,139,621244.0,669358.0,9,11,0
777943,2025-05-13,New York Mets,Pittsburgh Pirates,121,134,673540.0,656605.0,2,1,1
777942,2025-05-13,Atlanta Braves,Washington Nationals,144,120,680885.0,647336.0,5,2,1
777936,2025-05-13,Chicago Cubs,Miami Marlins,112,146,676962.0,678368.0,5,4,1
777934,2025-05-13,Texas Rangers,Colorado Rockies,140,115,683004.0,607536.0,4,1,1
777931,2025-05-13,Houston Astros,Kansas City Royals,117,118,664285.0,663460.0,2,1,1
777932,2025-05-13,San Diego Padres,Los Angeles Angels,135,108,656302.0,667755.0,6,4,1
777926,2025-05-13,Seattle Mariners,New York Yankees,136,147,693433.0,608331.0,2,1,1
777930,2025-05-13,San Francisco Giants,Arizona Diamondbacks,137,109,592662.0,694297.0,10,6,1
777937,2025-05-13,Los Angeles Dodgers,Athletics,119,133,689017.0,605488.0,1,11,0
777924,2025-05-14,Baltimore Orioles,Minnesota Twins,110,142,665152.0,641927.0,3,6,0
777922,2025-05-14,Philadelphia Phillies,St. Louis Cardinals,143,138,666200.0,607200.0,2,1,1
777925,2025-05-14,Cleveland Guardians,Milwaukee Brewers,114,158,668909.0,701656.0,5,9,0
777916,2025-05-14,San Francisco Giants,Arizona Diamondbacks,137,109,663855.0,593958.0,7,8,0
777915,2025-05-14,Seattle Mariners,New York Yankees,136,147,622491.0,701542.0,2,3,0
777927,2025-05-14,Detroit Tigers,Boston Red Sox,116,111,669373.0,690928.0,6,5,1
777923,2025-05-14,Toronto Blue Jays,Tampa Bay Rays,141,139,605135.0,686752.0,3,1,1
777919,2025-05-14,New York Mets,Pittsburgh Pirates,121,134,605280.0,663559.0,0,4,0
777928,2025-05-14,Cincinnati Reds,Chicago White Sox,113,145,666157.0,663436.0,2,4,0
777929,2025-05-14,Atlanta Braves,Washington Nationals,144,120,693821.0,680730.0,4,5,0
777921,2025-05-14,Chicago Cubs,Miami Marlins,112,146,592791.0,677960.0,1,3,0
777918,2025-05-14,Texas Rangers,Colorado Rockies,140,115,571578.0,622608.0,8,3,1
777920,2025-05-14,Houston Astros,Kansas City Royals,117,118,676467.0,547179.0,4,3,1
777914,2025-05-14,San Diego Padres,Los Angeles Angels,135,108,681190.0,543294.0,5,1,1
777917,2025-05-14,Los Angeles Dodgers,Athletics,119,133,808967.0,680684.0,9,3,1
777909,2025-05-15,Atlanta Braves,Washington Nationals,144,120,700363.0,592866.0,5,2,1
777911,2025-05-15,Baltimore Orioles,Minnesota Twins,110,142,608372.0,663978.0,0,4,0
777912,2025-05-15,Cincinnati Reds,Chicago White Sox,113,145,607259.0,669060.0,7,1,1
777913,2025-05-15,Toronto Blue Jays,Tampa Bay Rays,141,139,592332.0,641793.0,3,8,0
777910,2025-05-15,Texas Rangers,Houston Astros,140,117,594798.0,686613.0,1,0,1
777946,2025-05-15,Los Angeles Dodgers,Athletics,119,133,669422.0,674370.0,19,2,1
777900,2025-05-16,Chicago Cubs,Chicago White Sox,112,145,690990.0,681343.0,13,3,1
777902,2025-05-16,Cincinnati Reds,Cleveland Guardians,113,114,663903.0,676440.0,5,4,1
777905,2025-05-16,Philadelphia Phillies,Pittsburgh Pirates,143,134,624133.0,571760.0,8,4,1
777907,2025-05-16,Baltimore Orioles,Washington Nationals,110,120,700249.0,669022.0,3,4,0
777904,2025-05-16,New York Yankees,New York Mets,147,121,607074.0,656731.0,6,2,1
777906,2025-05-16,Toronto Blue Jays,Detroit Tigers,141,116,670102.0,656427.0,4,5,0
777908,2025-05-16,Boston Red Sox,Atlanta Braves,111,144,676979.0,519242.0,2,4,0
777903,2025-05-16,Miami Marlins,Tampa Bay Rays,146,139,676974.0,671737.0,9,4,1
777901,2025-05-16,Kansas City Royals,St. Louis Cardinals,118,138,666142.0,669467.0,3,10,0
777895,2025-05-16,Texas Rangers,Houston Astros,140,117,543135.0,621121.0,3,6,0
777898,2025-05-16,Milwaukee Brewers,Minnesota Twins,158,142,694477.0,657746.0,0,3,0
777897,2025-05-16,Arizona Diamondbacks,Colorado Rockies,109,115,669203.0,687223.0,8,0,1
777896,2025-05-16,San Diego Padres,Seattle Mariners,135,136,663568.0,688138.0,1,5,0
777899,2025-05-16,Los Angeles Dodgers,Los Angeles Angels,119,108,669160.0,686799.0,2,6,0
777891,2025-05-16,San Francisco Giants,Athletics,137,133,657277.0,676664.0,9,1,1
777888,2025-05-17,New York Yankees,New York Mets,147,121,657376.0,656288.0,2,3,0
777881,2025-05-17,Chicago Cubs,Chicago White Sox,112,145,571510.0,680732.0,7,3,1
777886,2025-05-17,Toronto Blue Jays,Detroit Tigers,141,116,641778.0,681857.0,2,1,1
777890,2025-05-17,Baltimore Orioles,Washington Nationals,110,120,502043.0,663623.0,6,10,0
777889,2025-05-17,Miami Marlins,Tampa Bay Rays,146,139,645261.0,656876.0,0,4,0
777894,2025-05-17,Philadelphia Phillies,Pittsburgh Pirates,143,134,554430.0,669387.0,5,2,1
777892,2025-05-17,Cincinnati Reds,Cleveland Guardians,113,114,608718.0,677944.0,4,1,1
777882,2025-05-17,Texas Rangers,Houston Astros,140,117,641816.0,669854.0,5,1,1
777885,2025-05-17,Kansas City Royals,St. Louis Cardinals,118,138,702070.0,571945.0,0,1,0
777893,2025-05-17,Boston Red Sox,Atlanta Braves,111,144,608337.0,656550.0,7,6,1
777883,2025-05-17,Milwaukee Brewers,Minnesota Twins,158,142,668964.0,641154.0,0,7,0
777887,2025-05-17,Arizona Diamondbacks,Colorado Rockies,109,115,668678.0,608566.0,12,14,0
777875,2025-05-17,San Diego Padres,Seattle Mariners,135,136,601713.0,676106.0,1,4,0
777879,2025-05-17,San Francisco Giants,Athletics,137,133,694738.0,622663.0,1,0,1
777884,2025-05-17,Los Angeles Dodgers,Los Angeles Angels,119,108,477132.0,542881.0,9,11,0
777869,2025-05-18,Texas Rangers,Houston Astros,140,117,683004.0,664285.0,3,4,0
777873,2025-05-18,Baltimore Orioles,Washington Nationals,110,120,621107.0,647336.0,4,10,0
777880,2025-05-18,Philadelphia Phillies,Pittsburgh Pirates,143,134,690953.0,694973.0,1,0,1
777876,2025-05-18,Boston Red Sox,Atlanta Braves,111,144,678394.0,680885.0,4,10,0
777871,2025-05-18,Toronto Blue Jays,Detroit Tigers,141,116,621244.0,695549.0,2,3,0
777874,2025-05-18,Cincinnati Reds,Cleveland Guardians,113,114,671096.0,682847.0,3,1,1
777877,2025-05-18,Miami Marlins,Tampa Bay Rays,146,139,615698.0,669358.0,5,1,1
777864,2025-05-18,Kansas City Royals,St. Louis Cardinals,118,138,608379.0,669461.0,2,1,1
777865,2025-05-18,Milwaukee Brewers,Minnesota Twins,158,142,642547.0,805673.0,5,2,1
777872,2025-05-18,Chicago Cubs,Chicago White Sox,112,145,607067.0,686563.0,6,2,1
777867,2025-05-18,San Francisco Giants,Athletics,137,133,434378.0,605488.0,3,2,1
777870,2025-05-18,Arizona Diamondbacks,Colorado Rockies,109,115,518876.0,801403.0,1,0,1
777866,2025-05-18,Los Angeles Dodgers,Los Angeles Angels,119,108,664062.0,579328.0,4,6,0
777868,2025-05-18,San Diego Padres,Seattle Mariners,135,136,650633.0,693433.0,1,6,0
777878,2025-05-18,New York Yankees,New York Mets,147,121,608331.0,656849.0,8,2,1
777859,2025-05-19,Pittsburgh Pirates,Cincinnati Reds,134,113,656605.0,666157.0,1,7,0
777863,2025-05-19,Miami Marlins,Chicago Cubs,146,112,665795.0,676962.0,8,7,1
777856,2025-05-19,Boston Red Sox,New York Mets,111,121,690928.0,673540.0,3,1,1
777858,2025-05-19,Tampa Bay Rays,Houston Astros,139,117,686752.0,676467.0,3,4,0
777861,2025-05-19,Minnesota Twins,Cleveland Guardians,142,114,657746.0,,6,5,1
777857,2025-05-19,Chicago White Sox,Seattle Mariners,145,136,663436.0,622491.0,1,5,0
777860,2025-05-19,Milwaukee Brewers,Baltimore Orioles,158,110,642239.0,665152.0,5,4,1
777862,2025-05-19,St. Louis Cardinals,Detroit Tigers,138,116,543243.0,674944.0,11,4,1
777852,2025-05-19,Colorado Rockies,Philadelphia Phillies,115,143,607536.0,650911.0,3,9,0
777855,2025-05-19,San Francisco Giants,Kansas City Royals,137,118,592662.0,663460.0,1,3,0
777853,2025-05-19,Athletics,Los Angeles Angels,133,108,669372.0,667755.0,3,4,0
777854,2025-05-19,Los Angeles Dodgers,Arizona Diamondbacks,119,109,676263.0,694297.0,5,9,0
777847,2025-05-20,Pittsburgh Pirates,Cincinnati Reds,134,113,663559.0,607259.0,1,0,1
777850,2025-05-20,Miami Marlins,Chicago Cubs,146,112,677960.0,592791.0,1,14,0
777851,2025-05-20,Boston Red Sox,New York Mets,111,121,621111.0,605280.0,2,0,1
777841,2025-05-20,Washington Nationals,Atlanta Braves,120,144,680730.0,675911.0,5,3,1
777848,2025-05-20,Tampa Bay Rays,Houston Astros,139,117,641793.0,687888.0,3,2,1
777849,2025-05-20,New York Yankees,Texas Rangers,147,140,701542.0,571578.0,5,2,1
777845,2025-05-20,Toronto Blue Jays,San Diego Padres,141,135,605135.0,656302.0,3,0,1
777846,2025-05-20,Chicago White Sox,Seattle Mariners,145,136,605288.0,668984.0,1,0,1
777844,2025-05-20,Milwaukee Brewers,Baltimore Orioles,158,110,701656.0,669211.0,5,2,1
777840,2025-05-20,St. Louis Cardinals,Detroit Tigers,138,116,607200.0,669373.0,4,5,0
777842,2025-05-20,Colorado Rockies,Philadelphia Phillies,115,143,622608.0,666200.0,4,7,0
777836,2025-05-20,San Francisco Giants,Kansas City Royals,137,118,806185.0,547179.0,3,2,1
777843,2025-05-20,Athletics,Los Angeles Angels,133,108,680684.0,543294.0,5,7,0
777838,2025-05-20,Los Angeles Dodgers,Arizona Diamondbacks,119,109,808967.0,669194.0,4,3,1
777834,2025-05-21,Pittsburgh Pirates,Cincinnati Reds,134,113,571760.0,663903.0,3,1,1
777832,2025-05-21,Tampa Bay Rays,Houston Astros,139,117,671737.0,686613.0,8,4,1
777833,2025-05-21,Miami Marlins,Chicago Cubs,146,112,676974.0,690990.0,1,2,0
777826,2025-05-21,Milwaukee Brewers,Baltimore Orioles,158,110,694477.0,608372.0,4,8,0
777827,2025-05-21,St. Louis Cardinals,Detroit Tigers,138,116,669467.0,676428.0,1,5,0
777830,2025-05-21,Chicago White Sox,Seattle Mariners,145,136,681343.0,688138.0,5,6,0
777819,2025-05-21,San Francisco Giants,Kansas City Royals,137,118,657277.0,663738.0,4,8,0
777829,2025-05-21,Minnesota Twins,Cleveland Guardians,142,114,663978.0,668909.0,1,5,0
777831,2025-05-21,Boston Red Sox,New York Mets,111,121,676979.0,656731.0,1,5,0
777835,2025-05-21,New York Yankees,Texas Rangers,147,140,642232.0,594798.0,4,3,1
777837,2025-05-21,Toronto Blue Jays,San Diego Padres,141,135,592332.0,681190.0,14,0,1
777823,2025-05-21,Colorado Rockies,Philadelphia Phillies,115,143,687223.0,592836.0,5,9,0
777828,2025-05-21,Athletics,Los Angeles Angels,133,108,676664.0,686799.0,5,10,0
777824,2025-05-21,Los Angeles Dodgers,Arizona Diamondbacks,119,109,669160.0,669203.0,3,1,1
777818,2025-05-22,New York Yankees,Texas Rangers,147,140,607074.0,543135.0,1,0,1
777816,2025-05-22,Toronto Blue Jays,San Diego Padres,141,135,670102.0,663568.0,7,6,1
777817,2025-05-22,Colorado Rockies,Philadelphia Phillies,115,143,608566.0,624133.0,0,2,0
777812,2025-05-22,Athletics,Los Angeles Angels,133,108,622663.0,542881.0,5,10,0
777821,2025-05-22,Detroit Tigers,Cleveland Guardians,116,114,656427.0,676440.0,0,7,0
777814,2025-05-22,Pittsburgh Pirates,Milwaukee Brewers,134,158,681347.0,650644.0,5,8,0
777820,2025-05-22,Washington Nationals,Atlanta Braves,120,144,592866.0,700363.0,8,7,1
777822,2025-05-22,Houston Astros,Seattle Mariners,117,136,621121.0,669923.0,9,2,1
777811,2025-05-23,Cincinnati Reds,Chicago Cubs,113,112,668881.0,571510.0,6,13,0
777806,2025-05-23,Pittsburgh Pirates,Milwaukee Brewers,134,158,694973.0,642547.0,6,5,1
777801,2025-05-23,Washington Nationals,San Francisco Giants,120,137,669022.0,694738.0,0,4,0
777810,2025-05-23,Tampa Bay Rays,Toronto Blue Jays,139,141,656876.0,641778.0,3,1,1
777807,2025-05-23,Detroit Tigers,Cleveland Guardians,116,114,695549.0,677944.0,1,3,0
777808,2025-05-23,New York Mets,Los Angeles Dodgers,121,119,656288.0,477132.0,5,7,0
777813,2025-05-23,Atlanta Braves,San Diego Padres,144,135,519242.0,601713.0,1,2,0
777805,2025-05-23,Chicago White Sox,Texas Rangers,145,140,680732.0,641816.0,4,1,1
777800,2025-05-23,Houston Astros,Seattle Mariners,117,136,687473.0,676106.0,3,5,0
777799,2025-05-23,Minnesota Twins,Kansas City Royals,142,118,641154.0,702070.0,3,1,1
777797,2025-05-23,St. Louis Cardinals,Arizona Diamondbacks,138,109,571945.0,668678.0,4,3,1
777802,2025-05-23,Colorado Rockies,New York Yankees,115,147,685299.0,657376.0,3,2,1
777798,2025-05-23,Los Angeles Angels,Miami Marlins,108,146,579328.0,645261.0,7,4,1
777804,2025-05-23,Athletics,Philadelphia Phillies,133,143,682052.0,554430.0,3,4,0
777790,2025-05-24,Boston Red Sox,Baltimore Orioles,111,110,608337.0,669432.0,1,2,0
777788,2025-05-24,Minnesota Twins,Kansas City Royals,142,118,805673.0,608379.0,5,4,1
777786,2025-05-24,St. Louis Cardinals,Arizona Diamondbacks,138,109,669461.0,518876.0,6,5,1
777793,2025-05-24,Washington Nationals,San Francisco Giants,120,137,663623.0,690986.0,3,0,1
777794,2025-05-24,Pittsburgh Pirates,Milwaukee Brewers,134,158,656605.0,682990.0,2,1,1
777791,2025-05-24,Cincinnati Reds,Chicago Cubs,113,112,671096.0,607067.0,6,4,1
777787,2025-05-24,Houston Astros,Seattle Mariners,117,136,664285.0,693433.0,2,1,1
777803,2025-05-24,Atlanta Braves,San Diego Padres,144,135,656550.0,669308.0,7,1,1
777792,2025-05-24,Chicago White Sox,Texas Rangers,145,140,669060.0,683004.0,10,5,1
777782,2025-05-24,Colorado Rockies,New York Yankees,115,147,607536.0,608331.0,1,13,0
777795,2025-05-24,Tampa Bay Rays,Toronto Blue Jays,139,141,669358.0,621244.0,3,1,1
777796,2025-05-24,Detroit Tigers,Cleveland Guardians,116,114,663554.0,682847.0,5,7,0
777789,2025-05-24,New York Mets,Los Angeles Dodgers,121,119,656849.0,664062.0,5,2,1
777784,2025-05-24,Athletics,Philadelphia Phillies,133,143,605488.0,650911.0,6,9,0
777781,2025-05-24,Los Angeles Angels,Miami Marlins,108,146,667755.0,615698.0,2,6,0
777780,2025-05-25,Detroit Tigers,Cleveland Guardians,116,114,669373.0,671106.0,5,0,1
777785,2025-05-25,Boston Red Sox,Baltimore Orioles,111,110,621111.0,665152.0,1,5,0
777778,2025-05-25,Washington Nationals,San Francisco Giants,120,137,647336.0,592662.0,2,3,0
777776,2025-05-25,Pittsburgh Pirates,Milwaukee Brewers,134,158,663559.0,701656.0,5,6,0
777779,2025-05-25,Cincinnati Reds,Chicago Cubs,113,112,666157.0,676962.0,8,11,0
777775,2025-05-25,Tampa Bay Rays,Toronto Blue Jays,139,141,686752.0,605135.0,13,0,1
777774,2025-05-25,Houston Astros,Seattle Mariners,117,136,676467.0,622491.0,5,3,1
777772,2025-05-25,Minnesota Twins,Kansas City Royals,142,118,641927.0,663460.0,1,2,0
777777,2025-05-25,Chicago White Sox,Texas Rangers,145,140,663436.0,571578.0,4,5,0
777766,2025-05-25,St. Louis Cardinals,Arizona Diamondbacks,138,109,543243.0,694297.0,4,3,1
777768,2025-05-25,Colorado Rockies,New York Yankees,115,147,622608.0,701542.0,4,5,0
777765,2025-05-25,Athletics,Philadelphia Phillies,133,143,680684.0,666200.0,5,4,1
777767,2025-05-25,Los Angeles Angels,Miami Marlins,108,146,543294.0,665795.0,0,3,0
777783,2025-05-25,Atlanta Braves,San Diego Padres,144,135,680885.0,656302.0,3,5,0
777773,2025-05-25,New York Mets,Los Angeles Dodgers,121,119,673540.0,689017.0,3,1,1
777770,2025-05-26,Detroit Tigers,San Francisco Giants,116,137,672456.0,806185.0,3,1,1
777764,2025-05-26,Milwaukee Brewers,Boston Red Sox,158,111,694477.0,676979.0,3,2,1
777757,2025-05-26,Chicago Cubs,Colorado Rockies,112,115,592791.0,687223.0,3,1,1
777771,2025-05-26,Baltimore Orioles,St. Louis Cardinals,110,138,450203.0,607200.0,5,2,1
777759,2025-05-26,Texas Rangers,Toronto Blue Jays,140,141,594798.0,592332.0,1,2,0
777760,2025-05-26,Kansas City Royals,Cincinnati Reds,118,113,547179.0,607259.0,4,7,0
777758,2025-05-26,New York Mets,Chicago White Sox,121,145,605280.0,605288.0,2,1,1
777769,2025-05-26,Cleveland Guardians,Los Angeles Dodgers,114,119,668909.0,808967.0,2,7,0
777762,2025-05-26,Tampa Bay Rays,Minnesota Twins,139,142,641793.0,663978.0,7,2,1
777761,2025-05-26,Arizona Diamondbacks,Pittsburgh Pirates,109,134,669194.0,571760.0,5,0,1
777756,2025-05-26,San Diego Padres,Miami Marlins,135,146,681190.0,677960.0,4,3,1
777763,2025-05-26,Los Angeles Angels,New York Yankees,108,147,686799.0,642232.0,1,5,0
777753,2025-05-27,Cleveland Guardians,Los Angeles Dodgers,114,119,676440.0,669160.0,5,9,0
777754,2025-05-27,Baltimore Orioles,St. Louis Cardinals,110,138,608372.0,669467.0,4,7,0
777755,2025-05-27,Detroit Tigers,San Francisco Giants,116,137,656427.0,657277.0,3,1,1
777748,2025-05-27,Philadelphia Phillies,Atlanta Braves,143,144,624133.0,675911.0,2,0,1
777746,2025-05-27,Tampa Bay Rays,Minnesota Twins,139,142,671737.0,657746.0,2,4,0
777749,2025-05-27,New York Mets,Chicago White Sox,121,145,656731.0,686563.0,6,4,1
777750,2025-05-27,Kansas City Royals,Cincinnati Reds,118,113,663738.0,663903.0,2,7,0
777747,2025-05-27,Milwaukee Brewers,Boston Red Sox,158,111,650644.0,690916.0,5,1,1
777751,2025-05-27,Chicago Cubs,Colorado Rockies,112,115,690990.0,608566.0,4,3,1
777741,2025-05-27,Texas Rangers,Toronto Blue Jays,140,141,543135.0,670102.0,2,0,1
777752,2025-05-27,Houston Astros,Athletics,117,133,686613.0,676664.0,11,1,1
777745,2025-05-27,Los Angeles Angels,New York Yankees,108,147,542881.0,607074.0,2,3,0
777744,2025-05-27,Arizona Diamondbacks,Pittsburgh Pirates,109,134,669203.0,681347.0,6,9,0
777743,2025-05-27,Seattle Mariners,Washington Nationals,136,120,688138.0,680730.0,9,1,1
777742,2025-05-27,San Diego Padres,Miami Marlins,135,146,663568.0,676974.0,8,6,1
777739,2025-05-28,Cleveland Guardians,Los Angeles Dodgers,114,119,663465.0,477132.0,7,4,1
777738,2025-05-28,Detroit Tigers,San Francisco Giants,116,137,695549.0,694738.0,4,3,1
777732,2025-05-28,Tampa Bay Rays,Minnesota Twins,139,142,656876.0,641154.0,5,0,1
777737,2025-05-28,New York Mets,Chicago White Sox,121,145,656288.0,681343.0,4,9,0
777736,2025-05-28,Milwaukee Brewers,Boston Red Sox,158,111,642547.0,678394.0,6,5,1
777734,2025-05-28,Houston Astros,Athletics,117,133,621121.0,622663.0,5,3,1
777729,2025-05-28,Arizona Diamondbacks,Pittsburgh Pirates,109,134,668678.0,694973.0,1,10,0
777726,2025-05-28,San Diego Padres,Miami Marlins,135,146,606996.0,645261.0,8,10,0
777740,2025-05-28,Baltimore Orioles,St. Louis Cardinals,110,138,700249.0,571945.0,4,6,0
777733,2025-05-28,Kansas City Royals,Cincinnati Reds,118,113,702070.0,668881.0,3,2,1
777731,2025-05-28,Chicago Cubs,Colorado Rockies,112,115,571510.0,685299.0,2,1,1
777724,2025-05-28,Texas Rangers,Toronto Blue Jays,140,141,641816.0,687606.0,0,2,0
777728,2025-05-28,Los Angeles Angels,New York Yankees,108,147,579328.0,657376.0,0,1,0
777730,2025-05-28,Seattle Mariners,Washington Nationals,136,120,669923.0,592866.0,0,9,0
777723,2025-05-29,Philadelphia Phillies,Atlanta Braves,143,144,554430.0,519242.0,3,9,0
777727,2025-05-29,Toronto Blue Jays,Athletics,141,133,621244.0,682052.0,12,0,1
777725,2025-05-29,Houston Astros,Tampa Bay Rays,117,139,687473.0,669358.0,3,13,0
777722,2025-05-29,Seattle Mariners,Washington Nationals,136,120,676106.0,669022.0,3,9,0
777712,2025-05-30,Chicago Cubs,Cincinnati Reds,112,113,607067.0,671096.0,2,6,0
777720,2025-05-30,Baltimore Orioles,Chicago White Sox,110,145,621107.0,694363.0,2,1,1
777715,2025-05-30,Philadelphia Phillies,Milwaukee Brewers,143,158,592836.0,669084.0,2,6,0
777716,2025-05-30,Toronto Blue Jays,Athletics,141,133,605135.0,605488.0,11,7,1
777721,2025-05-30,Cleveland Guardians,Los Angeles Angels,114,108,682847.0,667755.0,1,4,0
777718,2025-05-30,New York Mets,Colorado Rockies,121,115,656849.0,607536.0,4,2,1
777717,2025-05-30,Miami Marlins,San Francisco Giants,146,137,615698.0,690986.0,0,2,0
777719,2025-05-30,Atlanta Braves,Boston Red Sox,144,111,656550.0,608337.0,1,5,0
777709,2025-05-30,Texas Rangers,St. Louis Cardinals,140,138,683004.0,669461.0,11,1,1
777711,2025-05-30,Kansas City Royals,Detroit Tigers,118,116,607625.0,663554.0,5,7,0
777714,2025-05-30,Houston Astros,Tampa Bay Rays,117,139,664285.0,686752.0,2,1,1
777710,2025-05-30,Arizona Diamondbacks,Washington Nationals,109,120,518876.0,663623.0,7,9,0
777707,2025-05-30,San Diego Padres,Pittsburgh Pirates,135,134,601713.0,656605.0,3,2,1
777713,2025-05-30,Seattle Mariners,Minnesota Twins,136,142,693433.0,805673.0,6,12,0
777708,2025-05-30,Los Angeles Dodgers,New York Yankees,119,147,664062.0,608331.0,8,5,1
777704,2025-05-31,Chicago Cubs,Cincinnati Reds,112,113,519141.0,666157.0,2,0,1
777701,2025-05-31,Toronto Blue Jays,Athletics,141,133,680755.0,680684.0,8,7,1
777697,2025-05-31,Texas Rangers,St. Louis Cardinals,140,138,571578.0,543243.0,0,2,0
777699,2025-05-31,Baltimore Orioles,Chicago White Sox,110,145,665152.0,663436.0,4,2,1
777702,2025-05-31,Philadelphia Phillies,Milwaukee Brewers,143,158,666200.0,694477.0,7,17,0
777703,2025-05-31,Cleveland Guardians,Los Angeles Angels,114,108,677944.0,543294.0,7,5,1
777694,2025-05-31,Kansas City Royals,Detroit Tigers,118,116,608379.0,669373.0,1,0,1
777700,2025-05-31,New York Mets,Colorado Rockies,121,115,673540.0,622608.0,8,2,1
777693,2025-05-31,Houston Astros,Tampa Bay Rays,117,139,676467.0,641793.0,3,16,0
777706,2025-05-31,Atlanta Braves,Boston Red Sox,144,111,680885.0,621111.0,5,0,1
777705,2025-05-31,Miami Marlins,San Francisco Giants,146,137,665795.0,592662.0,1,0,1
777695,2025-05-31,Seattle Mariners,Minnesota Twins,136,142,682243.0,641927.0,5,4,1
777698,2025-05-31,Los Angeles Dodgers,New York Yankees,119,147,689017.0,701542.0,18,2,1
777691,2025-05-31,San Diego Padres,Pittsburgh Pirates,135,134,656302.0,663559.0,0,5,0
777696,2025-05-31,Arizona Diamondbacks,Washington Nationals,109,120,694297.0,647336.0,7,11,0
777678,2025-06-01,Texas Rangers,St. Louis Cardinals,140,138,594798.0,607200.0,8,1,1
777692,2025-06-01,Atlanta Braves,Boston Red Sox,144,111,693821.0,676979.0,1,3,0
777684,2025-06-01,Baltimore Orioles,Chicago White Sox,110,145,450203.0,605288.0,3,2,1
777688,2025-06-01,Philadelphia Phillies,Milwaukee Brewers,143,158,624133.0,500779.0,2,5,0
777685,2025-06-01,Toronto Blue Jays,Athletics,141,133,592332.0,676664.0,8,4,1
777683,2025-06-01,Cleveland Guardians,Los Angeles Angels,114,108,668909.0,686799.0,4,2,1
777686,2025-06-01,New York Mets,Colorado Rockies,121,115,605280.0,687223.0,5,3,1
777689,2025-06-01,Miami Marlins,San Francisco Giants,146,137,677960.0,806185.0,2,4,0
777677,2025-06-01,Kansas City Royals,Detroit Tigers,118,116,663460.0,672456.0,0,1,0
777690,2025-06-01,Houston Astros,Tampa Bay Rays,117,139,686613.0,671737.0,1,0,1
777687,2025-06-01,Chicago Cubs,Cincinnati Reds,112,113,592791.0,607259.0,7,3,1
777679,2025-06-01,Arizona Diamondbacks,Washington Nationals,109,120,669203.0,680730.0,3,1,1
777680,2025-06-01,Seattle Mariners,Minnesota Twins,136,142,622491.0,663978.0,2,1,1
777681,2025-06-01,San Diego Padres,Pittsburgh Pirates,135,134,681190.0,571760.0,6,4,1
777682,2025-06-01,Los Angeles Dodgers,New York Yankees,119,147,808967.0,642232.0,3,7,0
777673,2025-06-02,Miami Marlins,Colorado Rockies,146,115,676974.0,608566.0,4,6,0
777670,2025-06-02,Boston Red Sox,Los Angeles Angels,111,108,690916.0,542881.0,6,7,0
777671,2025-06-02,Cincinnati Reds,Milwaukee Brewers,113,158,663903.0,650644.0,2,3,0
777674,2025-06-02,Chicago White Sox,Detroit Tigers,145,116,686563.0,656427.0,1,13,0
777676,2025-06-02,San Francisco Giants,San Diego Padres,137,135,657277.0,663568.0,0,1,0
777669,2025-06-02,Athletics,Minnesota Twins,133,142,622663.0,657746.0,4,10,0
777675,2025-06-02,Los Angeles Dodgers,New York Mets,119,121,669160.0,621112.0,3,4,0
777663,2025-06-03,Pittsburgh Pirates,Houston Astros,134,117,694973.0,621121.0,0,3,0
777666,2025-06-03,Miami Marlins,Colorado Rockies,146,115,645261.0,801403.0,2,3,0
777659,2025-06-03,Washington Nationals,Chicago Cubs,120,112,592866.0,690990.0,3,8,0
777664,2025-06-03,New York Yankees,Cleveland Guardians,147,114,607074.0,676440.0,3,2,1
777665,2025-06-03,Toronto Blue Jays,Philadelphia Phillies,141,143,670102.0,650911.0,3,8,0
777667,2025-06-03,Boston Red Sox,Los Angeles Angels,111,108,678394.0,579328.0,3,4,0
777668,2025-06-03,Cincinnati Reds,Milwaukee Brewers,113,158,668881.0,642547.0,4,2,1
777672,2025-06-03,Atlanta Braves,Arizona Diamondbacks,144,109,675911.0,668678.0,3,8,0
777662,2025-06-03,Tampa Bay Rays,Texas Rangers,139,140,656876.0,641816.0,5,1,1
777661,2025-06-03,Chicago White Sox,Detroit Tigers,145,116,681343.0,689225.0,8,1,1
777660,2025-06-03,St. Louis Cardinals,Kansas City Royals,138,118,669467.0,547179.0,7,10,0
777655,2025-06-03,Seattle Mariners,Baltimore Orioles,136,110,669923.0,608372.0,1,5,0
777656,2025-06-03,San Francisco Giants,San Diego Padres,137,135,694738.0,686701.0,2,3,0
777658,2025-06-03,Athletics,Minnesota Twins,133,142,680880.0,641154.0,3,10,0
777657,2025-06-03,Los Angeles Dodgers,New York Mets,119,121,477132.0,656731.0,6,5,1
777652,2025-06-04,Miami Marlins,Colorado Rockies,146,115,615698.0,607536.0,2,3,0
777647,2025-06-04,Cincinnati Reds,Milwaukee Brewers,113,158,671096.0,669084.0,1,9,0
777649,2025-06-04,Boston Red Sox,Los Angeles Angels,111,108,608337.0,667755.0,11,9,1
777648,2025-06-04,Pittsburgh Pirates,Houston Astros,134,117,681347.0,687473.0,3,0,1
777650,2025-06-04,Washington Nationals,Chicago Cubs,120,112,669022.0,571510.0,2,0,1
777653,2025-06-04,New York Yankees,Cleveland Guardians,147,114,657376.0,682847.0,0,4,0
777651,2025-06-04,Toronto Blue Jays,Philadelphia Phillies,141,143,621244.0,690953.0,2,1,1
777654,2025-06-04,Atlanta Braves,Arizona Diamondbacks,144,109,519242.0,518876.0,1,2,0
777646,2025-06-04,Tampa Bay Rays,Texas Rangers,139,140,669358.0,677958.0,5,4,1
777639,2025-06-04,Chicago White Sox,Detroit Tigers,145,116,694363.0,687830.0,4,5,0
777645,2025-06-04,Seattle Mariners,Baltimore Orioles,136,110,676106.0,700249.0,2,3,0
777641,2025-06-04,San Francisco Giants,San Diego Padres,137,135,690986.0,601713.0,6,5,1
777643,2025-06-04,Athletics,Minnesota Twins,133,142,,805673.0,1,6,0
777638,2025-06-04,Los Angeles Dodgers,New York Mets,119,121,664062.0,656288.0,1,6,0
777640,2025-06-05,Atlanta Braves,Arizona Diamondbacks,144,109,656550.0,694297.0,10,11,0
777635,2025-06-05,St. Louis Cardinals,Kansas City Royals,138,118,669461.0,666142.0,5,7,0
777634,2025-06-05,Chicago White Sox,Detroit Tigers,145,116,680732.0,663554.0,3,2,1
777637,2025-06-05,Toronto Blue Jays,Philadelphia Phillies,141,143,605135.0,666200.0,9,1,1
777636,2025-06-05,Athletics,Minnesota Twins,133,142,687765.0,701581.0,14,3,1
777628,2025-06-05,Seattle Mariners,Baltimore Orioles,136,110,693433.0,621107.0,3,4,0
777633,2025-06-05,San Francisco Giants,San Diego Padres,137,135,592662.0,656302.0,3,2,1
777631,2025-06-05,Los Angeles Dodgers,New York Mets,119,121,689017.0,656849.0,6,5,1
777630,2025-06-05,Pittsburgh Pirates,Houston Astros,134,117,656605.0,664285.0,2,8,0
777632,2025-06-05,Washington Nationals,Chicago Cubs,120,112,663623.0,519141.0,1,7,0
777644,2025-06-05,New York Yankees,Cleveland Guardians,147,114,608331.0,677944.0,4,0,1
777629,2025-06-05,Tampa Bay Rays,Texas Rangers,139,140,686752.0,683004.0,4,3,1
777625,2025-06-06,Tampa Bay Rays,Miami Marlins,139,146,641793.0,665795.0,4,3,1
777621,2025-06-06,Pittsburgh Pirates,Philadelphia Phillies,134,143,663559.0,605452.0,5,4,1
777624,2025-06-06,Washington Nationals,Texas Rangers,120,140,647336.0,571578.0,2,0,1
777627,2025-06-06,New York Yankees,Boston Red Sox,147,111,701542.0,621111.0,9,6,1
777623,2025-06-06,Cincinnati Reds,Arizona Diamondbacks,113,109,666157.0,593958.0,4,3,1
777626,2025-06-06,Detroit Tigers,Chicago Cubs,116,112,669373.0,676962.0,3,1,1
777622,2025-06-06,Cleveland Guardians,Houston Astros,114,117,671106.0,676467.0,2,4,0
777618,2025-06-06,Chicago White Sox,Kansas City Royals,145,118,663436.0,607625.0,7,2,1
777615,2025-06-06,Minnesota Twins,Toronto Blue Jays,142,141,641927.0,687606.0,4,6,0
777617,2025-06-06,Milwaukee Brewers,San Diego Padres,158,135,694477.0,681190.0,0,2,0
777620,2025-06-06,St. Louis Cardinals,Los Angeles Dodgers,138,119,543243.0,680736.0,5,0,1
777616,2025-06-06,Colorado Rockies,New York Mets,115,121,669020.0,673540.0,2,4,0
777614,2025-06-06,Los Angeles Angels,Seattle Mariners,108,136,543294.0,682243.0,5,4,1
777613,2025-06-06,Athletics,Baltimore Orioles,133,110,676664.0,665152.0,5,4,1
777619,2025-06-06,San Francisco Giants,Atlanta Braves,137,144,806185.0,680885.0,5,4,1
777609,2025-06-07,Detroit Tigers,Chicago Cubs,116,112,663947.0,592791.0,1,6,0
777600,2025-06-07,Minnesota Twins,Toronto Blue Jays,142,141,663978.0,592332.0,4,5,0
777601,2025-06-07,St. Louis Cardinals,Los Angeles Dodgers,138,119,607200.0,808967.0,2,1,1
777610,2025-06-07,Washington Nationals,Texas Rangers,120,140,680730.0,594798.0,0,5,0
777607,2025-06-07,Pittsburgh Pirates,Philadelphia Phillies,134,143,571760.0,624133.0,2,1,1
777598,2025-06-07,San Francisco Giants,Atlanta Braves,137,144,657277.0,693821.0,3,2,1
777612,2025-06-07,Cincinnati Reds,Arizona Diamondbacks,113,109,607259.0,669194.0,13,1,1
777608,2025-06-07,Cleveland Guardians,Houston Astros,114,117,668909.0,686613.0,3,5,0
777606,2025-06-07,Chicago White Sox,Kansas City Royals,145,118,605288.0,608379.0,4,1,1
777611,2025-06-07,Tampa Bay Rays,Miami Marlins,139,146,671737.0,677960.0,10,11,0
777605,2025-06-07,New York Yankees,Boston Red Sox,147,111,642232.0,676979.0,7,10,0
777597,2025-06-07,Milwaukee Brewers,San Diego Padres,158,135,500779.0,663568.0,4,3,1
777603,2025-06-07,Los Angeles Angels,Seattle Mariners,108,136,686799.0,622491.0,8,6,1
777604,2025-06-07,Colorado Rockies,New York Mets,115,121,608566.0,605280.0,1,8,0
777599,2025-06-07,Athletics,Baltimore Orioles,133,110,622663.0,450203.0,4,7,0
777592,2025-06-08,Tampa Bay Rays,Miami Marlins,139,146,656876.0,685107.0,3,2,1
777586,2025-06-08,Milwaukee Brewers,San Diego Padres,158,135,642547.0,686701.0,0,1,0
777596,2025-06-08,Washington Nationals,Texas Rangers,120,140,592866.0,656641.0,2,4,0
777595,2025-06-08,Pittsburgh Pirates,Philadelphia Phillies,134,143,694973.0,650911.0,2,1,1
777602,2025-06-08,Cincinnati Reds,Arizona Diamondbacks,113,109,663903.0,668678.0,4,2,1
777594,2025-06-08,Detroit Tigers,Chicago Cubs,116,112,656427.0,690990.0,4,0,1
777591,2025-06-08,Cleveland Guardians,Houston Astros,114,117,676440.0,687888.0,4,2,1
777585,2025-06-08,Minnesota Twins,Toronto Blue Jays,142,141,657746.0,670102.0,6,3,1
777590,2025-06-08,Chicago White Sox,Kansas City Royals,145,118,678024.0,547179.0,5,7,0
777582,2025-06-08,St. Louis Cardinals,Los Angeles Dodgers,138,119,700241.0,477132.0,3,7,0
777583,2025-06-08,Colorado Rockies,New York Mets,115,121,801403.0,656731.0,5,13,0
777588,2025-06-08,Athletics,Baltimore Orioles,133,110,682052.0,608372.0,5,1,1
777587,2025-06-08,San Francisco Giants,Atlanta Braves,137,144,694738.0,675911.0,4,3,1
777589,2025-06-08,Los Angeles Angels,Seattle Mariners,108,136,542881.0,669923.0,2,3,0
777593,2025-06-08,New York Yankees,Boston Red Sox,147,111,607074.0,690928.0,7,11,0
777580,2025-06-09,Cleveland Guardians,Cincinnati Reds,114,113,682847.0,489119.0,4,7,0
777574,2025-06-09,Pittsburgh Pirates,Miami Marlins,134,146,681347.0,691587.0,10,3,1
777578,2025-06-09,Philadelphia Phillies,Chicago Cubs,143,112,554430.0,571510.0,4,3,1
777584,2025-06-09,Boston Red Sox,Tampa Bay Rays,111,139,678394.0,669358.0,8,10,0
777575,2025-06-09,Milwaukee Brewers,Atlanta Braves,158,144,650644.0,519242.0,1,7,0
777581,2025-06-09,St. Louis Cardinals,Toronto Blue Jays,138,141,669467.0,621244.0,4,5,0
777576,2025-06-09,Los Angeles Angels,Athletics,108,133,579328.0,680880.0,7,4,1
777579,2025-06-09,San Diego Padres,Los Angeles Dodgers,135,119,601713.0,669160.0,7,8,0
777577,2025-06-09,Arizona Diamondbacks,Seattle Mariners,109,136,518876.0,676106.0,8,4,1
777573,2025-06-10,Baltimore Orioles,Detroit Tigers,110,116,700249.0,676428.0,3,5,0
777569,2025-06-10,Cleveland Guardians,Cincinnati Reds,114,113,677944.0,671096.0,0,1,0
777566,2025-06-10,Pittsburgh Pirates,Miami Marlins,134,146,656605.0,645261.0,2,3,0
777571,2025-06-10,Philadelphia Phillies,Chicago Cubs,143,112,690953.0,607067.0,4,8,0
777570,2025-06-10,New York Mets,Washington Nationals,121,120,656288.0,669022.0,5,4,1
777565,2025-06-10,Boston Red Sox,Tampa Bay Rays,111,139,608337.0,686752.0,3,1,1
777557,2025-06-10,Minnesota Twins,Texas Rangers,142,140,680573.0,641816.0,4,16,0
777572,2025-06-10,Kansas City Royals,New York Yankees,118,147,702070.0,608331.0,2,10,0
777568,2025-06-10,Milwaukee Brewers,Atlanta Braves,158,144,682990.0,656550.0,4,1,1
777558,2025-06-10,St. Louis Cardinals,Toronto Blue Jays,138,141,571945.0,605135.0,9,10,0
777567,2025-06-10,Houston Astros,Chicago White Sox,117,145,621121.0,681343.0,2,4,0
777563,2025-06-10,Colorado Rockies,San Francisco Giants,115,137,687223.0,690986.0,5,6,0
777564,2025-06-10,Los Angeles Angels,Athletics,108,133,667755.0,687765.0,2,1,1
777560,2025-06-10,San Diego Padres,Los Angeles Dodgers,135,119,656302.0,642152.0,11,1,1
777559,2025-06-10,Arizona Diamondbacks,Seattle Mariners,109,136,694297.0,688138.0,10,3,1
777552,2025-06-11,Pittsburgh Pirates,Miami Marlins,134,146,663559.0,615698.0,5,2,1
777553,2025-06-11,Philadelphia Phillies,Chicago Cubs,143,112,666200.0,676962.0,7,2,1
777549,2025-06-11,Cleveland Guardians,Cincinnati Reds,114,113,671106.0,666157.0,11,2,1
777554,2025-06-11,Milwaukee Brewers,Atlanta Braves,158,144,694477.0,680885.0,2,6,0
777545,2025-06-11,St. Louis Cardinals,Toronto Blue Jays,138,141,669461.0,641778.0,2,5,0
777548,2025-06-11,Arizona Diamondbacks,Seattle Mariners,109,136,593958.0,693433.0,5,2,1
777542,2025-06-11,Los Angeles Angels,Athletics,108,133,543294.0,676664.0,6,5,1
777543,2025-06-11,San Diego Padres,Los Angeles Dodgers,135,119,681190.0,676508.0,2,5,0
777562,2025-06-11,Baltimore Orioles,Detroit Tigers,110,116,621107.0,663554.0,10,1,1
777555,2025-06-11,New York Mets,Washington Nationals,121,120,656849.0,663623.0,5,0,1
777561,2025-06-11,Boston Red Sox,Tampa Bay Rays,111,139,621111.0,641793.0,4,3,1
777556,2025-06-11,Minnesota Twins,Texas Rangers,142,140,701581.0,683004.0,6,2,1
777551,2025-06-11,Kansas City Royals,New York Yankees,118,147,663460.0,657376.0,3,6,0
777550,2025-06-11,Houston Astros,Chicago White Sox,117,145,687473.0,680732.0,10,2,1
777547,2025-06-11,Colorado Rockies,San Francisco Giants,115,137,607536.0,592662.0,7,10,0
777544,2025-06-12,New York Mets,Washington Nationals,121,120,673540.0,647336.0,4,3,1
777533,2025-06-12,Minnesota Twins,Texas Rangers,142,140,641927.0,571578.0,3,16,0
777534,2025-06-12,Colorado Rockies,San Francisco Giants,115,137,622608.0,806185.0,8,7,1
777540,2025-06-12,Baltimore Orioles,Detroit Tigers,110,116,669211.0,669373.0,1,4,0
777536,2025-06-12,Kansas City Royals,New York Yankees,118,147,607625.0,701542.0,0,1,0
777532,2025-06-12,Milwaukee Brewers,St. Louis Cardinals,158,138,694819.0,543243.0,6,0,1
777541,2025-06-12,Chicago Cubs,Pittsburgh Pirates,112,134,592791.0,571760.0,3,2,1
777546,2025-06-12,Houston Astros,Chicago White Sox,117,145,664285.0,663436.0,4,3,1
777526,2025-06-13,Chicago Cubs,Pittsburgh Pirates,112,134,690990.0,694973.0,1,2,0
777531,2025-06-13,Philadelphia Phillies,Toronto Blue Jays,143,141,624133.0,592332.0,8,0,1
777530,2025-06-13,Washington Nationals,Miami Marlins,120,146,680730.0,665795.0,9,11,0
777539,2025-06-13,Baltimore Orioles,Los Angeles Angels,110,108,450203.0,686799.0,2,0,1
777538,2025-06-13,Detroit Tigers,Cincinnati Reds,116,113,676428.0,607259.0,11,5,1
777528,2025-06-13,New York Mets,Tampa Bay Rays,121,139,605280.0,671737.0,5,7,0
777537,2025-06-13,Boston Red Sox,New York Yankees,111,147,676979.0,642232.0,2,1,1
777535,2025-06-13,Atlanta Braves,Colorado Rockies,144,115,693821.0,608566.0,12,4,1
777524,2025-06-13,Texas Rangers,Chicago White Sox,140,145,542888.0,605288.0,3,1,1
777529,2025-06-13,Kansas City Royals,Athletics,118,133,608379.0,622663.0,4,6,0
777527,2025-06-13,Houston Astros,Minnesota Twins,117,142,676467.0,663978.0,10,3,1
777525,2025-06-13,Milwaukee Brewers,St. Louis Cardinals,158,138,642547.0,607200.0,3,2,1
777521,2025-06-13,Arizona Diamondbacks,San Diego Padres,109,135,669194.0,663568.0,5,1,1
777520,2025-06-13,Seattle Mariners,Cleveland Guardians,136,114,622491.0,668909.0,7,2,1
777522,2025-06-13,Los Angeles Dodgers,San Francisco Giants,119,137,808967.0,657277.0,2,6,0
777514,2025-06-14,Washington Nationals,Miami Marlins,120,146,592866.0,806188.0,3,4,0
777517,2025-06-14,Detroit Tigers,Cincinnati Reds,116,113,656427.0,663903.0,1,11,0
777513,2025-06-14,Chicago Cubs,Pittsburgh Pirates,112,134,571510.0,681347.0,2,1,1
777519,2025-06-14,Baltimore Orioles,Los Angeles Angels,110,108,608372.0,542881.0,6,5,1
777509,2025-06-14,Philadelphia Phillies,Toronto Blue Jays,143,141,650911.0,670102.0,3,2,1
777508,2025-06-14,Texas Rangers,Chicago White Sox,140,145,594798.0,678024.0,5,4,1
777511,2025-06-14,Kansas City Royals,Athletics,118,133,547179.0,682052.0,0,4,0
777518,2025-06-14,New York Mets,Tampa Bay Rays,121,139,656731.0,656876.0,4,8,0
777510,2025-06-14,Houston Astros,Minnesota Twins,117,142,686613.0,657746.0,3,2,1
777523,2025-06-14,Atlanta Braves,Colorado Rockies,144,115,675911.0,801403.0,4,1,1
777512,2025-06-14,Milwaukee Brewers,St. Louis Cardinals,158,138,500779.0,669467.0,5,8,0
777515,2025-06-14,Arizona Diamondbacks,San Diego Padres,109,135,668678.0,686701.0,8,7,1
777516,2025-06-14,Boston Red Sox,New York Yankees,111,147,690928.0,607074.0,4,3,1
777507,2025-06-14,Seattle Mariners,Cleveland Guardians,136,114,669923.0,676440.0,4,3,1
777506,2025-06-14,Los Angeles Dodgers,San Francisco Giants,119,137,477132.0,694738.0,11,5,1
777505,2025-06-15,Detroit Tigers,Cincinnati Reds,116,113,663947.0,489119.0,4,8,0
777501,2025-06-15,Baltimore Orioles,Los Angeles Angels,110,108,656240.0,579328.0,11,2,1
777499,2025-06-15,Philadelphia Phillies,Toronto Blue Jays,143,141,554430.0,621244.0,11,4,1
777504,2025-06-15,Atlanta Braves,Colorado Rockies,144,115,656550.0,596295.0,1,10,0
777503,2025-06-15,Washington Nationals,Miami Marlins,120,146,669022.0,691587.0,1,3,0
777500,2025-06-15,Boston Red Sox,New York Yankees,111,147,678394.0,608331.0,2,0,1
777502,2025-06-15,New York Mets,Tampa Bay Rays,121,139,656288.0,669358.0,0,9,0
777496,2025-06-15,Kansas City Royals,Athletics,118,133,702070.0,605488.0,2,3,0
777494,2025-06-15,Houston Astros,Minnesota Twins,117,142,687888.0,680573.0,2,1,1
777492,2025-06-15,Milwaukee Brewers,St. Louis Cardinals,158,138,682990.0,571945.0,3,2,1
777497,2025-06-15,Chicago Cubs,Pittsburgh Pirates,112,134,607067.0,656605.0,3,2,1
777493,2025-06-15,Texas Rangers,Chicago White Sox,140,145,677958.0,650644.0,2,1,1
777491,2025-06-15,Arizona Diamondbacks,San Diego Padres,109,135,518876.0,601713.0,2,8,0
777495,2025-06-15,Seattle Mariners,Cleveland Guardians,136,114,676106.0,682847.0,6,0,1
777498,2025-06-15,Los Angeles Dodgers,San Francisco Giants,119,137,669160.0,663546.0,5,4,1
777483,2025-06-16,Miami Marlins,Philadelphia Phillies,146,143,645261.0,690953.0,2,5,0
777488,2025-06-16,Washington Nationals,Colorado Rockies,120,115,663623.0,687223.0,4,6,0
777487,2025-06-16,New York Yankees,Los Angeles Angels,147,108,657376.0,667755.0,0,1,0
777484,2025-06-16,Tampa Bay Rays,Baltimore Orioles,139,110,686752.0,621107.0,7,1,1
777486,2025-06-16,Seattle Mariners,Boston Red Sox,136,111,669302.0,608337.0,0,2,0
777485,2025-06-16,Athletics,Houston Astros,133,117,687765.0,687473.0,3,1,1
777490,2025-06-16,Los Angeles Dodgers,San Diego Padres,119,135,660271.0,656302.0,6,3,1
777481,2025-06-17,Miami Marlins,Philadelphia Phillies,146,143,615698.0,666200.0,8,3,1
777475,2025-06-17,Detroit Tigers,Pittsburgh Pirates,116,134,663554.0,663559.0,7,3,1
777480,2025-06-17,Washington Nationals,Colorado Rockies,120,115,647336.0,622608.0,6,10,0
777476,2025-06-17,New York Yankees,Los Angeles Angels,147,108,701542.0,543294.0,0,4,0
777479,2025-06-17,Toronto Blue Jays,Arizona Diamondbacks,141,109,605135.0,694297.0,5,4,1
777478,2025-06-17,Cincinnati Reds,Minnesota Twins,113,142,671096.0,701581.0,6,5,1
777489,2025-06-17,Atlanta Braves,New York Mets,144,121,680885.0,656849.0,5,4,1
777477,2025-06-17,Tampa Bay Rays,Baltimore Orioles,139,110,641793.0,665152.0,1,5,0
777467,2025-06-17,Chicago White Sox,St. Louis Cardinals,145,138,681343.0,669461.0,2,12,0
777468,2025-06-17,Texas Rangers,Kansas City Royals,140,118,683004.0,607625.0,1,6,0
777482,2025-06-17,Chicago Cubs,Milwaukee Brewers,112,158,676962.0,694477.0,5,3,1
777473,2025-06-17,Seattle Mariners,Boston Red Sox,136,111,693433.0,621111.0,8,0,1
777472,2025-06-17,San Francisco Giants,Cleveland Guardians,137,114,592662.0,677944.0,2,3,0
777469,2025-06-17,Athletics,Houston Astros,133,117,676664.0,669920.0,3,13,0
777471,2025-06-17,Los Angeles Dodgers,San Diego Padres,119,135,676263.0,681190.0,8,6,1
777453,2025-06-18,Seattle Mariners,Boston Red Sox,136,111,622491.0,676979.0,1,3,0
777465,2025-06-18,Miami Marlins,Philadelphia Phillies,146,143,800049.0,624133.0,2,4,0
777461,2025-06-18,Washington Nationals,Colorado Rockies,120,115,680730.0,608566.0,1,3,0
777466,2025-06-18,New York Yankees,Los Angeles Angels,147,108,642232.0,686799.0,2,3,0
777462,2025-06-18,Toronto Blue Jays,Arizona Diamondbacks,141,109,641778.0,593958.0,8,1,1
777474,2025-06-18,Cincinnati Reds,Minnesota Twins,113,142,666157.0,641927.0,4,2,1
777470,2025-06-18,Atlanta Braves,New York Mets,144,121,519242.0,621112.0,5,0,1
777463,2025-06-18,Tampa Bay Rays,Baltimore Orioles,139,110,671737.0,669432.0,12,8,1
777460,2025-06-18,Texas Rangers,Kansas City Royals,140,118,571578.0,663460.0,3,6,0
777454,2025-06-18,San Francisco Giants,Cleveland Guardians,137,114,434378.0,671106.0,2,4,0
777456,2025-06-18,Athletics,Houston Astros,133,117,622663.0,664285.0,4,11,0
777457,2025-06-18,Los Angeles Dodgers,San Diego Padres,119,135,686218.0,663568.0,4,3,1
777452,2025-06-19,Cincinnati Reds,Minnesota Twins,113,142,607259.0,663978.0,5,12,0
777445,2025-06-19,Washington Nationals,Colorado Rockies,120,115,592866.0,801403.0,4,3,1
777449,2025-06-19,New York Yankees,Los Angeles Angels,147,108,607074.0,542881.0,7,3,1
777451,2025-06-19,Detroit Tigers,Pittsburgh Pirates,116,134,669373.0,571760.0,9,2,1
777447,2025-06-19,Chicago White Sox,St. Louis Cardinals,145,138,680732.0,607200.0,4,5,0
777450,2025-06-19,Chicago Cubs,Milwaukee Brewers,112,158,592791.0,642547.0,7,8,0
777443,2025-06-19,Texas Rangers,Kansas City Royals,140,118,542888.0,608379.0,1,4,0
777448,2025-06-19,Toronto Blue Jays,Arizona Diamondbacks,141,109,592332.0,669194.0,5,9,0
777440,2025-06-19,San Francisco Giants,Cleveland Guardians,137,114,657277.0,668909.0,2,1,1
777444,2025-06-19,Miami Marlins,Philadelphia Phillies,146,143,665795.0,650911.0,1,2,0
777455,2025-06-19,Atlanta Braves,New York Mets,144,121,675911.0,605280.0,7,1,1
777446,2025-06-19,Tampa Bay Rays,Baltimore Orioles,139,110,656876.0,450203.0,1,4,0
777441,2025-06-19,Athletics,Houston Astros,133,117,682052.0,676467.0,6,4,1
777442,2025-06-19,Los Angeles Dodgers,San Diego Padres,119,135,808967.0,686701.0,3,5,0
777436,2025-06-20,Chicago Cubs,Seattle Mariners,112,136,571510.0,669923.0,4,9,0
777432,2025-06-20,Pittsburgh Pirates,Texas Rangers,134,140,681347.0,594798.0,2,6,0
777431,2025-06-20,Tampa Bay Rays,Detroit Tigers,139,116,669358.0,656427.0,14,8,1
777438,2025-06-20,New York Yankees,Baltimore Orioles,147,110,608331.0,608372.0,3,5,0
777435,2025-06-20,Toronto Blue Jays,Chicago White Sox,141,145,605513.0,691799.0,1,7,0
777439,2025-06-20,Miami Marlins,Atlanta Braves,146,144,676083.0,800311.0,6,2,1
777433,2025-06-20,St. Louis Cardinals,Cincinnati Reds,138,113,669467.0,663903.0,6,1,1
777437,2025-06-20,Philadelphia Phillies,New York Mets,143,121,554430.0,694918.0,10,2,1
777434,2025-06-20,Minnesota Twins,Milwaukee Brewers,142,158,657746.0,694819.0,6,17,0
777430,2025-06-20,Colorado Rockies,Arizona Diamondbacks,115,109,596295.0,668678.0,8,14,0
777428,2025-06-20,Los Angeles Angels,Houston Astros,108,117,579328.0,686613.0,2,3,0
777426,2025-06-20,San Diego Padres,Kansas City Royals,135,118,601713.0,547179.0,5,6,0
777429,2025-06-20,Athletics,Cleveland Guardians,133,114,605488.0,676440.0,5,1,1
777427,2025-06-20,Los Angeles Dodgers,Washington Nationals,119,120,477132.0,669022.0,6,5,1
777425,2025-06-20,San Francisco Giants,Boston Red Sox,137,111,806185.0,690928.0,5,7,0
777420,2025-06-21,Tampa Bay Rays,Detroit Tigers,139,116,686752.0,687830.0,8,3,1
777422,2025-06-21,New York Yankees,Baltimore Orioles,147,110,657376.0,621107.0,9,0,1
777412,2025-06-21,Minnesota Twins,Milwaukee Brewers,142,158,680573.0,500779.0,0,9,0
777415,2025-06-21,St. Louis Cardinals,Cincinnati Reds,138,113,543243.0,608718.0,6,5,1
777419,2025-06-21,Chicago Cubs,Seattle Mariners,112,136,690990.0,676106.0,10,7,1
777418,2025-06-21,Toronto Blue Jays,Chicago White Sox,141,145,621244.0,650644.0,7,1,1
777417,2025-06-21,San Francisco Giants,Boston Red Sox,137,111,694738.0,678394.0,3,2,1
777421,2025-06-21,Pittsburgh Pirates,Texas Rangers,134,140,656605.0,677958.0,2,3,0
777424,2025-06-21,Miami Marlins,Atlanta Braves,146,144,691587.0,656550.0,0,7,0
777413,2025-06-21,San Diego Padres,Kansas City Royals,135,118,656302.0,702070.0,5,1,1
777423,2025-06-21,Philadelphia Phillies,New York Mets,143,121,690953.0,656288.0,4,11,0
777410,2025-06-21,Colorado Rockies,Arizona Diamondbacks,115,109,687223.0,518876.0,3,5,0
777414,2025-06-21,Los Angeles Angels,Houston Astros,108,117,667755.0,687888.0,9,1,1
777411,2025-06-21,Athletics,Cleveland Guardians,133,114,687765.0,682847.0,2,4,0
777416,2025-06-21,Los Angeles Dodgers,Washington Nationals,119,120,669160.0,663623.0,3,7,0
777406,2025-06-22,New York Yankees,Baltimore Orioles,147,110,701542.0,665152.0,4,2,1
777409,2025-06-22,Tampa Bay Rays,Detroit Tigers,139,116,641793.0,663554.0,3,9,0
777404,2025-06-22,Pittsburgh Pirates,Texas Rangers,134,140,663559.0,683004.0,8,3,1
777408,2025-06-22,Toronto Blue Jays,Chicago White Sox,141,145,605135.0,605288.0,2,4,0
777402,2025-06-22,Miami Marlins,Atlanta Braves,146,144,645261.0,693821.0,5,3,1
777401,2025-06-22,Minnesota Twins,Milwaukee Brewers,142,158,543056.0,682990.0,8,9,0
777407,2025-06-22,St. Louis Cardinals,Cincinnati Reds,138,113,571945.0,671096.0,1,4,0
777403,2025-06-22,Chicago Cubs,Seattle Mariners,112,136,607067.0,669302.0,6,14,0
777399,2025-06-22,Colorado Rockies,Arizona Diamondbacks,115,109,622608.0,694297.0,4,2,1
777400,2025-06-22,Athletics,Cleveland Guardians,133,114,676664.0,677944.0,0,3,0
777395,2025-06-22,San Francisco Giants,Boston Red Sox,137,111,592662.0,608337.0,9,5,1
777397,2025-06-22,Los Angeles Angels,Houston Astros,108,117,543294.0,687473.0,7,8,0
777398,2025-06-22,Los Angeles Dodgers,Washington Nationals,119,120,660271.0,647336.0,13,7,1
777396,2025-06-22,San Diego Padres,Kansas City Royals,135,118,681190.0,607625.0,3,2,1
777405,2025-06-22,Philadelphia Phillies,New York Mets,143,121,666200.0,656849.0,7,1,1
777394,2025-06-23,Baltimore Orioles,Texas Rangers,110,140,669432.0,571578.0,6,0,1
777389,2025-06-23,New York Mets,Atlanta Braves,121,144,621112.0,680885.0,2,3,0
777390,2025-06-23,Cincinnati Reds,New York Yankees,113,147,666157.0,642216.0,6,1,1
777388,2025-06-23,Minnesota Twins,Seattle Mariners,142,136,641927.0,693433.0,2,11,0
777393,2025-06-23,Chicago White Sox,Arizona Diamondbacks,145,109,681343.0,593958.0,0,10,0
777391,2025-06-23,Milwaukee Brewers,Pittsburgh Pirates,158,134,694477.0,677952.0,4,5,0
777392,2025-06-23,St. Louis Cardinals,Chicago Cubs,138,112,669461.0,676962.0,8,2,1
777381,2025-06-23,Los Angeles Angels,Boston Red Sox,108,111,686799.0,621111.0,9,5,1
777382,2025-06-23,San Diego Padres,Washington Nationals,135,120,663568.0,680730.0,6,10,0
777380,2025-06-24,Baltimore Orioles,Texas Rangers,110,140,450203.0,656641.0,5,6,0
777386,2025-06-24,Detroit Tigers,Athletics,116,133,669373.0,622663.0,11,4,1
777384,2025-06-24,Cleveland Guardians,Toronto Blue Jays,114,141,671106.0,641778.0,6,10,0
777387,2025-06-24,New York Mets,Atlanta Braves,121,144,593423.0,675911.0,4,7,0
777385,2025-06-24,Cincinnati Reds,New York Yankees,113,147,695505.0,607074.0,5,4,1
777378,2025-06-24,Kansas City Royals,Tampa Bay Rays,118,139,663460.0,671737.0,1,5,0
777375,2025-06-24,Minnesota Twins,Seattle Mariners,142,136,663978.0,622491.0,5,6,0
777383,2025-06-24,Chicago White Sox,Arizona Diamondbacks,145,109,673929.0,669194.0,1,4,0
777374,2025-06-24,Milwaukee Brewers,Pittsburgh Pirates,158,134,642547.0,571760.0,9,3,1
777373,2025-06-24,St. Louis Cardinals,Chicago Cubs,138,112,700241.0,592791.0,8,7,1
777377,2025-06-24,Houston Astros,Philadelphia Phillies,117,143,664285.0,624133.0,1,0,1
777379,2025-06-24,Colorado Rockies,Los Angeles Dodgers,115,119,608566.0,676263.0,7,9,0
777376,2025-06-24,Los Angeles Angels,Boston Red Sox,108,111,542881.0,676979.0,3,2,1
777372,2025-06-24,San Diego Padres,Washington Nationals,135,120,686701.0,592866.0,4,3,1
777364,2025-06-24,San Francisco Giants,Miami Marlins,137,146,434378.0,615698.0,2,4,0
777370,2025-06-25,Chicago White Sox,Arizona Diamondbacks,145,109,680732.0,668678.0,7,3,1
777361,2025-06-25,Milwaukee Brewers,Pittsburgh Pirates,158,134,694819.0,694973.0,4,2,1
777362,2025-06-25,Los Angeles Angels,Boston Red Sox,108,111,579328.0,690916.0,5,2,1
777360,2025-06-25,San Diego Padres,Washington Nationals,135,120,601713.0,669022.0,1,0,1
777365,2025-06-25,Baltimore Orioles,Texas Rangers,110,140,687064.0,594798.0,0,7,0
777371,2025-06-25,Detroit Tigers,Athletics,116,133,656427.0,682052.0,0,3,0
777368,2025-06-25,Cleveland Guardians,Toronto Blue Jays,114,141,668909.0,453286.0,5,4,1
777369,2025-06-25,New York Mets,Atlanta Braves,121,144,605280.0,800311.0,7,3,1
777367,2025-06-25,Cincinnati Reds,New York Yankees,113,147,663903.0,608331.0,1,7,0
777359,2025-06-25,Kansas City Royals,Tampa Bay Rays,118,139,608379.0,656876.0,0,3,0
777363,2025-06-25,Minnesota Twins,Seattle Mariners,142,136,657746.0,669923.0,2,0,1
777357,2025-06-25,St. Louis Cardinals,Chicago Cubs,138,112,607200.0,571510.0,0,8,0
777366,2025-06-25,Houston Astros,Philadelphia Phillies,117,143,676467.0,554430.0,2,0,1
777358,2025-06-25,Colorado Rockies,Los Angeles Dodgers,115,119,801403.0,808967.0,1,8,0
777355,2025-06-25,San Francisco Giants,Miami Marlins,137,146,657277.0,665795.0,5,8,0
777351,2025-06-26,Detroit Tigers,Athletics,116,133,608650.0,605488.0,8,0,1
777354,2025-06-26,Cleveland Guardians,Toronto Blue Jays,114,141,676440.0,592332.0,0,6,0
777356,2025-06-26,Minnesota Twins,Seattle Mariners,142,136,680573.0,676106.0,10,1,1
777353,2025-06-26,Kansas City Royals,Tampa Bay Rays,118,139,547179.0,669358.0,0,4,0
777350,2025-06-26,Houston Astros,Philadelphia Phillies,117,143,686613.0,650911.0,2,1,1
777348,2025-06-26,St. Louis Cardinals,Chicago Cubs,138,112,669467.0,684007.0,0,3,0
777344,2025-06-26,Colorado Rockies,Los Angeles Dodgers,115,119,596295.0,477132.0,1,3,0
777347,2025-06-26,San Francisco Giants,Miami Marlins,137,146,806185.0,676083.0,5,12,0
777352,2025-06-26,New York Mets,Atlanta Braves,121,144,656288.0,656550.0,4,0,1
777341,2025-06-27,Pittsburgh Pirates,New York Mets,134,121,656605.0,656849.0,9,1,1
777343,2025-06-27,Baltimore Orioles,Tampa Bay Rays,110,139,608372.0,686752.0,22,8,1
777337,2025-06-27,New York Yankees,Athletics,147,133,701542.0,687765.0,3,0,1
777346,2025-06-27,Cincinnati Reds,San Diego Padres,113,135,607259.0,656302.0,8,1,1
777349,2025-06-27,Cleveland Guardians,St. Louis Cardinals,114,138,682847.0,543243.0,0,5,0
777345,2025-06-27,Boston Red Sox,Toronto Blue Jays,111,141,678394.0,621244.0,0,9,0
777334,2025-06-27,Detroit Tigers,Minnesota Twins,116,142,687830.0,701581.0,1,4,0
777342,2025-06-27,Atlanta Braves,Philadelphia Phillies,144,143,693821.0,690953.0,0,13,0
777338,2025-06-27,Chicago White Sox,San Francisco Giants,145,137,650644.0,694738.0,1,3,0
777340,2025-06-27,Texas Rangers,Seattle Mariners,140,136,543135.0,669302.0,6,7,0
777336,2025-06-27,Houston Astros,Chicago Cubs,117,112,687888.0,690990.0,7,4,1
777335,2025-06-27,Kansas City Royals,Los Angeles Dodgers,118,119,702070.0,669160.0,4,5,0
777339,2025-06-27,Milwaukee Brewers,Colorado Rockies,158,115,500779.0,607536.0,10,6,1
777331,2025-06-27,Los Angeles Angels,Washington Nationals,108,120,667755.0,663623.0,9,15,0
777332,2025-06-27,Arizona Diamondbacks,Miami Marlins,109,146,518876.0,691587.0,8,9,0
777326,2025-06-28,New York Yankees,Athletics,147,133,657376.0,676664.0,0,7,0
777324,2025-06-28,Detroit Tigers,Minnesota Twins,116,142,663554.0,641927.0,10,5,1
777325,2025-06-28,Pittsburgh Pirates,New York Mets,134,121,663559.0,621112.0,9,2,1
777330,2025-06-28,Baltimore Orioles,Tampa Bay Rays,110,139,621107.0,641793.0,3,11,0
777322,2025-06-28,Texas Rangers,Seattle Mariners,140,136,677958.0,693433.0,3,2,1
777319,2025-06-28,Kansas City Royals,Los Angeles Dodgers,118,119,607625.0,660271.0,9,5,1
777328,2025-06-28,Cincinnati Reds,San Diego Padres,113,135,671096.0,681190.0,4,6,0
777329,2025-06-28,Cleveland Guardians,St. Louis Cardinals,114,138,677944.0,571945.0,6,9,0
777323,2025-06-28,Boston Red Sox,Toronto Blue Jays,111,141,608337.0,605135.0,15,1,1
777327,2025-06-28,Chicago White Sox,San Francisco Giants,145,137,605288.0,592662.0,1,0,1
777318,2025-06-28,Arizona Diamondbacks,Miami Marlins,109,146,694297.0,645261.0,7,8,0
777321,2025-06-28,Milwaukee Brewers,Colorado Rockies,158,115,682990.0,622608.0,5,0,1
777320,2025-06-28,Houston Astros,Chicago Cubs,117,112,621121.0,607067.0,3,12,0
777333,2025-06-28,Atlanta Braves,Philadelphia Phillies,144,143,680885.0,666200.0,6,1,1
777315,2025-06-28,Los Angeles Angels,Washington Nationals,108,120,543294.0,647336.0,8,2,1
777309,2025-06-29,Cleveland Guardians,St. Louis Cardinals,114,138,671106.0,669461.0,0,7,0
777313,2025-06-29,Pittsburgh Pirates,New York Mets,134,121,681347.0,593423.0,12,1,1
777317,2025-06-29,Baltimore Orioles,Tampa Bay Rays,110,139,665152.0,671737.0,5,1,1
777310,2025-06-29,Boston Red Sox,Toronto Blue Jays,111,141,621111.0,641778.0,3,5,0
777316,2025-06-29,Atlanta Braves,Philadelphia Phillies,144,143,675911.0,624133.0,1,2,0
777307,2025-06-29,New York Yankees,Athletics,147,133,573186.0,622663.0,12,5,1
777312,2025-06-29,Cincinnati Reds,San Diego Padres,113,135,666157.0,663568.0,3,2,1
777308,2025-06-29,Houston Astros,Chicago Cubs,117,112,664285.0,592791.0,2,0,1
777304,2025-06-29,Kansas City Royals,Los Angeles Dodgers,118,119,663460.0,642152.0,1,5,0
777311,2025-06-29,Chicago White Sox,San Francisco Giants,145,137,686563.0,434378.0,5,2,1
777301,2025-06-29,Milwaukee Brewers,Colorado Rockies,158,115,694477.0,608566.0,3,4,0
777302,2025-06-29,Texas Rangers,Seattle Mariners,140,136,683004.0,622491.0,4,6,0
777305,2025-06-29,Los Angeles Angels,Washington Nationals,108,120,686799.0,680730.0,4,7,0
777303,2025-06-29,Arizona Diamondbacks,Miami Marlins,109,146,593958.0,615698.0,4,6,0
777314,2025-06-29,Detroit Tigers,Minnesota Twins,116,142,669373.0,663978.0,3,0,1
777306,2025-06-30,Philadelphia Phillies,San Diego Padres,143,135,554430.0,663362.0,4,0,1
777299,2025-06-30,Pittsburgh Pirates,St. Louis Cardinals,134,138,571760.0,607200.0,7,0,1
777295,2025-06-30,Toronto Blue Jays,New York Yankees,141,147,453286.0,607074.0,5,4,1
777300,2025-06-30,Boston Red Sox,Cincinnati Reds,111,113,676979.0,695505.0,13,6,1
777296,2025-06-30,Tampa Bay Rays,Athletics,139,133,656876.0,682052.0,4,6,0
777292,2025-06-30,Texas Rangers,Baltimore Orioles,140,110,571578.0,669432.0,6,10,0
777297,2025-06-30,Seattle Mariners,Kansas City Royals,136,118,669923.0,608379.0,6,2,1
777291,2025-06-30,Arizona Diamondbacks,San Francisco Giants,109,137,669194.0,657277.0,4,2,1
777283,2025-07-01,Toronto Blue Jays,New York Yankees,141,147,592332.0,608331.0,12,5,1
777288,2025-07-01,Pittsburgh Pirates,St. Louis Cardinals,134,138,694973.0,669467.0,1,0,1
777293,2025-07-01,Miami Marlins,Minnesota Twins,146,142,665795.0,657746.0,2,0,1
777286,2025-07-01,Tampa Bay Rays,Athletics,139,133,669358.0,605488.0,3,4,0
777294,2025-07-01,Boston Red Sox,Cincinnati Reds,111,113,690916.0,663903.0,5,3,1
777298,2025-07-01,Atlanta Braves,Los Angeles Angels,144,108,656550.0,542881.0,0,4,0
777287,2025-07-01,Chicago Cubs,Cleveland Guardians,112,114,571510.0,668909.0,5,2,1
777282,2025-07-01,Texas Rangers,Baltimore Orioles,140,110,594798.0,687064.0,10,2,1
777285,2025-07-01,Colorado Rockies,Houston Astros,115,117,801403.0,676467.0,5,6,0
777281,2025-07-01,Seattle Mariners,Kansas City Royals,136,118,676106.0,547179.0,3,6,0
777278,2025-07-01,Arizona Diamondbacks,San Francisco Giants,109,137,668678.0,806185.0,8,2,1
777280,2025-07-01,Los Angeles Dodgers,Chicago White Sox,119,145,808967.0,681343.0,6,1,1
777271,2025-07-02,Tampa Bay Rays,Athletics,139,133,686752.0,687765.0,6,5,1
777272,2025-07-02,Pittsburgh Pirates,St. Louis Cardinals,134,138,656605.0,543243.0,5,0,1
777265,2025-07-02,Washington Nationals,Detroit Tigers,120,116,669022.0,656427.0,9,4,1
777273,2025-07-02,Philadelphia Phillies,San Diego Padres,143,135,690953.0,601713.0,4,6,0
777276,2025-07-02,New York Mets,Milwaukee Brewers,121,158,623211.0,694819.0,7,3,1
777275,2025-07-02,Miami Marlins,Minnesota Twins,146,142,676083.0,680573.0,1,2,0
777274,2025-07-02,Toronto Blue Jays,New York Yankees,141,147,621244.0,701542.0,11,9,1
777277,2025-07-02,Boston Red Sox,Cincinnati Reds,111,113,657514.0,607259.0,4,8,0
777279,2025-07-02,Atlanta Braves,Los Angeles Angels,144,108,800311.0,579328.0,8,3,1
777266,2025-07-02,Chicago Cubs,Cleveland Guardians,112,114,684007.0,676440.0,5,4,1
777268,2025-07-02,Texas Rangers,Baltimore Orioles,140,110,543135.0,608372.0,6,0,1
777269,2025-07-02,Colorado Rockies,Houston Astros,115,117,596295.0,686613.0,3,5,0
777262,2025-07-02,Seattle Mariners,Kansas City Royals,136,118,669302.0,702070.0,3,2,1
777270,2025-07-02,Arizona Diamondbacks,San Francisco Giants,109,137,518876.0,694738.0,5,6,0
777267,2025-07-02,Los Angeles Dodgers,Chicago White Sox,119,145,477132.0,685126.0,5,4,1
777263,2025-07-03,Miami Marlins,Minnesota Twins,146,142,691587.0,701581.0,4,1,1
777264,2025-07-03,Colorado Rockies,Houston Astros,115,117,607536.0,687888.0,7,6,1
777258,2025-07-03,Washington Nationals,Detroit Tigers,120,116,663623.0,608650.0,11,7,1
777260,2025-07-03,Toronto Blue Jays,New York Yankees,141,147,605135.0,657376.0,8,5,1
777257,2025-07-03,New York Mets,Milwaukee Brewers,121,158,656849.0,500779.0,3,2,1
777261,2025-07-03,Atlanta Braves,Los Angeles Angels,144,108,693821.0,667755.0,1,5,0
777259,2025-07-03,Chicago Cubs,Cleveland Guardians,112,114,690990.0,676282.0,1,0,1
777256,2025-07-03,Arizona Diamondbacks,San Francisco Giants,109,137,694297.0,592662.0,2,7,0
777251,2025-07-03,Seattle Mariners,Kansas City Royals,136,118,688138.0,607625.0,2,3,0
777253,2025-07-03,Los Angeles Dodgers,Chicago White Sox,119,145,669160.0,650644.0,6,2,1
777245,2025-07-04,Washington Nationals,Boston Red Sox,120,111,647336.0,608337.0,2,11,0
777255,2025-07-04,Philadelphia Phillies,Cincinnati Reds,143,113,666200.0,671096.0,6,9,0
777246,2025-07-04,Chicago Cubs,St. Louis Cardinals,112,138,607067.0,571945.0,11,3,1
777250,2025-07-04,New York Mets,New York Yankees,121,147,663795.0,573186.0,6,5,1
777236,2025-07-04,Seattle Mariners,Pittsburgh Pirates,136,134,693433.0,663559.0,6,0,1
777247,2025-07-04,Minnesota Twins,Tampa Bay Rays,142,139,663978.0,641793.0,4,3,1
777239,2025-07-04,San Diego Padres,Texas Rangers,135,140,681190.0,677958.0,3,2,1
777242,2025-07-04,Toronto Blue Jays,Los Angeles Angels,141,108,641778.0,543294.0,4,3,1
777249,2025-07-04,Cleveland Guardians,Detroit Tigers,114,116,677944.0,681857.0,1,2,0
777254,2025-07-04,Miami Marlins,Milwaukee Brewers,146,158,645261.0,682990.0,5,6,0
777252,2025-07-04,Atlanta Braves,Baltimore Orioles,144,110,675911.0,450203.0,2,3,0
777243,2025-07-04,Colorado Rockies,Chicago White Sox,115,145,622608.0,605288.0,2,3,0
777235,2025-07-04,Los Angeles Dodgers,Houston Astros,119,117,676508.0,621121.0,1,18,0
777248,2025-07-04,Arizona Diamondbacks,Kansas City Royals,109,118,593958.0,663460.0,3,9,0
777244,2025-07-04,Athletics,San Francisco Giants,133,137,676664.0,434378.0,11,2,1
777230,2025-07-05,Minnesota Twins,Tampa Bay Rays,142,139,663485.0,671737.0,6,5,1
777229,2025-07-05,Chicago Cubs,St. Louis Cardinals,112,138,519141.0,669461.0,6,8,0
777231,2025-07-05,Toronto Blue Jays,Los Angeles Angels,141,108,453286.0,686799.0,4,3,1
777228,2025-07-05,Washington Nationals,Boston Red Sox,120,111,680730.0,621111.0,3,10,0
777233,2025-07-05,Philadelphia Phillies,Cincinnati Reds,143,113,624133.0,666157.0,5,1,1
777234,2025-07-05,Arizona Diamondbacks,Kansas City Royals,109,118,669194.0,608379.0,7,1,1
777237,2025-07-05,Atlanta Braves,Baltimore Orioles,144,110,607481.0,665152.0,6,9,0
777241,2025-07-05,New York Mets,New York Yankees,121,147,593423.0,607074.0,12,6,1
777238,2025-07-05,Miami Marlins,Milwaukee Brewers,146,158,615698.0,694477.0,4,2,1
777240,2025-07-05,Cleveland Guardians,Detroit Tigers,114,116,671106.0,663554.0,0,1,0
777221,2025-07-05,Los Angeles Dodgers,Houston Astros,119,117,660271.0,664285.0,4,6,0
777232,2025-07-05,Colorado Rockies,Chicago White Sox,115,145,608566.0,686563.0,3,10,0
777223,2025-07-05,San Diego Padres,Texas Rangers,135,140,663568.0,571578.0,4,7,0
777227,2025-07-05,Athletics,San Francisco Giants,133,137,622663.0,657277.0,2,7,0
777225,2025-07-05,Seattle Mariners,Pittsburgh Pirates,136,134,622491.0,681347.0,1,0,1
777222,2025-07-06,Atlanta Braves,Baltimore Orioles,144,110,656550.0,669432.0,1,2,0
777213,2025-07-06,Washington Nationals,Boston Red Sox,120,111,829272.0,676979.0,4,6,0
777217,2025-07-06,Philadelphia Phillies,Cincinnati Reds,143,113,554430.0,695505.0,3,1,1
777214,2025-07-06,Toronto Blue Jays,Los Angeles Angels,141,108,592332.0,542881.0,3,2,1
777226,2025-07-06,Cleveland Guardians,Detroit Tigers,114,116,668909.0,669373.0,2,7,0
777216,2025-07-06,New York Mets,New York Yankees,121,147,606965.0,608331.0,4,6,0
777224,2025-07-06,Miami Marlins,Milwaukee Brewers,146,158,665795.0,605540.0,1,3,0
777220,2025-07-06,Minnesota Twins,Tampa Bay Rays,142,139,657746.0,656876.0,5,7,0
777215,2025-07-06,Colorado Rockies,Chicago White Sox,115,145,801403.0,681343.0,6,4,1
777218,2025-07-06,Arizona Diamondbacks,Kansas City Royals,109,118,543101.0,547179.0,0,4,0
777206,2025-07-06,Los Angeles Dodgers,Houston Astros,119,117,686218.0,687473.0,1,5,0
777205,2025-07-06,Seattle Mariners,Pittsburgh Pirates,136,134,669923.0,694973.0,1,0,1
777219,2025-07-06,Chicago Cubs,St. Louis Cardinals,112,138,571510.0,607200.0,11,0,1
777207,2025-07-06,San Diego Padres,Texas Rangers,135,140,688158.0,683004.0,4,1,1
777210,2025-07-06,Athletics,San Francisco Giants,133,137,682052.0,806185.0,2,6,0
777211,2025-07-07,Detroit Tigers,Tampa Bay Rays,116,139,672456.0,669358.0,5,1,1
777209,2025-07-07,Boston Red Sox,Colorado Rockies,111,115,690916.0,596295.0,9,3,1
777208,2025-07-07,Cincinnati Reds,Miami Marlins,113,146,663903.0,676083.0,1,5,0
777204,2025-07-07,Kansas City Royals,Pittsburgh Pirates,118,134,702070.0,571760.0,9,3,1
777212,2025-07-07,Chicago White Sox,Toronto Blue Jays,145,141,680732.0,621244.0,4,8,0
777201,2025-07-07,Milwaukee Brewers,Los Angeles Dodgers,158,119,642547.0,808967.0,9,1,1
777202,2025-07-07,Houston Astros,Cleveland Guardians,117,114,676467.0,676440.0,5,7,0
777200,2025-07-07,Los Angeles Angels,Texas Rangers,108,140,579328.0,594798.0,6,5,1
777203,2025-07-07,San Diego Padres,Arizona Diamondbacks,135,109,506433.0,668678.0,3,6,0
777199,2025-07-07,San Francisco Giants,Philadelphia Phillies,137,143,694738.0,650911.0,3,1,1
777198,2025-07-08,Baltimore Orioles,New York Mets,110,121,687064.0,605280.0,6,7,0
777195,2025-07-08,Detroit Tigers,Tampa Bay Rays,116,139,656427.0,686752.0,4,2,1
777187,2025-07-08,New York Yankees,Seattle Mariners,147,136,701542.0,669302.0,10,3,1
777196,2025-07-08,Boston Red Sox,Colorado Rockies,111,115,678394.0,607536.0,10,2,1
777197,2025-07-08,Cincinnati Reds,Miami Marlins,113,146,607259.0,691587.0,2,12,0
777194,2025-07-08,Kansas City Royals,Pittsburgh Pirates,118,134,607625.0,656605.0,4,3,1
777190,2025-07-08,Minnesota Twins,Chicago Cubs,142,112,680573.0,684007.0,8,1,1
777188,2025-07-08,Chicago White Sox,Toronto Blue Jays,145,141,650644.0,605135.0,1,6,0
777193,2025-07-08,Milwaukee Brewers,Los Angeles Dodgers,158,119,694819.0,477132.0,3,1,1
777191,2025-07-08,St. Louis Cardinals,Washington Nationals,138,120,543243.0,663623.0,4,2,1
777192,2025-07-08,Houston Astros,Cleveland Guardians,117,114,686613.0,676282.0,6,10,0
777180,2025-07-08,Los Angeles Angels,Texas Rangers,108,140,667755.0,543135.0,1,13,0
777185,2025-07-08,San Diego Padres,Arizona Diamondbacks,135,109,601713.0,518876.0,1,0,1
777186,2025-07-08,San Francisco Giants,Philadelphia Phillies,137,143,592662.0,592836.0,4,3,1
777189,2025-07-08,Athletics,Atlanta Braves,133,144,605488.0,800311.0,10,1,1
777172,2025-07-09,Chicago White Sox,Toronto Blue Jays,145,141,605288.0,641778.0,2,1,1
777175,2025-07-09,Milwaukee Brewers,Los Angeles Dodgers,158,119,500779.0,607192.0,3,2,1
777163,2025-07-09,San Francisco Giants,Philadelphia Phillies,137,143,434378.0,666200.0,0,13,0
777182,2025-07-09,Detroit Tigers,Tampa Bay Rays,116,139,681857.0,641793.0,3,7,0
777184,2025-07-09,New York Yankees,Seattle Mariners,147,136,693645.0,688138.0,9,6,1
777179,2025-07-09,Boston Red Sox,Colorado Rockies,111,115,608337.0,622608.0,10,2,1
777183,2025-07-09,Cincinnati Reds,Miami Marlins,113,146,671096.0,645261.0,7,2,1
777177,2025-07-09,Kansas City Royals,Pittsburgh Pirates,118,134,663460.0,663559.0,4,3,1
777173,2025-07-09,Minnesota Twins,Chicago Cubs,142,112,701581.0,690990.0,4,2,1
777178,2025-07-09,St. Louis Cardinals,Washington Nationals,138,120,669467.0,669022.0,2,8,0
777174,2025-07-09,Houston Astros,Cleveland Guardians,117,114,687888.0,677944.0,2,4,0
777171,2025-07-09,Los Angeles Angels,Texas Rangers,108,140,543294.0,677958.0,11,8,1
777162,2025-07-09,San Diego Padres,Arizona Diamondbacks,135,109,656302.0,694297.0,2,8,0
777176,2025-07-09,Athletics,Atlanta Braves,133,144,687765.0,693821.0,2,9,0
777165,2025-07-10,Baltimore Orioles,New York Mets,110,121,450203.0,656849.0,3,1,1
777166,2025-07-10,Minnesota Twins,Chicago Cubs,142,112,663978.0,607067.0,1,8,0
777168,2025-07-10,Cincinnati Reds,Miami Marlins,113,146,666157.0,615698.0,6,0,1
777169,2025-07-10,New York Yankees,Seattle Mariners,147,136,573186.0,693433.0,6,5,1
777170,2025-07-10,Boston Red Sox,Tampa Bay Rays,111,139,621111.0,671737.0,4,3,1
777167,2025-07-10,St. Louis Cardinals,Washington Nationals,138,120,571945.0,647336.0,8,1,1
777156,2025-07-10,Athletics,Atlanta Braves,133,144,676664.0,675911.0,5,4,1
777159,2025-07-10,Los Angeles Angels,Texas Rangers,108,140,686799.0,571578.0,4,11,0
777158,2025-07-10,San Diego Padres,Arizona Diamondbacks,135,109,681190.0,593958.0,4,3,1
777146,2025-07-11,Chicago White Sox,Cleveland Guardians,145,114,686563.0,668909.0,5,4,1
777157,2025-07-11,Baltimore Orioles,Miami Marlins,110,146,665152.0,665795.0,5,2,1
777153,2025-07-11,New York Yankees,Chicago Cubs,147,112,607074.0,623167.0,11,0,1
777160,2025-07-11,Cincinnati Reds,Colorado Rockies,113,115,695505.0,608566.0,2,3,0
777161,2025-07-11,Detroit Tigers,Seattle Mariners,116,136,669373.0,622491.0,3,12,0
777155,2025-07-11,Boston Red Sox,Tampa Bay Rays,111,139,690928.0,656876.0,5,4,1
777151,2025-07-11,Kansas City Royals,New York Mets,118,121,608379.0,673540.0,3,8,0
777154,2025-07-11,Houston Astros,Texas Rangers,117,140,621121.0,683004.0,3,7,0
777148,2025-07-11,Minnesota Twins,Pittsburgh Pirates,142,134,657746.0,694973.0,2,1,1
777149,2025-07-11,Milwaukee Brewers,Washington Nationals,158,120,669084.0,680730.0,8,3,1
777147,2025-07-11,St. Louis Cardinals,Atlanta Braves,138,144,669461.0,656550.0,5,6,0
777150,2025-07-11,Los Angeles Angels,Arizona Diamondbacks,108,109,542881.0,669194.0,6,5,1
777139,2025-07-11,San Diego Padres,Philadelphia Phillies,135,143,686701.0,624133.0,4,2,1
777152,2025-07-11,Athletics,Toronto Blue Jays,133,141,622663.0,453286.0,6,7,0
777143,2025-07-11,San Francisco Giants,Los Angeles Dodgers,137,119,657277.0,669160.0,8,7,1
777142,2025-07-12,New York Yankees,Chicago Cubs,147,112,608331.0,571510.0,2,5,0
777145,2025-07-12,Detroit Tigers,Seattle Mariners,116,136,663554.0,669923.0,7,15,0
777134,2025-07-12,Minnesota Twins,Pittsburgh Pirates,142,134,663485.0,681347.0,12,4,1
777133,2025-07-12,St. Louis Cardinals,Atlanta Braves,138,144,607200.0,,6,7,0
777127,2025-07-12,San Francisco Giants,Los Angeles Dodgers,137,119,694738.0,660271.0,1,2,0
777141,2025-07-12,Baltimore Orioles,Miami Marlins,110,146,669432.0,676083.0,0,6,0
777140,2025-07-12,Cincinnati Reds,Colorado Rockies,113,115,663903.0,687134.0,4,3,1
777136,2025-07-12,Kansas City Royals,New York Mets,118,121,672582.0,593423.0,1,3,0
777144,2025-07-12,Boston Red Sox,Tampa Bay Rays,111,139,676979.0,669358.0,1,0,1
777138,2025-07-12,Chicago White Sox,Cleveland Guardians,145,114,680732.0,676440.0,2,6,0
777135,2025-07-12,Milwaukee Brewers,Washington Nationals,158,120,605540.0,829272.0,6,5,1
777137,2025-07-12,Houston Astros,Texas Rangers,117,140,664285.0,594798.0,5,4,1
777126,2025-07-12,San Diego Padres,Philadelphia Phillies,135,143,506433.0,554430.0,5,4,1
777131,2025-07-12,Los Angeles Angels,Arizona Diamondbacks,108,109,579328.0,668678.0,10,5,1
777132,2025-07-12,Athletics,Toronto Blue Jays,133,141,682052.0,592332.0,4,3,1
777130,2025-07-13,Boston Red Sox,Tampa Bay Rays,111,139,678394.0,686752.0,4,1,1
777129,2025-07-13,Baltimore Orioles,Miami Marlins,110,146,687064.0,691587.0,1,11,0
777122,2025-07-13,New York Yankees,Chicago Cubs,147,112,701542.0,684007.0,1,4,0
777128,2025-07-13,Cincinnati Reds,Colorado Rockies,113,115,607259.0,596295.0,4,2,1
777121,2025-07-13,Detroit Tigers,Seattle Mariners,116,136,656427.0,669302.0,4,8,0
777124,2025-07-13,Kansas City Royals,New York Mets,118,121,702070.0,605280.0,3,2,1
777125,2025-07-13,Houston Astros,Texas Rangers,117,140,686613.0,543135.0,1,5,0
777113,2025-07-13,Minnesota Twins,Pittsburgh Pirates,142,134,680573.0,656605.0,1,2,0
777120,2025-07-13,Chicago White Sox,Cleveland Guardians,145,114,650644.0,676282.0,5,6,0
777123,2025-07-13,Milwaukee Brewers,Washington Nationals,158,120,642547.0,663623.0,8,1,1
777118,2025-07-13,St. Louis Cardinals,Atlanta Braves,138,144,543243.0,669721.0,5,4,1
777119,2025-07-13,San Francisco Giants,Los Angeles Dodgers,137,119,592662.0,808967.0,2,5,0
777116,2025-07-13,Athletics,Toronto Blue Jays,133,141,605488.0,621244.0,6,3,1
777115,2025-07-13,Los Angeles Angels,Arizona Diamondbacks,108,109,667755.0,518876.0,1,5,0
777117,2025-07-13,San Diego Padres,Philadelphia Phillies,135,143,601713.0,650911.0,1,2,0
778566,2025-07-15,National League All-Stars,American League All-Stars,160,159,694973.0,669373.0,7,6,1
777101,2025-07-18,Chicago Cubs,Boston Red Sox,112,111,607067.0,608337.0,4,1,1
777107,2025-07-18,Pittsburgh Pirates,Chicago White Sox,134,145,663559.0,686563.0,1,10,0
777112,2025-07-18,Washington Nationals,San Diego Padres,120,135,647336.0,656302.0,2,7,0
777106,2025-07-18,Philadelphia Phillies,Los Angeles Angels,143,108,666200.0,666171.0,5,6,0
777108,2025-07-18,Toronto Blue Jays,San Francisco Giants,141,137,605135.0,434378.0,4,0,1
777111,2025-07-18,New York Mets,Cincinnati Reds,121,113,640455.0,666157.0,4,8,0
777105,2025-07-18,Cleveland Guardians,Athletics,114,133,677944.0,676664.0,8,6,1
777109,2025-07-18,Miami Marlins,Kansas City Royals,146,118,645261.0,607625.0,8,7,1
777114,2025-07-18,Atlanta Braves,New York Yankees,144,147,675911.0,641656.0,7,3,1
777110,2025-07-18,Tampa Bay Rays,Baltimore Orioles,139,110,671737.0,450203.0,11,1,1
777098,2025-07-18,Texas Rangers,Detroit Tigers,140,116,571578.0,681857.0,2,0,1
777102,2025-07-18,Colorado Rockies,Minnesota Twins,115,142,607536.0,663978.0,6,4,1
777100,2025-07-18,Arizona Diamondbacks,St. Louis Cardinals,109,138,694297.0,669467.0,7,3,1
777099,2025-07-18,Seattle Mariners,Houston Astros,136,117,622491.0,687888.0,6,1,1
777103,2025-07-18,Los Angeles Dodgers,Milwaukee Brewers,119,158,607192.0,682990.0,0,2,0
777094,2025-07-19,Toronto Blue Jays,San Francisco Giants,141,137,641778.0,657277.0,6,3,1
777092,2025-07-19,New York Mets,Cincinnati Reds,121,113,605280.0,607259.0,2,5,0
777093,2025-07-19,Miami Marlins,Kansas City Royals,146,118,615698.0,608379.0,3,1,1
777089,2025-07-19,Philadelphia Phillies,Los Angeles Angels,143,108,592836.0,579328.0,9,5,1
777090,2025-07-19,Pittsburgh Pirates,Chicago White Sox,134,145,681347.0,605288.0,4,10,0
777091,2025-07-19,Washington Nationals,San Diego Padres,120,135,680730.0,506433.0,4,2,1
777095,2025-07-19,Tampa Bay Rays,Baltimore Orioles,139,110,641793.0,665152.0,4,3,1
777088,2025-07-19,Texas Rangers,Detroit Tigers,140,116,677958.0,672456.0,4,1,1
777104,2025-07-19,Cleveland Guardians,Athletics,114,133,671106.0,622663.0,2,8,0
777096,2025-07-19,Chicago Cubs,Boston Red Sox,112,111,684007.0,678394.0,6,0,1
777081,2025-07-19,Arizona Diamondbacks,St. Louis Cardinals,109,138,669194.0,543243.0,10,1,1
777097,2025-07-19,Atlanta Braves,New York Yankees,144,147,666214.0,701542.0,9,12,0
777080,2025-07-19,Colorado Rockies,Minnesota Twins,115,142,622608.0,805673.0,10,6,1
777085,2025-07-19,Los Angeles Dodgers,Milwaukee Brewers,119,158,686218.0,642547.0,7,8,0
777086,2025-07-19,Seattle Mariners,Houston Astros,136,117,688138.0,621121.0,7,6,1
777079,2025-07-20,Toronto Blue Jays,San Francisco Giants,141,137,621244.0,592662.0,8,6,1
777076,2025-07-20,Tampa Bay Rays,Baltimore Orioles,139,110,686752.0,669432.0,3,5,0
777077,2025-07-20,Washington Nationals,San Diego Padres,120,135,669022.0,601713.0,1,8,0
777078,2025-07-20,Philadelphia Phillies,Los Angeles Angels,143,108,624133.0,667755.0,2,8,0
777074,2025-07-20,Pittsburgh Pirates,Chicago White Sox,134,145,571760.0,650644.0,2,7,0
777083,2025-07-20,Atlanta Braves,New York Yankees,144,147,656550.0,573186.0,2,4,0
777087,2025-07-20,New York Mets,Cincinnati Reds,121,113,656849.0,671096.0,3,2,1
777084,2025-07-20,Cleveland Guardians,Athletics,114,133,668909.0,605488.0,8,2,1
777082,2025-07-20,Miami Marlins,Kansas City Royals,146,118,676083.0,663460.0,4,7,0
777075,2025-07-20,Chicago Cubs,Boston Red Sox,112,111,690990.0,676979.0,1,6,0
777072,2025-07-20,Colorado Rockies,Minnesota Twins,115,142,608566.0,657746.0,1,7,0
777067,2025-07-20,Seattle Mariners,Houston Astros,136,117,693433.0,686613.0,3,11,0
777071,2025-07-20,Arizona Diamondbacks,St. Louis Cardinals,109,138,518876.0,571945.0,5,3,1
777070,2025-07-20,Los Angeles Dodgers,Milwaukee Brewers,119,158,477132.0,500779.0,5,6,0
777073,2025-07-20,Texas Rangers,Detroit Tigers,140,116,656641.0,669373.0,1,2,0
777068,2025-07-21,Cleveland Guardians,Baltimore Orioles,114,110,676440.0,608372.0,10,5,1
777060,2025-07-21,Pittsburgh Pirates,Detroit Tigers,134,116,694973.0,656427.0,3,0,1
777062,2025-07-21,Miami Marlins,San Diego Padres,146,135,691587.0,681190.0,1,2,0
777064,2025-07-21,Washington Nationals,Cincinnati Reds,120,113,663623.0,663903.0,10,8,1
777063,2025-07-21,Philadelphia Phillies,Boston Red Sox,143,111,554430.0,621111.0,3,2,1
777066,2025-07-21,Toronto Blue Jays,New York Yankees,141,147,592332.0,607074.0,4,1,1
777061,2025-07-21,New York Mets,Los Angeles Angels,121,108,673540.0,542881.0,7,5,1
777069,2025-07-21,Atlanta Braves,San Francisco Giants,144,137,693821.0,806185.0,9,5,1
777059,2025-07-21,Tampa Bay Rays,Chicago White Sox,139,145,669358.0,680732.0,3,8,0
777065,2025-07-21,Chicago Cubs,Kansas City Royals,112,118,518489.0,702070.0,4,12,0
777057,2025-07-21,Texas Rangers,Athletics,140,133,683004.0,682052.0,7,2,1
777053,2025-07-21,Colorado Rockies,St. Louis Cardinals,115,138,596295.0,700241.0,2,6,0
777055,2025-07-21,Arizona Diamondbacks,Houston Astros,109,117,668678.0,676467.0,3,6,0
777050,2025-07-21,Seattle Mariners,Milwaukee Brewers,136,158,669923.0,605540.0,0,6,0
777051,2025-07-21,Los Angeles Dodgers,Minnesota Twins,119,142,660271.0,701581.0,5,2,1
777056,2025-07-22,Cleveland Guardians,Baltimore Orioles,114,110,676282.0,687064.0,6,3,1
777044,2025-07-22,Pittsburgh Pirates,Detroit Tigers,134,116,656605.0,663554.0,8,5,1
777052,2025-07-22,Miami Marlins,San Diego Padres,146,135,665795.0,663568.0,4,3,1
777042,2025-07-22,Washington Nationals,Cincinnati Reds,120,113,695418.0,695505.0,6,1,1
777045,2025-07-22,Philadelphia Phillies,Boston Red Sox,143,111,650911.0,690916.0,4,1,1
777048,2025-07-22,Tampa Bay Rays,Chicago White Sox,139,145,656876.0,663436.0,4,3,1
777046,2025-07-22,Toronto Blue Jays,New York Yankees,141,147,453286.0,693645.0,4,5,0
777054,2025-07-22,New York Mets,Los Angeles Angels,121,108,593423.0,543294.0,3,2,1
777058,2025-07-22,Atlanta Braves,San Francisco Giants,144,137,669721.0,694738.0,0,9,0
777047,2025-07-22,Chicago Cubs,Kansas City Royals,112,118,571510.0,448179.0,6,0,1
777043,2025-07-22,Texas Rangers,Athletics,140,133,594798.0,669372.0,6,2,1
777049,2025-07-22,Colorado Rockies,St. Louis Cardinals,115,138,687134.0,607200.0,8,4,1
777040,2025-07-22,Arizona Diamondbacks,Houston Astros,109,117,593958.0,664285.0,1,3,0
777035,2025-07-22,Seattle Mariners,Milwaukee Brewers,136,158,669302.0,694819.0,1,0,1
777039,2025-07-22,Los Angeles Dodgers,Minnesota Twins,119,142,808967.0,680573.0,7,10,0
777026,2025-07-23,Washington Nationals,Cincinnati Reds,120,113,647336.0,666157.0,0,5,0
777037,2025-07-23,Miami Marlins,San Diego Padres,146,135,645261.0,656302.0,3,2,1
777041,2025-07-23,Atlanta Braves,San Francisco Giants,144,137,675911.0,434378.0,3,9,0
777029,2025-07-23,Pittsburgh Pirates,Detroit Tigers,134,116,663559.0,675512.0,6,1,1
777034,2025-07-23,New York Mets,Los Angeles Angels,121,108,640455.0,656271.0,6,3,1
777031,2025-07-23,Chicago Cubs,Kansas City Royals,112,118,607067.0,607625.0,4,8,0
777028,2025-07-23,Colorado Rockies,St. Louis Cardinals,115,138,685299.0,669467.0,6,0,1
777032,2025-07-23,Arizona Diamondbacks,Houston Astros,109,117,694297.0,687888.0,3,4,0
777024,2025-07-23,Seattle Mariners,Milwaukee Brewers,136,158,622491.0,682990.0,2,10,0
777022,2025-07-23,Los Angeles Dodgers,Minnesota Twins,119,142,607192.0,663978.0,4,3,1
777036,2025-07-23,Cleveland Guardians,Baltimore Orioles,114,110,677944.0,621107.0,3,2,1
777027,2025-07-23,Toronto Blue Jays,New York Yankees,141,147,605135.0,608331.0,8,4,1
777038,2025-07-23,Philadelphia Phillies,Boston Red Sox,143,111,666200.0,608337.0,8,9,0
777030,2025-07-23,Tampa Bay Rays,Chicago White Sox,139,145,671737.0,686563.0,9,11,0
777033,2025-07-23,Texas Rangers,Athletics,140,133,571578.0,676664.0,2,1,1
777019,2025-07-24,Cleveland Guardians,Baltimore Orioles,114,110,671106.0,450203.0,3,4,0
777021,2025-07-24,Detroit Tigers,Toronto Blue Jays,116,141,681857.0,641778.0,4,11,0
777023,2025-07-24,St. Louis Cardinals,San Diego Padres,138,135,543243.0,506433.0,9,7,1
777025,2025-07-24,Houston Astros,Athletics,117,133,669920.0,622663.0,2,5,0
777018,2025-07-24,Los Angeles Angels,Seattle Mariners,108,136,579328.0,688138.0,2,4,0
777008,2025-07-25,Milwaukee Brewers,Miami Marlins,158,146,642547.0,615698.0,1,5,0
777014,2025-07-25,Pittsburgh Pirates,Arizona Diamondbacks,134,109,681347.0,669194.0,0,1,0
777020,2025-07-25,Baltimore Orioles,Colorado Rockies,110,115,665152.0,607536.0,5,6,0
777015,2025-07-25,New York Yankees,Philadelphia Phillies,147,143,701542.0,592836.0,5,12,0
777012,2025-07-25,Boston Red Sox,Los Angeles Dodgers,111,119,678394.0,686218.0,2,5,0
777013,2025-07-25,Cincinnati Reds,Tampa Bay Rays,113,139,607259.0,641793.0,7,2,1
777016,2025-07-25,Detroit Tigers,Toronto Blue Jays,116,141,672456.0,621244.0,2,6,0
777005,2025-07-25,St. Louis Cardinals,San Diego Padres,138,135,571945.0,601713.0,3,0,1
777017,2025-07-25,Chicago White Sox,Chicago Cubs,145,112,605288.0,684007.0,12,5,1
777009,2025-07-25,Texas Rangers,Atlanta Braves,140,144,543135.0,666214.0,8,3,1
777007,2025-07-25,Houston Astros,Athletics,117,133,687473.0,605488.0,3,15,0
777011,2025-07-25,Minnesota Twins,Washington Nationals,142,120,805673.0,669022.0,1,0,1
777006,2025-07-25,Los Angeles Angels,Seattle Mariners,108,136,667755.0,693433.0,3,2,1
777004,2025-07-25,San Francisco Giants,New York Mets,137,121,657277.0,605280.0,1,8,0
777001,2025-07-26,New York Yankees,Philadelphia Phillies,147,143,573186.0,624133.0,4,9,0
776990,2025-07-26,Kansas City Royals,Cleveland Guardians,118,114,663460.0,676440.0,4,6,0
777003,2025-07-26,Detroit Tigers,Toronto Blue Jays,116,141,669373.0,592332.0,1,6,0
777002,2025-07-26,Pittsburgh Pirates,Arizona Diamondbacks,134,109,571760.0,518876.0,2,0,1
777000,2025-07-26,Cincinnati Reds,Tampa Bay Rays,113,139,671096.0,686752.0,6,2,1
776999,2025-07-26,Baltimore Orioles,Colorado Rockies,110,115,669432.0,622608.0,18,0,1
776993,2025-07-26,Texas Rangers,Atlanta Braves,140,144,677958.0,656550.0,6,5,1
776991,2025-07-26,Houston Astros,Athletics,117,133,686613.0,682052.0,1,5,0
776997,2025-07-26,Minnesota Twins,Washington Nationals,142,120,657746.0,680730.0,3,9,0
776994,2025-07-26,Chicago White Sox,Chicago Cubs,145,112,650644.0,690990.0,1,6,0
776996,2025-07-26,Milwaukee Brewers,Miami Marlins,158,146,500779.0,676083.0,4,7,0
776998,2025-07-26,Boston Red Sox,Los Angeles Dodgers,111,119,676979.0,477132.0,4,2,1
776992,2025-07-26,St. Louis Cardinals,San Diego Padres,138,135,669461.0,681190.0,1,3,0
776985,2025-07-26,San Francisco Giants,New York Mets,137,121,592662.0,656849.0,1,2,0
776995,2025-07-26,Los Angeles Angels,Seattle Mariners,108,136,542881.0,669923.0,2,7,0
776986,2025-07-27,Baltimore Orioles,Colorado Rockies,110,115,608372.0,596295.0,5,1,1
776983,2025-07-27,Boston Red Sox,Los Angeles Dodgers,111,119,621111.0,669160.0,4,3,1
776984,2025-07-27,Pittsburgh Pirates,Arizona Diamondbacks,134,109,694973.0,668678.0,6,0,1
776988,2025-07-27,New York Yankees,Philadelphia Phillies,147,143,607074.0,554430.0,4,3,1
776982,2025-07-27,Cincinnati Reds,Tampa Bay Rays,113,139,663903.0,669358.0,2,1,1
776987,2025-07-27,Detroit Tigers,Toronto Blue Jays,116,141,656427.0,453286.0,10,4,1
776975,2025-07-27,Kansas City Royals,Cleveland Guardians,118,114,702070.0,676282.0,4,1,1
776976,2025-07-27,Houston Astros,Athletics,117,133,676467.0,669372.0,1,7,0
776979,2025-07-27,Minnesota Twins,Washington Nationals,142,120,663485.0,663623.0,2,7,0
776989,2025-07-27,Chicago White Sox,Chicago Cubs,145,112,691799.0,676962.0,4,5,0
776978,2025-07-27,Milwaukee Brewers,Miami Marlins,158,146,605540.0,691587.0,3,2,1
776980,2025-07-27,St. Louis Cardinals,San Diego Padres,138,135,700241.0,663568.0,2,9,0
776981,2025-07-27,Texas Rangers,Atlanta Braves,140,144,683004.0,693821.0,8,1,1
776977,2025-07-27,Los Angeles Angels,Seattle Mariners,108,136,543294.0,669302.0,4,1,1
776974,2025-07-27,San Francisco Giants,New York Mets,137,121,657424.0,673540.0,3,5,0
776966,2025-07-28,Baltimore Orioles,Toronto Blue Jays,110,141,621107.0,605135.0,11,4,1
776968,2025-07-28,Cleveland Guardians,Colorado Rockies,114,115,677944.0,687134.0,6,8,0
776973,2025-07-28,Detroit Tigers,Arizona Diamondbacks,116,109,675512.0,593958.0,5,1,1
776970,2025-07-28,New York Yankees,Tampa Bay Rays,147,139,693645.0,656876.0,2,4,0
776967,2025-07-28,Cincinnati Reds,Los Angeles Dodgers,113,119,695505.0,808967.0,2,5,0
776961,2025-07-28,Minnesota Twins,Boston Red Sox,142,111,680573.0,690916.0,5,4,1
776971,2025-07-28,Kansas City Royals,Atlanta Braves,118,144,448179.0,675911.0,7,10,0
776972,2025-07-28,Chicago White Sox,Philadelphia Phillies,145,143,663436.0,650911.0,6,2,1
776965,2025-07-28,Milwaukee Brewers,Chicago Cubs,158,112,694819.0,571510.0,8,4,1
776960,2025-07-28,St. Louis Cardinals,Miami Marlins,138,146,669467.0,665795.0,7,1,1
776969,2025-07-28,Houston Astros,Washington Nationals,117,120,664285.0,695418.0,1,2,0
776958,2025-07-28,Los Angeles Angels,Texas Rangers,108,140,686799.0,594798.0,6,4,1
776959,2025-07-28,San Diego Padres,New York Mets,135,121,656302.0,593423.0,7,6,1
776964,2025-07-28,San Francisco Giants,Pittsburgh Pirates,137,134,687931.0,656605.0,5,6,0
776957,2025-07-28,Athletics,Seattle Mariners,133,136,676664.0,622491.0,1,3,0
776962,2025-07-29,Baltimore Orioles,Toronto Blue Jays,110,141,687064.0,641778.0,3,2,1
776951,2025-07-29,Cleveland Guardians,Colorado Rockies,114,115,671106.0,685299.0,10,4,1
776953,2025-07-29,Detroit Tigers,Arizona Diamondbacks,116,109,663554.0,694297.0,12,2,1
776949,2025-07-29,New York Yankees,Tampa Bay Rays,147,139,608331.0,671212.0,7,5,1
776963,2025-07-29,Cincinnati Reds,Los Angeles Dodgers,113,119,666157.0,607192.0,4,5,0
776954,2025-07-29,Minnesota Twins,Boston Red Sox,142,111,701487.0,608337.0,5,8,0
776955,2025-07-29,Kansas City Royals,Atlanta Braves,118,144,607625.0,607200.0,9,6,1
776952,2025-07-29,Chicago White Sox,Philadelphia Phillies,145,143,686563.0,666200.0,3,6,0
776956,2025-07-29,Milwaukee Brewers,Chicago Cubs,158,112,682990.0,607067.0,9,3,1
776946,2025-07-29,St. Louis Cardinals,Miami Marlins,138,146,543243.0,645261.0,0,5,0
776950,2025-07-29,Houston Astros,Washington Nationals,117,120,669920.0,647336.0,7,4,1
776945,2025-07-29,Los Angeles Angels,Texas Rangers,108,140,579328.0,571578.0,8,5,1
776947,2025-07-29,San Diego Padres,New York Mets,135,121,686701.0,640455.0,7,1,1
776943,2025-07-29,San Francisco Giants,Pittsburgh Pirates,137,134,434378.0,663559.0,1,3,0
776944,2025-07-29,Athletics,Seattle Mariners,133,136,622663.0,688138.0,6,1,1
776948,2025-07-30,Baltimore Orioles,Toronto Blue Jays,110,141,665152.0,621244.0,8,9,0
776940,2025-07-30,Detroit Tigers,Arizona Diamondbacks,116,109,663978.0,669194.0,7,2,1
776935,2025-07-30,Minnesota Twins,Boston Red Sox,142,111,805673.0,678394.0,1,13,0
776937,2025-07-30,Houston Astros,Washington Nationals,117,120,687473.0,669022.0,9,1,1
776936,2025-07-30,Kansas City Royals,Atlanta Braves,118,144,672582.0,666214.0,1,0,1
776939,2025-07-30,Chicago White Sox,Philadelphia Phillies,145,143,641302.0,592836.0,9,3,1
776929,2025-07-30,Milwaukee Brewers,Chicago Cubs,158,112,642547.0,684007.0,3,10,0
776933,2025-07-30,San Francisco Giants,Pittsburgh Pirates,137,134,657277.0,681347.0,1,2,0
776931,2025-07-30,San Diego Padres,New York Mets,135,121,506433.0,605280.0,5,0,1
776942,2025-07-30,Cleveland Guardians,Colorado Rockies,114,115,663465.0,607536.0,5,0,1
776938,2025-07-30,New York Yankees,Tampa Bay Rays,147,139,701542.0,641793.0,5,4,1
776941,2025-07-30,Cincinnati Reds,Los Angeles Dodgers,113,119,607259.0,660271.0,5,2,1
776934,2025-07-30,St. Louis Cardinals,Miami Marlins,138,146,571945.0,615698.0,0,2,0
776932,2025-07-30,Los Angeles Angels,Texas Rangers,108,140,667755.0,543135.0,3,6,0
776930,2025-07-30,Athletics,Seattle Mariners,133,136,605488.0,693433.0,5,4,1
776927,2025-07-31,New York Yankees,Tampa Bay Rays,147,139,573186.0,686752.0,7,4,1
776928,2025-07-31,Cincinnati Reds,Atlanta Braves,113,144,671096.0,471911.0,11,12,0
776923,2025-07-31,Seattle Mariners,Texas Rangers,136,140,669923.0,677958.0,6,0,1
776921,2025-08-01,Cincinnati Reds,Atlanta Braves,113,144,663903.0,693821.0,3,2,1
776915,2025-08-01,Chicago Cubs,Baltimore Orioles,112,110,690990.0,669432.0,1,0,1
776913,2025-08-01,Philadelphia Phillies,Detroit Tigers,143,116,624133.0,656427.0,5,4,1
776917,2025-08-01,Washington Nationals,Milwaukee Brewers,120,158,680730.0,500779.0,9,16,0
776920,2025-08-01,Toronto Blue Jays,Kansas City Royals,141,118,592332.0,608379.0,3,9,0
776922,2025-08-01,Boston Red Sox,Houston Astros,111,117,681867.0,686613.0,2,1,1
776926,2025-08-01,New York Mets,San Francisco Giants,121,137,656849.0,592662.0,3,4,0
776924,2025-08-01,Cleveland Guardians,Minnesota Twins,114,142,668909.0,657746.0,3,2,1
776925,2025-08-01,Miami Marlins,New York Yankees,146,147,676083.0,607074.0,13,12,1
776918,2025-08-01,Tampa Bay Rays,Los Angeles Dodgers,139,119,669358.0,477132.0,0,5,0
776919,2025-08-01,Colorado Rockies,Pittsburgh Pirates,115,134,622608.0,571760.0,17,16,1
776916,2025-08-01,Los Angeles Angels,Chicago White Sox,108,145,542881.0,681343.0,3,6,0
776906,2025-08-01,San Diego Padres,St. Louis Cardinals,135,138,601713.0,669461.0,4,1,1
776914,2025-08-01,Athletics,Arizona Diamondbacks,133,109,682052.0,543101.0,5,1,1
776908,2025-08-01,Seattle Mariners,Texas Rangers,136,140,669302.0,683004.0,4,3,1
776901,2025-08-02,Tampa Bay Rays,Los Angeles Dodgers,139,119,656876.0,605483.0,4,0,1
776902,2025-08-02,Chicago Cubs,Baltimore Orioles,112,110,571510.0,608372.0,3,4,0
776900,2025-08-02,Toronto Blue Jays,Kansas City Royals,141,118,453286.0,702070.0,4,2,1
776904,2025-08-02,Colorado Rockies,Pittsburgh Pirates,115,134,596295.0,694973.0,8,5,1
776912,2025-08-02,Philadelphia Phillies,Detroit Tigers,143,116,554430.0,669373.0,5,7,0
776903,2025-08-02,Washington Nationals,Milwaukee Brewers,120,158,663623.0,605540.0,2,8,0
776909,2025-08-02,Boston Red Sox,Houston Astros,111,117,621111.0,676467.0,7,3,1
776911,2025-08-02,New York Mets,San Francisco Giants,121,137,673540.0,678906.0,12,6,1
776897,2025-08-02,Seattle Mariners,Texas Rangers,136,140,622491.0,518876.0,4,6,0
776905,2025-08-02,Cleveland Guardians,Minnesota Twins,114,142,676440.0,641927.0,5,4,1
776910,2025-08-02,Miami Marlins,New York Yankees,146,147,691587.0,693645.0,2,0,1
776907,2025-08-02,Cincinnati Reds,Atlanta Braves,113,144,695505.0,680735.0,2,4,0
776899,2025-08-02,Athletics,Arizona Diamondbacks,133,109,669372.0,668678.0,2,7,0
776898,2025-08-02,Los Angeles Angels,Chicago White Sox,108,145,543294.0,650644.0,0,1,0
776896,2025-08-02,San Diego Padres,St. Louis Cardinals,135,138,681190.0,700241.0,5,8,0
776895,2025-08-03,Boston Red Sox,Houston Astros,111,117,608337.0,664285.0,6,1,1
776889,2025-08-03,Tampa Bay Rays,Los Angeles Dodgers,139,119,671212.0,808967.0,0,3,0
776894,2025-08-03,Washington Nationals,Milwaukee Brewers,120,158,695418.0,701656.0,3,14,0
776893,2025-08-03,Toronto Blue Jays,Kansas City Royals,141,118,605135.0,607625.0,4,7,0
776887,2025-08-03,New York Mets,San Francisco Giants,121,137,593423.0,687931.0,4,12,0
776892,2025-08-03,Cleveland Guardians,Minnesota Twins,114,142,676282.0,570632.0,4,5,0
776891,2025-08-03,Miami Marlins,New York Yankees,146,147,665795.0,661563.0,7,3,1
776888,2025-08-03,Chicago Cubs,Baltimore Orioles,112,110,607067.0,687064.0,5,3,1
776886,2025-08-03,Colorado Rockies,Pittsburgh Pirates,115,134,687134.0,656605.0,5,9,0
776881,2025-08-03,Athletics,Arizona Diamondbacks,133,109,678022.0,593958.0,4,6,0
776885,2025-08-03,Los Angeles Angels,Chicago White Sox,108,145,686799.0,680732.0,8,5,1
776884,2025-08-03,San Diego Padres,St. Louis Cardinals,135,138,656302.0,669467.0,7,3,1
776883,2025-08-03,Seattle Mariners,Texas Rangers,136,140,688138.0,594798.0,5,4,1
776890,2025-08-03,Philadelphia Phillies,Detroit Tigers,143,116,650911.0,450203.0,2,0,1
776879,2025-08-04,Pittsburgh Pirates,San Francisco Giants,134,137,670912.0,434378.0,5,4,1
776874,2025-08-04,Detroit Tigers,Minnesota Twins,116,142,663554.0,701519.0,6,3,1
776875,2025-08-04,Miami Marlins,Houston Astros,146,117,645261.0,669920.0,2,8,0
776877,2025-08-04,Philadelphia Phillies,Baltimore Orioles,143,110,666200.0,700249.0,13,3,1
776880,2025-08-04,Boston Red Sox,Kansas City Royals,111,118,678394.0,663559.0,8,5,1
776876,2025-08-04,New York Mets,Cleveland Guardians,121,114,640455.0,677944.0,6,7,0
776882,2025-08-04,Atlanta Braves,Milwaukee Brewers,144,158,607200.0,682990.0,1,3,0
776878,2025-08-04,Chicago Cubs,Cincinnati Reds,112,113,647336.0,666157.0,2,3,0
776871,2025-08-04,Texas Rangers,New York Yankees,140,147,571578.0,608331.0,8,5,1
776872,2025-08-04,Colorado Rockies,Toronto Blue Jays,115,141,685299.0,641778.0,1,15,0
776867,2025-08-04,Los Angeles Angels,Tampa Bay Rays,108,139,579328.0,605288.0,5,1,1
776873,2025-08-04,Arizona Diamondbacks,San Diego Padres,109,135,694297.0,676664.0,6,2,1
776870,2025-08-04,Los Angeles Dodgers,St. Louis Cardinals,119,138,607192.0,543243.0,2,3,0
776866,2025-08-05,Pittsburgh Pirates,San Francisco Giants,134,137,681347.0,657277.0,1,8,0
776861,2025-08-05,Detroit Tigers,Minnesota Twins,116,142,663978.0,805673.0,3,6,0
776862,2025-08-05,Miami Marlins,Houston Astros,146,117,615698.0,595345.0,3,7,0
776865,2025-08-05,Washington Nationals,Athletics,120,133,669022.0,622663.0,7,16,0
776868,2025-08-05,Philadelphia Phillies,Baltimore Orioles,143,110,592836.0,665152.0,5,0,1
776864,2025-08-05,Boston Red Sox,Kansas City Royals,111,118,676979.0,686701.0,6,2,1
776863,2025-08-05,New York Mets,Cleveland Guardians,121,114,605280.0,671106.0,2,3,0
776869,2025-08-05,Atlanta Braves,Milwaukee Brewers,144,158,666214.0,642547.0,2,7,0
776860,2025-08-05,Chicago Cubs,Cincinnati Reds,112,113,684007.0,641793.0,1,5,0
776855,2025-08-05,Texas Rangers,New York Yankees,140,147,543135.0,701542.0,2,0,1
776854,2025-08-05,Colorado Rockies,Toronto Blue Jays,115,141,683627.0,621244.0,4,10,0
776848,2025-08-05,Los Angeles Angels,Tampa Bay Rays,108,139,667755.0,686752.0,3,7,0
776852,2025-08-05,Arizona Diamondbacks,San Diego Padres,109,135,669194.0,506433.0,5,10,0
776857,2025-08-05,Seattle Mariners,Chicago White Sox,136,145,693433.0,663436.0,8,3,1
776858,2025-08-05,Los Angeles Dodgers,St. Louis Cardinals,119,138,686218.0,571945.0,12,6,1
776844,2025-08-06,Pittsburgh Pirates,San Francisco Giants,134,137,571760.0,592662.0,2,4,0
776851,2025-08-06,Philadelphia Phillies,Baltimore Orioles,143,110,624133.0,669432.0,1,5,0
776846,2025-08-06,New York Mets,Cleveland Guardians,121,114,656849.0,668909.0,1,4,0
776859,2025-08-06,Detroit Tigers,Minnesota Twins,116,142,656427.0,701487.0,4,9,0
776847,2025-08-06,Chicago Cubs,Cincinnati Reds,112,113,690990.0,671096.0,6,1,1
776845,2025-08-06,Texas Rangers,New York Yankees,140,147,683004.0,607074.0,2,3,0
776836,2025-08-06,Colorado Rockies,Toronto Blue Jays,115,141,607536.0,592332.0,1,20,0
776843,2025-08-06,Los Angeles Angels,Tampa Bay Rays,108,139,542881.0,669358.0,4,5,0
776839,2025-08-06,Los Angeles Dodgers,St. Louis Cardinals,119,138,660271.0,669461.0,3,5,0
776849,2025-08-06,Miami Marlins,Houston Astros,146,117,676083.0,681293.0,6,4,1
776850,2025-08-06,Washington Nationals,Athletics,120,133,676917.0,605488.0,2,1,1
776856,2025-08-06,Boston Red Sox,Kansas City Royals,111,118,669160.0,608379.0,3,7,0
776853,2025-08-06,Atlanta Braves,Milwaukee Brewers,144,158,675911.0,500779.0,4,5,0
776838,2025-08-06,Arizona Diamondbacks,San Diego Padres,109,135,543101.0,641482.0,2,3,0
776841,2025-08-06,Seattle Mariners,Chicago White Sox,136,145,669923.0,686563.0,8,6,1
776837,2025-08-07,Washington Nationals,Athletics,120,133,680730.0,682052.0,0,6,0
776830,2025-08-07,Seattle Mariners,Chicago White Sox,136,145,669302.0,681343.0,4,3,1
776840,2025-08-07,Pittsburgh Pirates,Cincinnati Reds,134,113,694973.0,663903.0,7,0,1
776842,2025-08-07,Atlanta Braves,Miami Marlins,144,146,471911.0,691587.0,8,6,1
776829,2025-08-08,Pittsburgh Pirates,Cincinnati Reds,134,113,656605.0,695505.0,3,2,1
776831,2025-08-08,Baltimore Orioles,Athletics,110,133,608372.0,669372.0,3,2,1
776835,2025-08-08,New York Yankees,Houston Astros,147,117,693645.0,686613.0,3,5,0
776832,2025-08-08,Detroit Tigers,Los Angeles Angels,116,108,669373.0,543294.0,6,5,1
776834,2025-08-08,Atlanta Braves,Miami Marlins,144,146,693821.0,665795.0,1,5,0
776833,2025-08-08,Chicago White Sox,Cleveland Guardians,145,114,650644.0,676440.0,5,9,0
776821,2025-08-08,Texas Rangers,Philadelphia Phillies,140,143,518876.0,650911.0,1,9,0
776827,2025-08-08,Minnesota Twins,Kansas City Royals,142,118,657746.0,607625.0,9,4,1
776828,2025-08-08,Milwaukee Brewers,New York Mets,158,121,605540.0,673540.0,3,2,1
776826,2025-08-08,St. Louis Cardinals,Chicago Cubs,138,112,700241.0,571510.0,5,0,1
776825,2025-08-08,Arizona Diamondbacks,Colorado Rockies,109,115,668678.0,596295.0,6,1,1
776820,2025-08-08,San Diego Padres,Boston Red Sox,135,111,601713.0,621111.0,2,10,0
776824,2025-08-08,Seattle Mariners,Tampa Bay Rays,136,139,622491.0,656876.0,3,2,1
776823,2025-08-08,Los Angeles Dodgers,Toronto Blue Jays,119,141,477132.0,453286.0,5,1,1
776822,2025-08-08,San Francisco Giants,Washington Nationals,137,120,657424.0,663623.0,5,0,1
776819,2025-08-09,Atlanta Braves,Miami Marlins,144,146,607200.0,645261.0,8,6,1
776815,2025-08-09,New York Yankees,Houston Astros,147,117,661563.0,664285.0,5,4,1
776802,2025-08-09,San Francisco Giants,Washington Nationals,137,120,687931.0,695418.0,2,4,0
776813,2025-08-09,Detroit Tigers,Los Angeles Angels,116,108,450203.0,579328.0,4,7,0
776812,2025-08-09,Pittsburgh Pirates,Cincinnati Reds,134,113,677952.0,607259.0,1,2,0
776811,2025-08-09,Baltimore Orioles,Athletics,110,133,687064.0,678022.0,3,11,0
776816,2025-08-09,Minnesota Twins,Kansas City Royals,142,118,641927.0,702070.0,0,2,0
776814,2025-08-09,Chicago White Sox,Cleveland Guardians,145,114,680732.0,676282.0,1,3,0
776817,2025-08-09,Milwaukee Brewers,New York Mets,158,121,668964.0,657585.0,7,4,1
776818,2025-08-09,St. Louis Cardinals,Chicago Cubs,138,112,669467.0,607067.0,1,9,0
776810,2025-08-09,Texas Rangers,Philadelphia Phillies,140,143,594798.0,666200.0,2,3,0
776809,2025-08-09,Arizona Diamondbacks,Colorado Rockies,109,115,593958.0,687134.0,6,5,1
776807,2025-08-09,San Diego Padres,Boston Red Sox,135,111,650633.0,608337.0,5,4,1
776808,2025-08-09,Los Angeles Dodgers,Toronto Blue Jays,119,141,605483.0,605135.0,9,1,1
776805,2025-08-09,Seattle Mariners,Tampa Bay Rays,136,139,688138.0,671212.0,7,4,1
776796,2025-08-10,Minnesota Twins,Kansas City Royals,142,118,570632.0,686701.0,5,3,1
776804,2025-08-10,Baltimore Orioles,Athletics,110,133,700249.0,806960.0,2,3,0
776801,2025-08-10,Pittsburgh Pirates,Cincinnati Reds,134,113,681347.0,641793.0,8,14,0
776803,2025-08-10,Atlanta Braves,Miami Marlins,144,146,666214.0,615698.0,7,1,1
776797,2025-08-10,New York Yankees,Houston Astros,147,117,608331.0,669920.0,1,7,0
776806,2025-08-10,Detroit Tigers,Los Angeles Angels,116,108,663554.0,686799.0,9,5,1
776798,2025-08-10,Chicago White Sox,Cleveland Guardians,145,114,663436.0,677944.0,6,4,1
776799,2025-08-10,Milwaukee Brewers,New York Mets,158,121,682990.0,640455.0,7,6,1
776800,2025-08-10,Texas Rangers,Philadelphia Phillies,140,143,571578.0,554430.0,2,4,0
776793,2025-08-10,San Francisco Giants,Washington Nationals,137,120,434378.0,669022.0,0,8,0
776794,2025-08-10,Arizona Diamondbacks,Colorado Rockies,109,115,694297.0,685299.0,13,6,1
776789,2025-08-10,San Diego Padres,Boston Red Sox,135,111,656302.0,678394.0,6,2,1
776791,2025-08-10,Seattle Mariners,Tampa Bay Rays,136,139,693433.0,605288.0,6,3,1
776788,2025-08-10,Los Angeles Dodgers,Toronto Blue Jays,119,141,607192.0,641778.0,4,5,0
776795,2025-08-10,St. Louis Cardinals,Chicago Cubs,138,112,543243.0,684007.0,3,2,1
776792,2025-08-11,Cincinnati Reds,Philadelphia Phillies,113,143,671096.0,592836.0,1,4,0
776790,2025-08-11,New York Yankees,Minnesota Twins,147,142,701542.0,805673.0,6,2,1
776784,2025-08-11,Kansas City Royals,Washington Nationals,118,120,663559.0,676917.0,7,4,1
776781,2025-08-11,Chicago White Sox,Detroit Tigers,145,116,665625.0,663978.0,1,2,0
776786,2025-08-11,Milwaukee Brewers,Pittsburgh Pirates,158,134,500779.0,571760.0,7,1,1
776783,2025-08-11,St. Louis Cardinals,Colorado Rockies,138,115,571945.0,801403.0,3,2,1
776785,2025-08-11,Texas Rangers,Arizona Diamondbacks,140,109,543135.0,669194.0,7,6,1
776782,2025-08-11,Houston Astros,Boston Red Sox,117,111,664299.0,676979.0,7,6,1
776779,2025-08-11,Los Angeles Angels,Los Angeles Dodgers,108,119,667755.0,808967.0,7,4,1
776780,2025-08-11,San Francisco Giants,San Diego Padres,137,135,657277.0,506433.0,1,4,0
776787,2025-08-11,Athletics,Tampa Bay Rays,133,139,605488.0,686752.0,4,7,0
776776,2025-08-12,Baltimore Orioles,Seattle Mariners,110,136,665152.0,669923.0,0,1,0
776777,2025-08-12,Cincinnati Reds,Philadelphia Phillies,113,143,663903.0,624133.0,6,1,1
776778,2025-08-12,Cleveland Guardians,Miami Marlins,114,146,671106.0,676083.0,4,3,1
776774,2025-08-12,New York Yankees,Minnesota Twins,147,142,607074.0,701519.0,9,1,1
776768,2025-08-12,Toronto Blue Jays,Chicago Cubs,141,112,621244.0,665871.0,5,1,1
776772,2025-08-12,New York Mets,Atlanta Braves,121,144,605280.0,675911.0,13,5,1
776770,2025-08-12,Kansas City Royals,Washington Nationals,118,120,608379.0,680730.0,8,5,1
776773,2025-08-12,Chicago White Sox,Detroit Tigers,145,116,672782.0,656427.0,9,6,1
776771,2025-08-12,Milwaukee Brewers,Pittsburgh Pirates,158,134,642547.0,694973.0,14,0,1
776775,2025-08-12,St. Louis Cardinals,Colorado Rockies,138,115,669461.0,607536.0,0,3,0
776764,2025-08-12,Texas Rangers,Arizona Diamondbacks,140,109,683004.0,543101.0,2,3,0
776769,2025-08-12,Houston Astros,Boston Red Sox,117,111,681293.0,669160.0,1,14,0
776763,2025-08-12,Los Angeles Angels,Los Angeles Dodgers,108,119,682989.0,686218.0,7,6,1
776767,2025-08-12,San Francisco Giants,San Diego Padres,137,135,592662.0,641482.0,1,5,0
776762,2025-08-12,Athletics,Tampa Bay Rays,133,139,682052.0,669358.0,6,0,1
776759,2025-08-13,Kansas City Royals,Washington Nationals,118,120,607625.0,663623.0,7,8,0
776754,2025-08-13,Chicago White Sox,Detroit Tigers,145,116,681343.0,675512.0,0,1,0
776755,2025-08-13,Milwaukee Brewers,Pittsburgh Pirates,158,134,605540.0,656605.0,12,5,1
776758,2025-08-13,St. Louis Cardinals,Colorado Rockies,138,115,700241.0,596295.0,5,6,0
776746,2025-08-13,Texas Rangers,Arizona Diamondbacks,140,109,518876.0,668678.0,4,6,0
776749,2025-08-13,San Francisco Giants,San Diego Padres,137,135,678906.0,601713.0,1,11,0
776765,2025-08-13,Cincinnati Reds,Philadelphia Phillies,113,143,668881.0,650911.0,8,0,1
776761,2025-08-13,Baltimore Orioles,Seattle Mariners,110,136,669432.0,669302.0,4,3,1
776766,2025-08-13,Cleveland Guardians,Miami Marlins,114,146,668909.0,691587.0,4,13,0
776760,2025-08-13,New York Yankees,Minnesota Twins,147,142,693645.0,657746.0,1,4,0
776757,2025-08-13,Toronto Blue Jays,Chicago Cubs,141,112,592332.0,690990.0,1,4,0
776753,2025-08-13,Houston Astros,Boston Red Sox,117,111,686613.0,621111.0,4,1,1
776756,2025-08-13,New York Mets,Atlanta Braves,121,144,656849.0,471911.0,6,11,0
776752,2025-08-13,Los Angeles Angels,Los Angeles Dodgers,108,119,543294.0,660271.0,6,5,1
776751,2025-08-13,Athletics,Tampa Bay Rays,133,139,669372.0,656876.0,2,8,0
776750,2025-08-14,Baltimore Orioles,Seattle Mariners,110,136,608372.0,688138.0,5,3,1
776747,2025-08-14,Toronto Blue Jays,Chicago Cubs,141,112,453286.0,571510.0,2,1,1
776745,2025-08-14,Cleveland Guardians,Miami Marlins,114,146,676440.0,665795.0,9,4,1
776743,2025-08-14,Washington Nationals,Philadelphia Phillies,120,143,695418.0,666200.0,3,2,1
776748,2025-08-14,New York Mets,Atlanta Braves,121,144,673540.0,693821.0,3,4,0
776744,2025-08-14,Minnesota Twins,Detroit Tigers,142,116,641927.0,669373.0,3,4,0
776742,2025-08-14,Colorado Rockies,Arizona Diamondbacks,115,109,687134.0,593958.0,2,8,0
776737,2025-08-15,Chicago Cubs,Pittsburgh Pirates,112,134,607067.0,677952.0,2,3,0
776740,2025-08-15,Cincinnati Reds,Milwaukee Brewers,113,158,607259.0,694819.0,8,10,0
776739,2025-08-15,Washington Nationals,Philadelphia Phillies,120,143,669022.0,554430.0,2,6,0
776735,2025-08-15,Toronto Blue Jays,Texas Rangers,141,140,605135.0,594798.0,6,5,1
776736,2025-08-15,New York Mets,Seattle Mariners,121,136,640455.0,622491.0,9,11,0
776738,2025-08-15,Cleveland Guardians,Atlanta Braves,114,144,676282.0,694462.0,0,2,0
776741,2025-08-15,Boston Red Sox,Miami Marlins,111,146,608337.0,645261.0,2,1,1
776733,2025-08-15,Houston Astros,Baltimore Orioles,117,110,664285.0,687064.0,0,7,0
776732,2025-08-15,Minnesota Twins,Detroit Tigers,142,116,701487.0,450203.0,0,7,0
776728,2025-08-15,Kansas City Royals,Chicago White Sox,118,145,702070.0,650644.0,3,1,1
776731,2025-08-15,St. Louis Cardinals,New York Yankees,138,147,669467.0,661563.0,3,4,0
776730,2025-08-15,Colorado Rockies,Arizona Diamondbacks,115,109,685299.0,694297.0,4,3,1
776734,2025-08-15,Athletics,Los Angeles Angels,133,108,678022.0,579328.0,10,3,1
776727,2025-08-15,Los Angeles Dodgers,San Diego Padres,119,135,477132.0,593974.0,3,2,1
776729,2025-08-15,San Francisco Giants,Tampa Bay Rays,137,139,694738.0,671212.0,6,7,0
776719,2025-08-16,Chicago Cubs,Pittsburgh Pirates,112,134,684007.0,681347.0,3,1,1
776723,2025-08-16,Toronto Blue Jays,Texas Rangers,141,140,641778.0,571578.0,14,2,1
776725,2025-08-16,Washington Nationals,Philadelphia Phillies,120,143,676917.0,592836.0,2,0,1
776726,2025-08-16,New York Mets,Seattle Mariners,121,136,690997.0,693433.0,3,1,1
776724,2025-08-16,Boston Red Sox,Miami Marlins,111,146,678394.0,615698.0,7,5,1
776721,2025-08-16,Cincinnati Reds,Milwaukee Brewers,113,158,641793.0,682990.0,5,6,0
776722,2025-08-16,Houston Astros,Baltimore Orioles,117,110,669920.0,670329.0,5,4,1
776720,2025-08-16,Cleveland Guardians,Atlanta Braves,114,144,677944.0,666214.0,1,10,0
776712,2025-08-16,Kansas City Royals,Chicago White Sox,118,145,547179.0,680732.0,6,2,1
776716,2025-08-16,Minnesota Twins,Detroit Tigers,142,116,805673.0,663554.0,5,8,0
776713,2025-08-16,St. Louis Cardinals,New York Yankees,138,147,543243.0,608331.0,8,12,0
776715,2025-08-16,Colorado Rockies,Arizona Diamondbacks,115,109,801403.0,669194.0,10,7,1
776711,2025-08-16,San Francisco Giants,Tampa Bay Rays,137,139,434378.0,605288.0,1,2,0
776717,2025-08-16,Los Angeles Dodgers,San Diego Padres,119,135,605483.0,656302.0,6,0,1
776718,2025-08-16,Athletics,Los Angeles Angels,133,108,806960.0,542881.0,7,2,1
776708,2025-08-17,Washington Nationals,Philadelphia Phillies,120,143,680730.0,605400.0,9,11,0
776714,2025-08-17,Boston Red Sox,Miami Marlins,111,146,676979.0,676083.0,3,5,0
776710,2025-08-17,Toronto Blue Jays,Texas Rangers,141,140,621244.0,543135.0,4,10,0
776706,2025-08-17,Cleveland Guardians,Atlanta Braves,114,144,671106.0,607200.0,4,5,0
776709,2025-08-17,Cincinnati Reds,Milwaukee Brewers,113,158,671096.0,500779.0,3,2,1
776705,2025-08-17,Houston Astros,Baltimore Orioles,117,110,664299.0,665152.0,0,12,0
776700,2025-08-17,Minnesota Twins,Detroit Tigers,142,116,641672.0,663978.0,8,1,1
776702,2025-08-17,Kansas City Royals,Chicago White Sox,118,145,686701.0,663436.0,6,2,1
776698,2025-08-17,St. Louis Cardinals,New York Yankees,138,147,571945.0,701542.0,4,8,0
776704,2025-08-17,Chicago Cubs,Pittsburgh Pirates,112,134,665871.0,669387.0,4,3,1
776701,2025-08-17,Colorado Rockies,Arizona Diamondbacks,115,109,622608.0,622503.0,6,5,1
776699,2025-08-17,Athletics,Los Angeles Angels,133,108,605488.0,667755.0,5,11,0
776703,2025-08-17,San Francisco Giants,Tampa Bay Rays,137,139,657277.0,686752.0,7,1,1
776697,2025-08-17,Los Angeles Dodgers,San Diego Padres,119,135,607192.0,506433.0,5,4,1
776707,2025-08-17,New York Mets,Seattle Mariners,121,136,605280.0,669923.0,7,3,1
776692,2025-08-18,Detroit Tigers,Houston Astros,116,117,656427.0,681293.0,10,0,1
776694,2025-08-18,Pittsburgh Pirates,Toronto Blue Jays,134,141,694973.0,592332.0,5,2,1
776688,2025-08-18,Miami Marlins,St. Louis Cardinals,146,138,691587.0,669461.0,3,8,0
776689,2025-08-18,Philadelphia Phillies,Seattle Mariners,143,136,624133.0,669302.0,12,7,1
776695,2025-08-18,Boston Red Sox,Baltimore Orioles,111,110,669160.0,669432.0,3,6,0
776696,2025-08-18,Atlanta Braves,Chicago White Sox,144,145,675911.0,672782.0,9,13,0
776690,2025-08-18,Kansas City Royals,Texas Rangers,118,140,608379.0,683004.0,4,3,1
776693,2025-08-18,Colorado Rockies,Los Angeles Dodgers,115,119,607536.0,808967.0,4,3,1
776681,2025-08-18,Los Angeles Angels,Cincinnati Reds,108,113,682989.0,663903.0,1,4,0
776682,2025-08-18,Arizona Diamondbacks,Cleveland Guardians,109,114,668678.0,668909.0,1,3,0
776683,2025-08-18,San Diego Padres,San Francisco Giants,135,137,641482.0,592662.0,3,4,0
776676,2025-08-19,Chicago Cubs,Milwaukee Brewers,112,158,592791.0,605540.0,4,1,1
776685,2025-08-19,Detroit Tigers,Houston Astros,116,117,669373.0,686613.0,1,0,1
776679,2025-08-19,Pittsburgh Pirates,Toronto Blue Jays,134,141,656605.0,453286.0,3,7,0
776686,2025-08-19,Miami Marlins,St. Louis Cardinals,146,138,665795.0,700241.0,4,7,0
776678,2025-08-19,Washington Nationals,New York Mets,120,121,663623.0,656849.0,1,8,0
776680,2025-08-19,Philadelphia Phillies,Seattle Mariners,143,136,650911.0,682243.0,6,4,1
776684,2025-08-19,Boston Red Sox,Baltimore Orioles,111,110,621111.0,608372.0,3,4,0
776687,2025-08-19,Atlanta Braves,Chicago White Sox,144,145,693821.0,681343.0,11,10,1
776677,2025-08-19,Tampa Bay Rays,New York Yankees,139,147,669358.0,607074.0,3,13,0
776675,2025-08-19,Kansas City Royals,Texas Rangers,118,140,607625.0,518876.0,5,2,1
776674,2025-08-19,Minnesota Twins,Athletics,142,133,657746.0,682052.0,3,6,0
776671,2025-08-19,Colorado Rockies,Los Angeles Dodgers,115,119,596295.0,686218.0,4,11,0
776668,2025-08-19,Los Angeles Angels,Cincinnati Reds,108,113,543294.0,668881.0,4,6,0
776672,2025-08-19,Arizona Diamondbacks,Cleveland Guardians,109,114,593958.0,676440.0,6,5,1
776667,2025-08-19,San Diego Padres,San Francisco Giants,135,137,601713.0,678906.0,5,1,1
776661,2025-08-20,Pittsburgh Pirates,Toronto Blue Jays,134,141,670912.0,605135.0,2,1,1
776662,2025-08-20,Philadelphia Phillies,Seattle Mariners,143,136,666200.0,622491.0,11,2,1
776673,2025-08-20,Detroit Tigers,Houston Astros,116,117,450203.0,664285.0,7,2,1
776658,2025-08-20,Arizona Diamondbacks,Cleveland Guardians,109,114,694297.0,800048.0,3,2,1
776670,2025-08-20,Miami Marlins,St. Louis Cardinals,146,138,645261.0,669467.0,6,2,1
776659,2025-08-20,Washington Nationals,New York Mets,120,121,695418.0,673540.0,5,4,1
776669,2025-08-20,Atlanta Braves,Chicago White Sox,144,145,694462.0,527048.0,1,0,1
776664,2025-08-20,Tampa Bay Rays,New York Yankees,139,147,656876.0,693645.0,4,6,0
776666,2025-08-20,Kansas City Royals,Texas Rangers,118,140,702070.0,676961.0,3,6,0
776665,2025-08-20,Minnesota Twins,Athletics,142,133,641927.0,669372.0,2,4,0
776663,2025-08-20,Chicago Cubs,Milwaukee Brewers,112,158,607067.0,694819.0,4,3,1
776660,2025-08-20,Colorado Rockies,Los Angeles Dodgers,115,119,685299.0,660271.0,8,3,1
776652,2025-08-20,Los Angeles Angels,Cincinnati Reds,108,113,579328.0,607259.0,2,1,1
776656,2025-08-20,San Diego Padres,San Francisco Giants,135,137,676664.0,694738.0,8,1,1
776653,2025-08-21,Minnesota Twins,Athletics,142,133,570632.0,678022.0,3,8,0
776657,2025-08-21,Kansas City Royals,Texas Rangers,118,140,547179.0,571578.0,6,4,1
776651,2025-08-21,Chicago Cubs,Milwaukee Brewers,112,158,684007.0,682990.0,1,4,0
776644,2025-08-21,Colorado Rockies,Los Angeles Dodgers,115,119,801403.0,477132.0,5,9,0
776650,2025-08-21,Washington Nationals,New York Mets,120,121,669022.0,640455.0,9,3,1
776642,2025-08-21,San Diego Padres,San Francisco Giants,135,137,656302.0,434378.0,8,4,1
776655,2025-08-21,Baltimore Orioles,Houston Astros,110,117,687064.0,669920.0,2,7,0
776654,2025-08-21,New York Yankees,Boston Red Sox,147,111,661563.0,608337.0,3,6,0
776631,2025-08-21,Tampa Bay Rays,St. Louis Cardinals,139,138,671212.0,543243.0,4,7,0
776637,2025-08-22,Pittsburgh Pirates,Colorado Rockies,134,115,677952.0,622608.0,9,0,1
776648,2025-08-22,Philadelphia Phillies,Washington Nationals,143,120,592836.0,676917.0,4,5,0
776643,2025-08-22,Baltimore Orioles,Houston Astros,110,117,700249.0,621121.0,7,10,0
776647,2025-08-22,New York Yankees,Boston Red Sox,147,111,608331.0,678394.0,0,1,0
776649,2025-08-22,Detroit Tigers,Kansas City Royals,116,118,663554.0,686701.0,7,5,1
776646,2025-08-22,Miami Marlins,Toronto Blue Jays,146,141,687473.0,669456.0,2,5,0
776645,2025-08-22,Atlanta Braves,New York Mets,144,121,666214.0,690997.0,7,12,0
776633,2025-08-22,Tampa Bay Rays,St. Louis Cardinals,139,138,605288.0,571945.0,10,6,1
776639,2025-08-22,Chicago White Sox,Minnesota Twins,145,142,650644.0,805673.0,7,9,0
776641,2025-08-22,Texas Rangers,Cleveland Guardians,140,114,543135.0,677944.0,4,3,1
776634,2025-08-22,Milwaukee Brewers,San Francisco Giants,158,137,500779.0,687931.0,5,4,1
776640,2025-08-22,Los Angeles Angels,Chicago Cubs,108,112,542881.0,665871.0,2,3,0
776635,2025-08-22,Arizona Diamondbacks,Cincinnati Reds,109,113,669194.0,641793.0,6,5,1
776636,2025-08-22,San Diego Padres,Los Angeles Dodgers,135,119,506433.0,605483.0,2,1,1
776638,2025-08-22,Seattle Mariners,Athletics,136,133,693433.0,806960.0,3,2,1
776627,2025-08-23,New York Yankees,Boston Red Sox,147,111,701542.0,676979.0,1,12,0
776630,2025-08-23,Miami Marlins,Toronto Blue Jays,146,141,676083.0,621244.0,6,7,0
776628,2025-08-23,Philadelphia Phillies,Washington Nationals,143,120,605400.0,680730.0,6,4,1
776625,2025-08-23,Detroit Tigers,Kansas City Royals,116,118,663978.0,608379.0,4,2,1
776632,2025-08-23,Pittsburgh Pirates,Colorado Rockies,134,115,681347.0,607536.0,5,1,1
776629,2025-08-23,Baltimore Orioles,Houston Astros,110,117,665152.0,664299.0,8,9,0
776623,2025-08-23,Texas Rangers,Cleveland Guardians,140,114,683004.0,671106.0,10,0,1
776619,2025-08-23,Chicago White Sox,Minnesota Twins,145,142,663436.0,690953.0,7,3,1
776621,2025-08-23,Milwaukee Brewers,San Francisco Giants,158,137,642547.0,657277.0,1,7,0
776626,2025-08-23,Atlanta Braves,New York Mets,144,121,615698.0,605280.0,2,9,0
776622,2025-08-23,Arizona Diamondbacks,Cincinnati Reds,109,113,656222.0,671096.0,10,1,1
776617,2025-08-23,San Diego Padres,Los Angeles Dodgers,135,119,641482.0,607192.0,5,1,1
776618,2025-08-23,Los Angeles Angels,Chicago Cubs,108,112,682989.0,690990.0,1,12,0
776620,2025-08-23,Seattle Mariners,Athletics,136,133,669923.0,605488.0,1,2,0
776610,2025-08-24,Pittsburgh Pirates,Colorado Rockies,134,115,694973.0,685326.0,4,0,1
776606,2025-08-24,Tampa Bay Rays,St. Louis Cardinals,139,138,686752.0,669461.0,7,2,1
776612,2025-08-24,Baltimore Orioles,Houston Astros,110,117,669432.0,681293.0,3,2,1
776613,2025-08-24,Philadelphia Phillies,Washington Nationals,143,120,624133.0,663623.0,3,2,1
776624,2025-08-24,Atlanta Braves,New York Mets,144,121,693821.0,656849.0,4,3,1
776615,2025-08-24,Detroit Tigers,Kansas City Royals,116,118,656427.0,607625.0,8,10,0
776614,2025-08-24,Miami Marlins,Toronto Blue Jays,146,141,691587.0,592332.0,5,3,1
776607,2025-08-24,Chicago White Sox,Minnesota Twins,145,142,672782.0,671737.0,8,0,1
776608,2025-08-24,Milwaukee Brewers,San Francisco Giants,158,137,694477.0,592662.0,3,4,0
776611,2025-08-24,Texas Rangers,Cleveland Guardians,140,114,518876.0,668909.0,5,0,1
776605,2025-08-24,Los Angeles Angels,Chicago Cubs,108,112,543294.0,592791.0,3,4,0
776609,2025-08-24,Arizona Diamondbacks,Cincinnati Reds,109,113,668678.0,663903.0,1,6,0
776603,2025-08-24,San Diego Padres,Los Angeles Dodgers,135,119,601713.0,808967.0,2,8,0
776602,2025-08-24,Seattle Mariners,Athletics,136,133,669302.0,682052.0,11,4,1
776616,2025-08-24,New York Yankees,Boston Red Sox,147,111,607074.0,669160.0,7,2,1
776604,2025-08-25,Baltimore Orioles,Boston Red Sox,110,111,608372.0,657514.0,3,4,0
776601,2025-08-25,Cleveland Guardians,Tampa Bay Rays,114,139,676440.0,693855.0,0,9,0
776600,2025-08-25,Miami Marlins,Atlanta Braves,146,144,665795.0,675911.0,2,1,1
776597,2025-08-25,New York Yankees,Washington Nationals,147,120,693645.0,695418.0,10,5,1
776596,2025-08-25,Toronto Blue Jays,Minnesota Twins,141,142,453286.0,657746.0,10,4,1
776598,2025-08-25,New York Mets,Philadelphia Phillies,121,143,673540.0,650911.0,13,3,1
776599,2025-08-25,Chicago White Sox,Kansas City Royals,145,118,681343.0,702070.0,7,0,1
776593,2025-08-25,Milwaukee Brewers,Arizona Diamondbacks,158,109,605540.0,593958.0,7,5,1
776589,2025-08-25,St. Louis Cardinals,Pittsburgh Pirates,138,134,700241.0,670912.0,7,6,1
776592,2025-08-25,Texas Rangers,Los Angeles Angels,140,108,594798.0,667755.0,0,4,0
776595,2025-08-25,Seattle Mariners,San Diego Padres,136,135,682243.0,676664.0,9,6,1
776590,2025-08-25,Athletics,Detroit Tigers,133,116,669372.0,669373.0,8,3,1
776594,2025-08-25,Los Angeles Dodgers,Cincinnati Reds,119,113,686218.0,668881.0,7,0,1
776591,2025-08-26,Baltimore Orioles,Boston Red Sox,110,111,680694.0,608337.0,0,5,0
776584,2025-08-26,Cleveland Guardians,Tampa Bay Rays,114,139,800048.0,669358.0,3,0,1
776581,2025-08-26,Miami Marlins,Atlanta Braves,146,144,645261.0,694462.0,2,11,0
776588,2025-08-26,New York Yankees,Washington Nationals,147,120,661563.0,669022.0,5,1,1
776582,2025-08-26,Toronto Blue Jays,Minnesota Twins,141,142,605135.0,641927.0,5,7,0
776585,2025-08-26,New York Mets,Philadelphia Phillies,121,143,640455.0,666200.0,6,5,1
776583,2025-08-26,Chicago White Sox,Kansas City Royals,145,118,527048.0,547179.0,4,5,0
776586,2025-08-26,Milwaukee Brewers,Arizona Diamondbacks,158,109,694819.0,694297.0,9,8,1
776578,2025-08-26,St. Louis Cardinals,Pittsburgh Pirates,138,134,669467.0,656605.0,3,8,0
776575,2025-08-26,Texas Rangers,Los Angeles Angels,140,108,571578.0,579328.0,7,3,1
776587,2025-08-26,Houston Astros,Colorado Rockies,117,115,686613.0,685299.0,1,6,0
776577,2025-08-26,Seattle Mariners,San Diego Padres,136,135,622491.0,656302.0,6,7,0
776576,2025-08-26,San Francisco Giants,Chicago Cubs,137,112,434378.0,571510.0,5,2,1
776573,2025-08-26,Athletics,Detroit Tigers,133,116,674370.0,450203.0,7,6,1
776574,2025-08-26,Los Angeles Dodgers,Cincinnati Reds,119,113,477132.0,607259.0,6,3,1
776570,2025-08-27,New York Yankees,Washington Nationals,147,120,608331.0,676917.0,11,2,1
776580,2025-08-27,Cleveland Guardians,Tampa Bay Rays,114,139,677944.0,656876.0,4,3,1
776565,2025-08-27,Miami Marlins,Atlanta Braves,146,144,687473.0,666214.0,1,12,0
776561,2025-08-27,Seattle Mariners,San Diego Padres,136,135,693433.0,506433.0,4,3,1
776579,2025-08-27,Baltimore Orioles,Boston Red Sox,110,111,608650.0,678394.0,2,3,0
776567,2025-08-27,Toronto Blue Jays,Minnesota Twins,141,142,641778.0,680573.0,9,8,1
776566,2025-08-27,New York Mets,Philadelphia Phillies,121,143,690997.0,592836.0,6,0,1
776569,2025-08-27,Chicago White Sox,Kansas City Royals,145,118,650644.0,686701.0,1,12,0
776572,2025-08-27,Milwaukee Brewers,Arizona Diamondbacks,158,109,676879.0,669194.0,2,3,0
776568,2025-08-27,St. Louis Cardinals,Pittsburgh Pirates,138,134,543243.0,669387.0,1,2,0
776563,2025-08-27,Texas Rangers,Los Angeles Angels,140,108,656641.0,686799.0,20,3,1
776571,2025-08-27,Houston Astros,Colorado Rockies,117,115,664285.0,801403.0,4,0,1
776562,2025-08-27,Los Angeles Dodgers,Cincinnati Reds,119,113,660271.0,666157.0,5,1,1
776557,2025-08-27,San Francisco Giants,Chicago Cubs,137,112,687931.0,607067.0,12,3,1
776559,2025-08-27,Athletics,Detroit Tigers,133,116,806960.0,663554.0,7,0,1
776564,2025-08-28,Baltimore Orioles,Boston Red Sox,110,111,700249.0,676979.0,2,3,0
776555,2025-08-28,Houston Astros,Colorado Rockies,117,115,669920.0,607536.0,4,3,1
776553,2025-08-28,Milwaukee Brewers,Arizona Diamondbacks,158,109,500779.0,622503.0,4,6,0
776554,2025-08-28,St. Louis Cardinals,Pittsburgh Pirates,138,134,571945.0,677952.0,4,1,1
776550,2025-08-28,San Francisco Giants,Chicago Cubs,137,112,657277.0,684007.0,4,3,1
776560,2025-08-28,Philadelphia Phillies,Atlanta Braves,143,144,605400.0,615698.0,19,4,1
776558,2025-08-28,New York Mets,Miami Marlins,121,146,605280.0,800049.0,4,7,0
776556,2025-08-28,Chicago White Sox,New York Yankees,145,147,663436.0,701542.0,4,10,0
776551,2025-08-29,Cincinnati Reds,St. Louis Cardinals,113,138,641793.0,669461.0,5,7,0
776545,2025-08-29,Washington Nationals,Tampa Bay Rays,120,139,680730.0,605288.0,1,4,0
776552,2025-08-29,Philadelphia Phillies,Atlanta Braves,143,144,624133.0,693821.0,2,1,1
776546,2025-08-29,Toronto Blue Jays,Milwaukee Brewers,141,158,669456.0,642547.0,2,7,0
776549,2025-08-29,Boston Red Sox,Pittsburgh Pirates,111,134,801139.0,694973.0,2,4,0
776547,2025-08-29,Cleveland Guardians,Seattle Mariners,114,136,671106.0,669923.0,5,4,1
776548,2025-08-29,New York Mets,Miami Marlins,121,146,804636.0,691587.0,19,9,1
776544,2025-08-29,Chicago White Sox,New York Yankees,145,147,672782.0,607074.0,2,10,0
776543,2025-08-29,Houston Astros,Los Angeles Angels,117,108,664299.0,542881.0,2,0,1
776540,2025-08-29,Kansas City Royals,Detroit Tigers,118,116,607625.0,663978.0,3,5,0
776541,2025-08-29,Minnesota Twins,San Diego Padres,142,135,805673.0,641482.0,7,4,1
776542,2025-08-29,Colorado Rockies,Chicago Cubs,115,112,608566.0,690990.0,7,11,0
776538,2025-08-29,Athletics,Texas Rangers,133,140,605488.0,683004.0,2,5,0
776534,2025-08-29,Los Angeles Dodgers,Arizona Diamondbacks,119,109,605483.0,668678.0,0,3,0
776533,2025-08-29,San Francisco Giants,Baltimore Orioles,137,110,592662.0,665152.0,15,8,1
776527,2025-08-30,Toronto Blue Jays,Milwaukee Brewers,141,158,592332.0,682990.0,1,4,0
776525,2025-08-30,Washington Nationals,Tampa Bay Rays,120,139,663623.0,686752.0,1,4,0
776539,2025-08-30,Boston Red Sox,Pittsburgh Pirates,111,134,669160.0,670912.0,3,10,0
776535,2025-08-30,New York Mets,Miami Marlins,121,146,656849.0,665795.0,8,11,0
776532,2025-08-30,Philadelphia Phillies,Atlanta Braves,143,144,650911.0,519242.0,3,2,1
776536,2025-08-30,Cincinnati Reds,St. Louis Cardinals,113,138,671096.0,700241.0,2,4,0
776531,2025-08-30,Houston Astros,Los Angeles Angels,117,108,681293.0,543294.0,1,4,0
776530,2025-08-30,Minnesota Twins,San Diego Padres,142,135,671737.0,601713.0,3,12,0
776529,2025-08-30,Chicago White Sox,New York Yankees,145,147,681343.0,693645.0,3,5,0
776528,2025-08-30,Kansas City Royals,Detroit Tigers,118,116,663568.0,656427.0,3,1,1
776537,2025-08-30,Cleveland Guardians,Seattle Mariners,114,136,668909.0,669302.0,4,3,1
776516,2025-08-30,San Francisco Giants,Baltimore Orioles,137,110,693313.0,669432.0,1,11,0
776526,2025-08-30,Colorado Rockies,Chicago Cubs,115,112,685326.0,665871.0,3,4,0
776523,2025-08-30,Los Angeles Dodgers,Arizona Diamondbacks,119,109,607192.0,593958.0,1,6,0
776524,2025-08-30,Athletics,Texas Rangers,133,140,686930.0,518876.0,3,9,0
776518,2025-08-31,Cincinnati Reds,St. Louis Cardinals,113,138,663903.0,669467.0,7,4,1
776513,2025-08-31,Minnesota Twins,San Diego Padres,142,135,657746.0,688158.0,7,2,1
776517,2025-08-31,Boston Red Sox,Pittsburgh Pirates,111,134,608337.0,656605.0,5,2,1
776520,2025-08-31,Washington Nationals,Tampa Bay Rays,120,139,695418.0,693855.0,4,7,0
776515,2025-08-31,Toronto Blue Jays,Milwaukee Brewers,141,158,453286.0,605540.0,8,4,1
776521,2025-08-31,Cleveland Guardians,Seattle Mariners,114,136,676440.0,682243.0,2,4,0
776519,2025-08-31,New York Mets,Miami Marlins,121,146,673540.0,645261.0,1,5,0
776510,2025-08-31,Houston Astros,Los Angeles Angels,117,108,686613.0,667755.0,0,3,0
776512,2025-08-31,Kansas City Royals,Detroit Tigers,118,116,608379.0,669373.0,0,5,0
776514,2025-08-31,Chicago White Sox,New York Yankees,145,147,527048.0,661563.0,3,2,1
776511,2025-08-31,Colorado Rockies,Chicago Cubs,115,112,685299.0,571510.0,6,5,1
776507,2025-08-31,San Francisco Giants,Baltimore Orioles,137,110,434378.0,608372.0,13,2,1
776508,2025-08-31,Athletics,Texas Rangers,133,140,669372.0,594798.0,6,9,0
776509,2025-08-31,Los Angeles Dodgers,Arizona Diamondbacks,119,109,808967.0,694297.0,5,4,1
776522,2025-08-31,Philadelphia Phillies,Atlanta Braves,143,144,666200.0,694462.0,1,3,0
776498,2025-09-01,Washington Nationals,Miami Marlins,120,146,674841.0,669199.0,2,0,1
776501,2025-09-01,Detroit Tigers,New York Mets,116,121,450203.0,640455.0,8,10,0
776503,2025-09-01,Cincinnati Reds,Toronto Blue Jays,113,141,668881.0,605135.0,5,4,1
776505,2025-09-01,Boston Red Sox,Cleveland Guardians,111,114,678394.0,800048.0,6,4,1
776499,2025-09-01,Houston Astros,Los Angeles Angels,117,108,677651.0,579328.0,8,3,1
776502,2025-09-01,Minnesota Twins,Chicago White Sox,142,145,641927.0,686642.0,5,6,0
776497,2025-09-01,St. Louis Cardinals,Athletics,138,133,543243.0,806960.0,3,11,0
776506,2025-09-01,Chicago Cubs,Atlanta Braves,112,144,607067.0,675911.0,7,6,1
776492,2025-09-01,Colorado Rockies,San Francisco Giants,115,137,801403.0,678906.0,2,8,0
776500,2025-09-01,Milwaukee Brewers,Philadelphia Phillies,158,143,694819.0,592836.0,8,10,0
776494,2025-09-01,San Diego Padres,Baltimore Orioles,135,110,656302.0,680694.0,3,4,0
776504,2025-09-01,Tampa Bay Rays,Seattle Mariners,139,136,669358.0,622491.0,10,2,1
776495,2025-09-01,Arizona Diamondbacks,Texas Rangers,109,140,669194.0,571578.0,5,7,0
776490,2025-09-02,Detroit Tigers,New York Mets,116,121,687830.0,690997.0,5,12,0
776496,2025-09-02,Pittsburgh Pirates,Los Angeles Dodgers,134,119,669387.0,477132.0,9,7,1
776491,2025-09-02,Cincinnati Reds,Toronto Blue Jays,113,141,605130.0,621244.0,9,12,0
776493,2025-09-02,Boston Red Sox,Cleveland Guardians,111,114,676979.0,677944.0,11,7,1
776482,2025-09-02,Washington Nationals,Miami Marlins,120,146,676917.0,800049.0,5,2,1
776485,2025-09-02,Tampa Bay Rays,Seattle Mariners,139,136,656876.0,693433.0,6,5,1
776488,2025-09-02,Kansas City Royals,Los Angeles Angels,118,108,547179.0,815083.0,1,5,0
776487,2025-09-02,Chicago Cubs,Atlanta Braves,112,144,684007.0,666214.0,4,3,1
776484,2025-09-02,Minnesota Twins,Chicago White Sox,142,145,680573.0,663436.0,3,12,0
776483,2025-09-02,St. Louis Cardinals,Athletics,138,133,571945.0,622663.0,2,1,1
776489,2025-09-02,Houston Astros,New York Yankees,117,147,664285.0,608331.0,1,7,0
776486,2025-09-02,Colorado Rockies,San Francisco Giants,115,137,607536.0,657277.0,4,7,0
776480,2025-09-02,San Diego Padres,Baltimore Orioles,135,110,506433.0,669330.0,2,6,0
776481,2025-09-02,Arizona Diamondbacks,Texas Rangers,109,140,622503.0,656641.0,5,3,1
776477,2025-09-03,Washington Nationals,Miami Marlins,120,146,680730.0,691587.0,10,5,1
776478,2025-09-03,Detroit Tigers,New York Mets,116,121,663554.0,605280.0,6,2,1
776468,2025-09-03,Arizona Diamondbacks,Texas Rangers,109,140,668678.0,683004.0,2,0,1
776465,2025-09-03,San Diego Padres,Baltimore Orioles,135,110,641482.0,700249.0,5,7,0
776479,2025-09-03,Pittsburgh Pirates,Los Angeles Dodgers,134,119,677952.0,686218.0,3,0,1
776475,2025-09-03,Cincinnati Reds,Toronto Blue Jays,113,141,641793.0,669456.0,9,13,0
776474,2025-09-03,Boston Red Sox,Cleveland Guardians,111,114,657514.0,676282.0,1,8,0
776476,2025-09-03,Tampa Bay Rays,Seattle Mariners,139,136,605288.0,669923.0,9,4,1
776466,2025-09-03,Kansas City Royals,Los Angeles Angels,118,108,686701.0,702674.0,3,4,0
776473,2025-09-03,Chicago Cubs,Atlanta Braves,112,144,690990.0,693821.0,1,5,0
776469,2025-09-03,Minnesota Twins,Chicago White Sox,142,145,805673.0,672782.0,3,4,0
776471,2025-09-03,Milwaukee Brewers,Philadelphia Phillies,158,143,500779.0,605400.0,6,3,1
776470,2025-09-03,St. Louis Cardinals,Athletics,138,133,669461.0,605488.0,5,1,1
776472,2025-09-03,Houston Astros,New York Yankees,117,147,669920.0,701542.0,8,7,1
776467,2025-09-03,Colorado Rockies,San Francisco Giants,115,137,608566.0,592662.0,8,10,0
776459,2025-09-04,Milwaukee Brewers,Philadelphia Phillies,158,143,642547.0,624133.0,0,2,0
776461,2025-09-04,Pittsburgh Pirates,Los Angeles Dodgers,134,119,694973.0,605483.0,5,3,1
776458,2025-09-04,Tampa Bay Rays,Cleveland Guardians,139,114,686752.0,671106.0,4,2,1
776463,2025-09-04,Kansas City Royals,Los Angeles Angels,118,108,702070.0,543294.0,4,3,1
776462,2025-09-04,Minnesota Twins,Chicago White Sox,142,145,671737.0,686642.0,8,11,0
776464,2025-09-04,Houston Astros,New York Yankees,117,147,664299.0,607074.0,4,8,0
776455,2025-09-05,Chicago Cubs,Washington Nationals,112,120,665871.0,663623.0,11,5,1
776450,2025-09-05,Cincinnati Reds,New York Mets,113,121,671096.0,656849.0,4,5,0
776452,2025-09-05,Detroit Tigers,Chicago White Sox,116,145,656427.0,681343.0,5,7,0
776453,2025-09-05,Pittsburgh Pirates,Milwaukee Brewers,134,158,670912.0,682990.0,2,5,0
776454,2025-09-05,Baltimore Orioles,Los Angeles Dodgers,110,119,665152.0,660271.0,2,1,1
776457,2025-09-05,New York Yankees,Toronto Blue Jays,147,141,693645.0,592332.0,1,7,0
776456,2025-09-05,Miami Marlins,Philadelphia Phillies,146,143,678368.0,650911.0,3,9,0
776460,2025-09-05,Atlanta Braves,Seattle Mariners,144,136,519242.0,669302.0,4,1,1
776451,2025-09-05,Tampa Bay Rays,Cleveland Guardians,139,114,643377.0,668909.0,1,7,0
776446,2025-09-05,Kansas City Royals,Minnesota Twins,118,142,608379.0,641154.0,2,1,1
776449,2025-09-05,Texas Rangers,Houston Astros,140,117,518876.0,676467.0,4,3,1
776445,2025-09-05,St. Louis Cardinals,San Francisco Giants,138,137,700241.0,693313.0,2,8,0
776442,2025-09-05,Colorado Rockies,San Diego Padres,115,135,607536.0,601713.0,3,0,1
776444,2025-09-05,Los Angeles Angels,Athletics,108,133,667755.0,686930.0,4,10,0
776448,2025-09-05,Arizona Diamondbacks,Boston Red Sox,109,111,593958.0,801139.0,10,5,1
776436,2025-09-06,New York Yankees,Toronto Blue Jays,147,141,661563.0,605135.0,3,1,1
776440,2025-09-06,Chicago Cubs,Washington Nationals,112,120,571510.0,695418.0,1,2,0
776433,2025-09-06,Miami Marlins,Philadelphia Phillies,146,143,645261.0,666200.0,2,4,0
776435,2025-09-06,Detroit Tigers,Chicago White Sox,116,145,669373.0,527048.0,6,0,1
776439,2025-09-06,Cincinnati Reds,New York Mets,113,121,663903.0,804636.0,6,3,1
776441,2025-09-06,Pittsburgh Pirates,Milwaukee Brewers,134,158,656605.0,605540.0,1,4,0
776443,2025-09-06,Baltimore Orioles,Los Angeles Dodgers,110,119,669432.0,808967.0,4,3,1
776438,2025-09-06,Tampa Bay Rays,Cleveland Guardians,139,114,669358.0,676440.0,2,3,0
776437,2025-09-06,St. Louis Cardinals,San Francisco Giants,138,137,669467.0,434378.0,3,2,1
776432,2025-09-06,Texas Rangers,Houston Astros,140,117,594798.0,686613.0,0,11,0
776434,2025-09-06,Kansas City Royals,Minnesota Twins,118,142,663568.0,657746.0,11,2,1
776447,2025-09-06,Atlanta Braves,Seattle Mariners,144,136,694462.0,682243.0,2,10,0
776424,2025-09-06,Arizona Diamondbacks,Boston Red Sox,109,111,694297.0,608337.0,5,1,1
776431,2025-09-06,Colorado Rockies,San Diego Padres,115,135,685326.0,681190.0,8,10,0
776430,2025-09-06,Los Angeles Angels,Athletics,108,133,579328.0,669372.0,4,17,0
776428,2025-09-07,Atlanta Braves,Seattle Mariners,144,136,666214.0,622491.0,2,18,0
776421,2025-09-07,Tampa Bay Rays,Cleveland Guardians,139,114,656876.0,800048.0,1,2,0
776427,2025-09-07,Baltimore Orioles,Los Angeles Dodgers,110,119,608372.0,477132.0,2,5,0
776423,2025-09-07,New York Yankees,Toronto Blue Jays,147,141,608331.0,453286.0,4,3,1
776419,2025-09-07,Pittsburgh Pirates,Milwaukee Brewers,134,158,696149.0,694819.0,2,10,0
776429,2025-09-07,Cincinnati Reds,New York Mets,113,121,668881.0,687075.0,3,2,1
776425,2025-09-07,Detroit Tigers,Chicago White Sox,116,145,450203.0,663436.0,4,6,0
776426,2025-09-07,Miami Marlins,Philadelphia Phillies,146,143,663969.0,592836.0,5,4,1
776422,2025-09-07,Kansas City Royals,Minnesota Twins,118,142,547179.0,641927.0,1,5,0
776416,2025-09-07,St. Louis Cardinals,San Francisco Giants,138,137,543243.0,678906.0,4,3,1
776420,2025-09-07,Chicago Cubs,Washington Nationals,112,120,519141.0,674841.0,3,6,0
776418,2025-09-07,Texas Rangers,Houston Astros,140,117,571578.0,664285.0,4,2,1
776417,2025-09-07,Colorado Rockies,San Diego Padres,115,135,685299.0,656302.0,1,8,0
776414,2025-09-07,Los Angeles Angels,Athletics,108,133,815083.0,622663.0,4,3,1
776415,2025-09-07,Arizona Diamondbacks,Boston Red Sox,109,111,669194.0,678394.0,4,7,0
776413,2025-09-08,Cleveland Guardians,Kansas City Royals,114,118,677944.0,686701.0,10,2,1
776409,2025-09-08,Miami Marlins,Washington Nationals,146,120,676083.0,676917.0,7,15,0
776405,2025-09-08,Philadelphia Phillies,New York Mets,143,121,605400.0,690997.0,1,0,1
776412,2025-09-08,Atlanta Braves,Chicago Cubs,144,112,693821.0,684007.0,4,1,1
776406,2025-09-08,Texas Rangers,Milwaukee Brewers,140,158,656641.0,500779.0,5,0,1
776411,2025-09-08,Los Angeles Angels,Minnesota Twins,108,142,702674.0,680573.0,3,12,0
776407,2025-09-08,San Diego Padres,Cincinnati Reds,135,113,506433.0,666157.0,4,3,1
776400,2025-09-08,Seattle Mariners,St. Louis Cardinals,136,138,693433.0,571945.0,4,2,1
776399,2025-09-08,San Francisco Giants,Arizona Diamondbacks,137,109,657277.0,622503.0,11,5,1
776410,2025-09-08,Athletics,Boston Red Sox,133,111,806960.0,676979.0,0,7,0
776408,2025-09-08,Los Angeles Dodgers,Colorado Rockies,119,115,607192.0,801403.0,3,1,1
776401,2025-09-09,Baltimore Orioles,Pittsburgh Pirates,110,134,680694.0,681347.0,3,2,1
776403,2025-09-09,Cleveland Guardians,Kansas City Royals,114,118,676282.0,702070.0,2,0,1
776397,2025-09-09,Miami Marlins,Washington Nationals,146,120,800049.0,680730.0,5,7,0
776404,2025-09-09,Philadelphia Phillies,New York Mets,143,121,624133.0,640455.0,9,3,1
776398,2025-09-09,New York Yankees,Detroit Tigers,147,116,701542.0,663554.0,2,12,0
776393,2025-09-09,Toronto Blue Jays,Houston Astros,141,117,669456.0,677651.0,4,3,1
776402,2025-09-09,Atlanta Braves,Chicago Cubs,144,112,675911.0,690990.0,1,6,0
776388,2025-09-09,Chicago White Sox,Tampa Bay Rays,145,139,672782.0,605288.0,4,5,0
776395,2025-09-09,Texas Rangers,Milwaukee Brewers,140,158,683004.0,694477.0,5,4,1
776390,2025-09-09,Los Angeles Angels,Minnesota Twins,108,142,543294.0,805673.0,12,2,1
776392,2025-09-09,San Diego Padres,Cincinnati Reds,135,113,650633.0,641793.0,2,4,0
776391,2025-09-09,Seattle Mariners,St. Louis Cardinals,136,138,669923.0,669461.0,5,3,1
776394,2025-09-09,San Francisco Giants,Arizona Diamondbacks,137,109,592662.0,668678.0,5,3,1
776396,2025-09-09,Athletics,Boston Red Sox,133,111,605488.0,813349.0,0,6,0
776389,2025-09-09,Los Angeles Dodgers,Colorado Rockies,119,115,686218.0,608566.0,7,2,1
776375,2025-09-10,Texas Rangers,Milwaukee Brewers,140,158,518876.0,642547.0,6,3,1
776379,2025-09-10,Athletics,Boston Red Sox,133,111,686930.0,801139.0,5,4,1
776374,2025-09-10,San Francisco Giants,Arizona Diamondbacks,137,109,693313.0,593958.0,3,5,0
776376,2025-09-10,Los Angeles Angels,Minnesota Twins,108,142,570632.0,671737.0,4,3,1
776387,2025-09-10,Baltimore Orioles,Pittsburgh Pirates,110,134,669330.0,694973.0,2,1,1
776382,2025-09-10,Cleveland Guardians,Kansas City Royals,114,118,671106.0,680742.0,3,4,0
776386,2025-09-10,Miami Marlins,Washington Nationals,146,120,691587.0,663623.0,8,3,1
776384,2025-09-10,Philadelphia Phillies,New York Mets,143,121,650911.0,605280.0,11,3,1
776383,2025-09-10,New York Yankees,Detroit Tigers,147,116,607074.0,656427.0,1,11,0
776385,2025-09-10,Toronto Blue Jays,Houston Astros,141,117,621244.0,669920.0,2,3,0
776381,2025-09-10,Atlanta Braves,Chicago Cubs,144,112,519242.0,592791.0,2,3,0
776378,2025-09-10,Chicago White Sox,Tampa Bay Rays,145,139,680732.0,643377.0,6,5,1
776377,2025-09-10,San Diego Padres,Cincinnati Reds,135,113,601713.0,671096.0,1,2,0
776373,2025-09-10,Seattle Mariners,St. Louis Cardinals,136,138,669302.0,700241.0,4,2,1
776380,2025-09-10,Los Angeles Dodgers,Colorado Rockies,119,115,605483.0,607536.0,9,0,1
776372,2025-09-11,Baltimore Orioles,Pittsburgh Pirates,110,134,700249.0,670912.0,3,2,1
776364,2025-09-11,Chicago White Sox,Tampa Bay Rays,145,139,681343.0,693855.0,5,1,1
776369,2025-09-11,Toronto Blue Jays,Houston Astros,141,117,592332.0,664299.0,6,0,1
776367,2025-09-11,Miami Marlins,Washington Nationals,146,120,677960.0,669022.0,5,0,1
776368,2025-09-11,New York Yankees,Detroit Tigers,147,116,693645.0,663947.0,9,3,1
776370,2025-09-11,Cleveland Guardians,Kansas City Royals,114,118,668909.0,663568.0,3,2,1
776371,2025-09-11,Philadelphia Phillies,New York Mets,143,121,666200.0,656849.0,6,4,1
776365,2025-09-11,San Diego Padres,Colorado Rockies,135,115,681190.0,685326.0,2,0,1
776362,2025-09-11,Seattle Mariners,Los Angeles Angels,136,108,682243.0,667755.0,7,6,1
776352,2025-09-12,Chicago Cubs,Tampa Bay Rays,112,139,571510.0,669358.0,6,4,1
776351,2025-09-12,Washington Nationals,Pittsburgh Pirates,120,134,695418.0,656605.0,6,5,1
776354,2025-09-12,Philadelphia Phillies,Kansas City Royals,143,118,621111.0,547179.0,8,2,1
776353,2025-09-12,Toronto Blue Jays,Baltimore Orioles,141,110,605135.0,669432.0,6,1,1
776359,2025-09-12,New York Mets,Texas Rangers,121,140,804636.0,594798.0,3,8,0
776361,2025-09-12,Cleveland Guardians,Chicago White Sox,114,145,676440.0,527048.0,4,0,1
776366,2025-09-12,Miami Marlins,Detroit Tigers,146,116,645261.0,669373.0,8,2,1
776363,2025-09-12,Boston Red Sox,New York Yankees,111,147,608337.0,661563.0,1,4,0
776360,2025-09-12,Atlanta Braves,Houston Astros,144,117,694462.0,681151.0,3,11,0
776355,2025-09-12,Minnesota Twins,Arizona Diamondbacks,142,109,641154.0,694297.0,9,8,1
776356,2025-09-12,Milwaukee Brewers,St. Louis Cardinals,158,138,682990.0,669467.0,8,2,1
776357,2025-09-12,San Diego Padres,Colorado Rockies,135,115,676664.0,685299.0,2,4,0
776358,2025-09-12,Athletics,Cincinnati Reds,133,113,669372.0,663903.0,3,0,1
776345,2025-09-12,Seattle Mariners,Los Angeles Angels,136,108,622491.0,579328.0,2,1,1
776350,2025-09-12,San Francisco Giants,Los Angeles Dodgers,137,119,434378.0,808967.0,5,1,1
776338,2025-09-13,Chicago Cubs,Tampa Bay Rays,112,139,607067.0,656876.0,4,5,0
776343,2025-09-13,Toronto Blue Jays,Baltimore Orioles,141,110,453286.0,608372.0,5,4,1
776336,2025-09-13,Washington Nationals,Pittsburgh Pirates,120,134,674841.0,696149.0,1,5,0
776349,2025-09-13,New York Mets,Texas Rangers,121,140,687075.0,571578.0,2,3,0
776347,2025-09-13,Miami Marlins,Detroit Tigers,146,116,676083.0,450203.0,6,4,1
776344,2025-09-13,Boston Red Sox,New York Yankees,111,147,678394.0,608331.0,3,5,0
776342,2025-09-13,Philadelphia Phillies,Kansas City Royals,143,118,592836.0,686701.0,8,6,1
776348,2025-09-13,Cleveland Guardians,Chicago White Sox,114,145,800048.0,663436.0,3,1,1
776337,2025-09-13,Minnesota Twins,Arizona Diamondbacks,142,109,657746.0,669194.0,2,5,0
776346,2025-09-13,Atlanta Braves,Houston Astros,144,117,693821.0,686613.0,2,6,0
776339,2025-09-13,Milwaukee Brewers,St. Louis Cardinals,158,138,694819.0,543243.0,9,8,1
776341,2025-09-13,San Diego Padres,Colorado Rockies,135,115,656302.0,687134.0,11,3,1
776328,2025-09-13,San Francisco Giants,Los Angeles Dodgers,137,119,657277.0,477132.0,7,13,0
776333,2025-09-13,Seattle Mariners,Los Angeles Angels,136,108,693433.0,815083.0,5,3,1
776340,2025-09-13,Athletics,Cincinnati Reds,133,113,622663.0,668881.0,11,5,1
776320,2025-09-14,Washington Nationals,Pittsburgh Pirates,120,134,676917.0,681347.0,4,3,1
776334,2025-09-14,Philadelphia Phillies,Kansas City Royals,143,118,605400.0,702070.0,3,10,0
776329,2025-09-14,Atlanta Braves,Houston Astros,144,117,666214.0,664285.0,8,3,1
776322,2025-09-14,Toronto Blue Jays,Baltimore Orioles,141,110,669456.0,544150.0,11,2,1
776335,2025-09-14,New York Mets,Texas Rangers,121,140,690997.0,656641.0,5,2,1
776331,2025-09-14,Cleveland Guardians,Chicago White Sox,114,145,677944.0,672782.0,3,2,1
776332,2025-09-14,Miami Marlins,Detroit Tigers,146,116,800049.0,672456.0,0,2,0
776324,2025-09-14,Minnesota Twins,Arizona Diamondbacks,142,109,641927.0,622503.0,4,6,0
776326,2025-09-14,Milwaukee Brewers,St. Louis Cardinals,158,138,500779.0,571945.0,2,3,0
776321,2025-09-14,Chicago Cubs,Tampa Bay Rays,112,139,684007.0,605288.0,4,3,1
776327,2025-09-14,Athletics,Cincinnati Reds,133,113,806960.0,666157.0,7,4,1
776325,2025-09-14,San Francisco Giants,Los Angeles Dodgers,137,119,592662.0,607192.0,2,10,0
776323,2025-09-14,San Diego Padres,Colorado Rockies,135,115,506433.0,608566.0,9,6,1
776317,2025-09-14,Seattle Mariners,Los Angeles Angels,136,108,669923.0,543294.0,11,2,1
776330,2025-09-14,Boston Red Sox,New York Yankees,111,147,676979.0,701542.0,6,4,1
776318,2025-09-15,Pittsburgh Pirates,Chicago Cubs,134,112,677952.0,592791.0,0,4,0
776315,2025-09-15,Washington Nationals,Atlanta Braves,120,144,680730.0,675911.0,3,11,0
776316,2025-09-15,Tampa Bay Rays,Toronto Blue Jays,139,141,671212.0,702056.0,1,2,0
776314,2025-09-15,Chicago White Sox,Baltimore Orioles,145,110,656457.0,680694.0,1,4,0
776313,2025-09-15,Minnesota Twins,New York Yankees,142,147,680573.0,607074.0,7,0,1
776312,2025-09-15,St. Louis Cardinals,Cincinnati Reds,138,113,669461.0,641793.0,6,11,0
776319,2025-09-15,Houston Astros,Texas Rangers,117,140,669920.0,683004.0,6,3,1
776309,2025-09-15,Arizona Diamondbacks,San Francisco Giants,109,137,668678.0,678906.0,8,1,1
776311,2025-09-15,Los Angeles Dodgers,Philadelphia Phillies,119,143,607455.0,624133.0,5,6,0
776307,2025-09-16,Washington Nationals,Atlanta Braves,120,144,669022.0,519242.0,0,5,0
776303,2025-09-16,Detroit Tigers,Cleveland Guardians,116,114,663554.0,676282.0,5,7,0
776308,2025-09-16,Pittsburgh Pirates,Chicago Cubs,134,112,694973.0,690990.0,1,4,0
776310,2025-09-16,Boston Red Sox,Athletics,111,133,813349.0,605488.0,1,2,0
776304,2025-09-16,New York Mets,San Diego Padres,121,135,605280.0,650633.0,8,3,1
776305,2025-09-16,Tampa Bay Rays,Toronto Blue Jays,139,141,686752.0,621244.0,5,6,0
776302,2025-09-16,Kansas City Royals,Seattle Mariners,118,136,608379.0,669302.0,5,12,0
776306,2025-09-16,Chicago White Sox,Baltimore Orioles,145,110,681343.0,665152.0,7,8,0
776298,2025-09-16,Minnesota Twins,New York Yankees,142,147,805673.0,693645.0,9,10,0
776295,2025-09-16,Milwaukee Brewers,Los Angeles Angels,158,108,642547.0,702674.0,9,2,1
776300,2025-09-16,St. Louis Cardinals,Cincinnati Reds,138,113,700241.0,671096.0,3,0,1
776301,2025-09-16,Houston Astros,Texas Rangers,117,140,805123.0,518876.0,6,5,1
776293,2025-09-16,Colorado Rockies,Miami Marlins,115,146,607536.0,691587.0,5,6,0
776294,2025-09-16,Arizona Diamondbacks,San Francisco Giants,109,137,593958.0,663941.0,6,5,1
776297,2025-09-16,Los Angeles Dodgers,Philadelphia Phillies,119,143,660271.0,650911.0,6,9,0
776287,2025-09-17,Pittsburgh Pirates,Chicago Cubs,134,112,670912.0,571510.0,4,8,0
776283,2025-09-17,St. Louis Cardinals,Cincinnati Reds,138,113,669467.0,663903.0,2,6,0
776285,2025-09-17,Chicago White Sox,Baltimore Orioles,145,110,527048.0,669330.0,1,3,0
776279,2025-09-17,Arizona Diamondbacks,San Francisco Giants,109,137,694297.0,434378.0,1,5,0
776286,2025-09-17,Washington Nationals,Atlanta Braves,120,144,695418.0,694462.0,4,9,0
776296,2025-09-17,Detroit Tigers,Cleveland Guardians,116,114,656427.0,668909.0,0,4,0
776299,2025-09-17,Boston Red Sox,Athletics,111,133,608337.0,686930.0,5,4,1
776290,2025-09-17,Tampa Bay Rays,Toronto Blue Jays,139,141,693855.0,592332.0,2,1,1
776288,2025-09-17,New York Mets,San Diego Padres,121,135,656849.0,601713.0,4,7,0
776289,2025-09-17,Kansas City Royals,Seattle Mariners,118,136,666142.0,682243.0,7,5,1
776284,2025-09-17,Minnesota Twins,New York Yankees,142,147,671737.0,661563.0,5,10,0
776291,2025-09-17,Milwaukee Brewers,Los Angeles Angels,158,108,605540.0,667755.0,9,2,1
776292,2025-09-17,Houston Astros,Texas Rangers,117,140,664299.0,594798.0,5,2,1
776277,2025-09-17,Colorado Rockies,Miami Marlins,115,146,685326.0,677960.0,4,8,0
776280,2025-09-17,Los Angeles Dodgers,Philadelphia Phillies,119,143,605483.0,666200.0,5,0,1
776275,2025-09-18,Detroit Tigers,Cleveland Guardians,116,114,669373.0,676440.0,1,3,0
776276,2025-09-18,New York Mets,San Diego Padres,121,135,804636.0,681190.0,6,1,1
776269,2025-09-18,Tampa Bay Rays,Toronto Blue Jays,139,141,669358.0,605135.0,4,0,1
776281,2025-09-18,Boston Red Sox,Athletics,111,133,678394.0,669372.0,3,5,0
776272,2025-09-18,Kansas City Royals,Seattle Mariners,118,136,663568.0,622491.0,0,2,0
776270,2025-09-18,Colorado Rockies,Miami Marlins,115,146,685299.0,645261.0,7,9,0
776282,2025-09-18,Cincinnati Reds,Chicago Cubs,113,112,668881.0,607067.0,1,0,1
776278,2025-09-18,Baltimore Orioles,New York Yankees,110,147,700249.0,608331.0,0,7,0
776274,2025-09-18,Milwaukee Brewers,Los Angeles Angels,158,108,682990.0,579328.0,5,2,1
776271,2025-09-18,Los Angeles Dodgers,San Francisco Giants,119,137,808967.0,657277.0,2,1,1
776267,2025-09-19,Cincinnati Reds,Chicago Cubs,113,112,666157.0,684007.0,7,4,1
776266,2025-09-19,Pittsburgh Pirates,Athletics,134,133,656605.0,622663.0,3,4,0
776268,2025-09-19,Detroit Tigers,Atlanta Braves,116,144,450203.0,693821.0,1,10,0
776273,2025-09-19,Baltimore Orioles,New York Yankees,110,147,669432.0,701542.0,4,2,1
776259,2025-09-19,New York Mets,Washington Nationals,121,120,687075.0,674841.0,12,6,1
776261,2025-09-19,Tampa Bay Rays,Boston Red Sox,139,111,656876.0,676979.0,7,11,0
776260,2025-09-19,Kansas City Royals,Toronto Blue Jays,118,141,547179.0,453286.0,20,1,1
776264,2025-09-19,Chicago White Sox,San Diego Padres,145,135,663436.0,656302.0,4,3,1
776251,2025-09-19,Texas Rangers,Miami Marlins,140,146,641816.0,676083.0,4,6,0
776253,2025-09-19,Colorado Rockies,Los Angeles Angels,115,108,687134.0,815083.0,7,6,1
776262,2025-09-19,Houston Astros,Seattle Mariners,117,136,686613.0,693433.0,0,4,0
776263,2025-09-19,Minnesota Twins,Cleveland Guardians,142,114,641154.0,800048.0,2,6,0
776265,2025-09-19,St. Louis Cardinals,Milwaukee Brewers,138,158,543243.0,694819.0,7,1,1
776255,2025-09-19,Arizona Diamondbacks,Philadelphia Phillies,109,143,669194.0,592836.0,2,8,0
776256,2025-09-19,Los Angeles Dodgers,San Francisco Giants,119,137,477132.0,592662.0,6,3,1
776258,2025-09-20,Detroit Tigers,Atlanta Braves,116,144,672456.0,666214.0,5,6,0
776243,2025-09-20,Minnesota Twins,Cleveland Guardians,142,114,641927.0,671106.0,0,8,0
776252,2025-09-20,New York Mets,Washington Nationals,121,120,690997.0,676917.0,3,5,0
776254,2025-09-20,Cincinnati Reds,Chicago Cubs,113,112,641793.0,665871.0,6,3,1
776249,2025-09-20,Pittsburgh Pirates,Athletics,134,133,,806960.0,2,0,1
776247,2025-09-20,Tampa Bay Rays,Boston Red Sox,139,111,605288.0,690986.0,3,6,0
776242,2025-09-20,Texas Rangers,Miami Marlins,140,146,683004.0,800049.0,3,4,0
776257,2025-09-20,Baltimore Orioles,New York Yankees,110,147,608372.0,607074.0,1,6,0
776248,2025-09-20,Houston Astros,Seattle Mariners,117,136,664285.0,669923.0,4,6,0
776245,2025-09-20,Kansas City Royals,Toronto Blue Jays,118,141,702070.0,669456.0,2,1,1
776250,2025-09-20,Chicago White Sox,San Diego Padres,145,135,672782.0,506433.0,3,7,0
776244,2025-09-20,St. Louis Cardinals,Milwaukee Brewers,138,158,571945.0,694477.0,2,3,0
776241,2025-09-20,Colorado Rockies,Los Angeles Angels,115,108,608566.0,543294.0,0,3,0
776246,2025-09-20,Arizona Diamondbacks,Philadelphia Phillies,109,143,668678.0,605400.0,4,3,1
776233,2025-09-20,Los Angeles Dodgers,San Francisco Giants,119,137,607192.0,678906.0,7,5,1
776238,2025-09-21,Detroit Tigers,Atlanta Braves,116,144,663554.0,675911.0,2,6,0
776234,2025-09-21,Pittsburgh Pirates,Athletics,134,133,681347.0,687765.0,11,0,1
776240,2025-09-21,Baltimore Orioles,New York Yankees,110,147,680694.0,693645.0,1,7,0
776239,2025-09-21,Cincinnati Reds,Chicago Cubs,113,112,671096.0,592791.0,1,0,1
776237,2025-09-21,New York Mets,Washington Nationals,121,120,640455.0,663623.0,2,3,0
776229,2025-09-21,Kansas City Royals,Toronto Blue Jays,118,141,608379.0,702056.0,5,8,0
776225,2025-09-21,Minnesota Twins,Cleveland Guardians,142,114,680573.0,676282.0,6,2,1
776235,2025-09-21,Chicago White Sox,San Diego Padres,145,135,680732.0,650633.0,2,3,0
776231,2025-09-21,St. Louis Cardinals,Milwaukee Brewers,138,158,669461.0,688107.0,5,1,1
776226,2025-09-21,Texas Rangers,Miami Marlins,140,146,518876.0,691587.0,2,4,0
776232,2025-09-21,Colorado Rockies,Los Angeles Angels,115,108,607536.0,702674.0,3,1,1
776227,2025-09-21,Los Angeles Dodgers,San Francisco Giants,119,137,686218.0,686790.0,1,3,0
776230,2025-09-21,Arizona Diamondbacks,Philadelphia Phillies,109,143,593958.0,624133.0,9,2,1
776228,2025-09-21,Houston Astros,Seattle Mariners,117,136,669920.0,669302.0,3,7,0
776236,2025-09-21,Tampa Bay Rays,Boston Red Sox,139,111,671212.0,813349.0,7,3,1
776221,2025-09-22,Atlanta Braves,Washington Nationals,144,120,519242.0,669022.0,11,5,1
776222,2025-09-22,San Diego Padres,Milwaukee Brewers,135,158,601713.0,642547.0,5,4,1
776220,2025-09-22,San Francisco Giants,St. Louis Cardinals,137,138,434378.0,700241.0,5,6,0
776223,2025-09-23,Baltimore Orioles,Tampa Bay Rays,110,139,665152.0,686752.0,6,0,1
776218,2025-09-23,Cleveland Guardians,Detroit Tigers,114,116,668909.0,669373.0,5,2,1
776224,2025-09-23,Cincinnati Reds,Pittsburgh Pirates,113,134,663903.0,670912.0,2,4,0
776215,2025-09-23,Philadelphia Phillies,Miami Marlins,143,146,650911.0,665795.0,5,6,0
776216,2025-09-23,New York Yankees,Chicago White Sox,147,145,661563.0,681343.0,3,2,1
776217,2025-09-23,Toronto Blue Jays,Boston Red Sox,141,111,592332.0,608337.0,1,4,0
776219,2025-09-23,Atlanta Braves,Washington Nationals,144,120,694462.0,695418.0,3,2,1
776209,2025-09-23,Chicago Cubs,New York Mets,112,121,690990.0,656849.0,7,9,0
776210,2025-09-23,Texas Rangers,Minnesota Twins,140,142,571578.0,805673.0,1,4,0
776207,2025-09-23,Los Angeles Angels,Kansas City Royals,108,118,691951.0,666142.0,4,8,0
776213,2025-09-23,Arizona Diamondbacks,Los Angeles Dodgers,109,119,694297.0,660271.0,5,4,1
776212,2025-09-23,Seattle Mariners,Colorado Rockies,136,115,682243.0,685326.0,4,3,1
776214,2025-09-23,San Diego Padres,Milwaukee Brewers,135,158,681190.0,669145.0,7,0,1
776211,2025-09-23,San Francisco Giants,St. Louis Cardinals,137,138,657277.0,669467.0,8,9,0
776208,2025-09-23,Athletics,Houston Astros,133,117,605488.0,664299.0,5,1,1
776200,2025-09-24,Atlanta Braves,Washington Nationals,144,120,693821.0,674841.0,3,4,0
776198,2025-09-24,San Diego Padres,Milwaukee Brewers,135,158,656302.0,694477.0,1,3,0
776203,2025-09-24,Baltimore Orioles,Tampa Bay Rays,110,139,669330.0,669358.0,2,6,0
776204,2025-09-24,Cleveland Guardians,Detroit Tigers,114,116,676440.0,656427.0,5,1,1
776202,2025-09-24,Cincinnati Reds,Pittsburgh Pirates,113,134,668881.0,694973.0,3,4,0
776201,2025-09-24,Philadelphia Phillies,Miami Marlins,143,146,666200.0,677960.0,11,1,1
776199,2025-09-24,New York Yankees,Chicago White Sox,147,145,608331.0,686642.0,8,1,1
776206,2025-09-24,Toronto Blue Jays,Boston Red Sox,141,111,453286.0,676979.0,1,7,0
776205,2025-09-24,Chicago Cubs,New York Mets,112,121,571510.0,804636.0,10,3,1
776192,2025-09-24,Texas Rangers,Minnesota Twins,140,142,594798.0,671737.0,4,2,1
776197,2025-09-24,Los Angeles Angels,Kansas City Royals,108,118,579328.0,663568.0,3,2,1
776193,2025-09-24,Arizona Diamondbacks,Los Angeles Dodgers,109,119,669194.0,605483.0,4,5,0
776194,2025-09-24,Seattle Mariners,Colorado Rockies,136,115,622491.0,685299.0,9,2,1
776196,2025-09-24,San Francisco Giants,St. Louis Cardinals,137,138,664141.0,543243.0,4,3,1
776195,2025-09-24,Athletics,Houston Astros,133,117,622663.0,686613.0,6,0,1
776190,2025-09-25,Cincinnati Reds,Pittsburgh Pirates,113,134,666157.0,677952.0,2,1,1
776191,2025-09-25,Baltimore Orioles,Tampa Bay Rays,110,139,700249.0,656876.0,6,5,1
776183,2025-09-25,Texas Rangers,Minnesota Twins,140,142,641816.0,641927.0,0,4,0
776182,2025-09-25,Athletics,Houston Astros,133,117,669372.0,664285.0,5,11,0
776185,2025-09-25,Arizona Diamondbacks,Los Angeles Dodgers,109,119,656222.0,808967.0,0,8,0
776188,2025-09-25,Philadelphia Phillies,Miami Marlins,143,146,621111.0,676083.0,1,0,1
776189,2025-09-25,Cleveland Guardians,Detroit Tigers,114,116,800048.0,675512.0,2,4,0
776184,2025-09-25,New York Yankees,Chicago White Sox,147,145,607074.0,663436.0,5,3,1
776186,2025-09-25,Toronto Blue Jays,Boston Red Sox,141,111,686973.0,678394.0,6,1,1
776187,2025-09-25,Chicago Cubs,New York Mets,112,121,684007.0,690997.0,5,8,0
776178,2025-09-25,Los Angeles Angels,Kansas City Royals,108,118,815083.0,547179.0,4,9,0
776179,2025-09-25,Seattle Mariners,Colorado Rockies,136,115,676106.0,687134.0,6,2,1
776167,2025-09-26,Chicago Cubs,St. Louis Cardinals,112,138,607067.0,571945.0,12,1,1
776176,2025-09-26,Philadelphia Phillies,Minnesota Twins,143,142,605400.0,657746.0,3,1,1
776165,2025-09-26,Washington Nationals,Chicago White Sox,120,145,676917.0,672782.0,9,10,0
776174,2025-09-26,New York Yankees,Baltimore Orioles,147,110,701542.0,669432.0,8,4,1
776177,2025-09-26,Toronto Blue Jays,Tampa Bay Rays,141,139,669456.0,605288.0,4,2,1
776181,2025-09-26,Boston Red Sox,Detroit Tigers,111,116,690986.0,663554.0,4,3,1
776175,2025-09-26,Cleveland Guardians,Texas Rangers,114,140,677944.0,683004.0,3,7,0
776173,2025-09-26,Miami Marlins,New York Mets,146,121,645261.0,687075.0,6,2,1
776180,2025-09-26,Atlanta Braves,Pittsburgh Pirates,144,134,666214.0,656605.0,3,9,0
776171,2025-09-26,Milwaukee Brewers,Cincinnati Reds,158,113,682990.0,641793.0,1,3,0
776169,2025-09-26,Los Angeles Angels,Houston Astros,108,117,543294.0,669920.0,4,3,1
776170,2025-09-26,San Diego Padres,Arizona Diamondbacks,135,109,506433.0,668678.0,7,4,1
776168,2025-09-26,Seattle Mariners,Los Angeles Dodgers,136,119,669923.0,686218.0,2,3,0
776172,2025-09-26,Athletics,Kansas City Royals,133,118,686930.0,702070.0,4,3,1
776166,2025-09-26,San Francisco Giants,Colorado Rockies,137,115,686790.0,608566.0,6,3,1
776162,2025-09-27,New York Yankees,Baltimore Orioles,147,110,693645.0,608372.0,6,1,1
776164,2025-09-27,Chicago Cubs,St. Louis Cardinals,112,138,592791.0,700241.0,7,3,1
776159,2025-09-27,Toronto Blue Jays,Tampa Bay Rays,141,139,702056.0,671212.0,5,1,1
776146,2025-09-27,San Francisco Giants,Colorado Rockies,137,115,434378.0,607536.0,4,3,1
776160,2025-09-27,Washington Nationals,Chicago White Sox,120,145,663623.0,656457.0,6,5,1
776157,2025-09-27,Boston Red Sox,Detroit Tigers,111,116,813349.0,672456.0,1,2,0
776161,2025-09-27,Miami Marlins,New York Mets,146,121,691587.0,605280.0,0,5,0
776163,2025-09-27,Philadelphia Phillies,Minnesota Twins,143,142,624133.0,690953.0,0,5,0
776158,2025-09-27,Cleveland Guardians,Texas Rangers,114,140,676282.0,656641.0,3,2,1
776156,2025-09-27,Atlanta Braves,Pittsburgh Pirates,144,134,675911.0,696149.0,1,3,0
776153,2025-09-27,Milwaukee Brewers,Cincinnati Reds,158,113,688107.0,671096.0,4,7,0
776152,2025-09-27,San Diego Padres,Arizona Diamondbacks,135,109,650633.0,593958.0,5,1,1
776155,2025-09-27,Los Angeles Angels,Houston Astros,108,117,702674.0,805123.0,1,6,0
776150,2025-09-27,Seattle Mariners,Los Angeles Dodgers,136,119,669302.0,607192.0,3,5,0
776154,2025-09-27,Athletics,Kansas City Royals,133,118,806960.0,608379.0,2,4,0
776151,2025-09-28,Boston Red Sox,Detroit Tigers,111,116,592254.0,663978.0,4,3,1
776138,2025-09-28,Athletics,Kansas City Royals,133,118,669620.0,666142.0,2,9,0
776137,2025-09-28,San Francisco Giants,Colorado Rockies,137,115,657277.0,685326.0,4,0,1
776141,2025-09-28,Philadelphia Phillies,Minnesota Twins,143,142,650911.0,680573.0,2,1,1
776143,2025-09-28,Washington Nationals,Chicago White Sox,120,145,695418.0,681343.0,0,8,0
776140,2025-09-28,New York Yankees,Baltimore Orioles,147,110,661563.0,680694.0,3,2,1
776135,2025-09-28,Los Angeles Angels,Houston Astros,108,117,691951.0,621121.0,2,6,0
776145,2025-09-28,Toronto Blue Jays,Tampa Bay Rays,141,139,592332.0,693855.0,13,4,1
776136,2025-09-28,San Diego Padres,Arizona Diamondbacks,135,109,676664.0,694297.0,12,4,1
776139,2025-09-28,Seattle Mariners,Los Angeles Dodgers,136,119,682243.0,477132.0,1,6,0
776147,2025-09-28,Cleveland Guardians,Texas Rangers,114,140,671106.0,571578.0,9,8,1
776148,2025-09-28,Miami Marlins,New York Mets,146,121,665795.0,640455.0,4,0,1
776144,2025-09-28,Milwaukee Brewers,Cincinnati Reds,158,113,642547.0,663903.0,4,2,1
776149,2025-09-28,Atlanta Braves,Pittsburgh Pirates,144,134,450203.0,670912.0,4,1,1
776142,2025-09-28,Chicago Cubs,St. Louis Cardinals,112,138,665871.0,681517.0,2,0,1
813072,2025-09-30,Cleveland Guardians,Detroit Tigers,114,116,668909.0,669373.0,1,2,0
813066,2025-09-30,Chicago Cubs,San Diego Padres,112,135,571510.0,601713.0,3,1,1
813074,2025-09-30,New York Yankees,Boston Red Sox,147,111,608331.0,676979.0,1,3,0
813069,2025-09-30,Los Angeles Dodgers,Cincinnati Reds,119,113,605483.0,668881.0,10,5,1
813071,2025-10-01,Cleveland Guardians,Detroit Tigers,114,116,676440.0,663554.0,6,1,1
813064,2025-10-01,Chicago Cubs,San Diego Padres,112,135,552640.0,656302.0,0,3,0
813070,2025-10-01,New York Yankees,Boston Red Sox,147,111,607074.0,678394.0,4,3,1
813068,2025-10-01,Los Angeles Dodgers,Cincinnati Reds,119,113,808967.0,641793.0,8,4,1
813073,2025-10-02,Cleveland Guardians,Detroit Tigers,114,116,677944.0,656427.0,3,6,0
813059,2025-10-02,Chicago Cubs,San Diego Padres,112,135,592791.0,506433.0,3,1,1
813065,2025-10-02,New York Yankees,Boston Red Sox,147,111,693645.0,813349.0,4,0,1
813047,2025-10-04,Milwaukee Brewers,Chicago Cubs,158,112,642547.0,571510.0,9,3,1
813063,2025-10-04,Toronto Blue Jays,New York Yankees,141,147,592332.0,661563.0,10,1,1
813051,2025-10-04,Philadelphia Phillies,Los Angeles Dodgers,143,119,650911.0,660271.0,3,5,0
813058,2025-10-04,Seattle Mariners,Detroit Tigers,136,116,669923.0,675512.0,2,3,0
813062,2025-10-05,Toronto Blue Jays,New York Yankees,141,147,702056.0,608331.0,13,7,1
813057,2025-10-05,Seattle Mariners,Detroit Tigers,136,116,622491.0,669373.0,3,2,1
813052,2025-10-06,Philadelphia Phillies,Los Angeles Dodgers,143,119,666200.0,605483.0,3,4,0
813048,2025-10-06,Milwaukee Brewers,Chicago Cubs,158,112,676879.0,684007.0,7,3,1
813056,2025-10-07,Detroit Tigers,Seattle Mariners,116,136,656427.0,669302.0,4,8,0
813061,2025-10-07,New York Yankees,Toronto Blue Jays,147,141,607074.0,669456.0,9,6,1
813055,2025-10-08,Detroit Tigers,Seattle Mariners,116,136,663554.0,682243.0,9,3,1
813049,2025-10-08,Chicago Cubs,Milwaukee Brewers,112,158,592791.0,682990.0,4,3,1
813060,2025-10-08,New York Yankees,Toronto Blue Jays,147,141,693645.0,686973.0,2,5,0
813041,2025-10-08,Los Angeles Dodgers,Philadelphia Phillies,119,143,808967.0,605400.0,2,8,0
813042,2025-10-09,Los Angeles Dodgers,Philadelphia Phillies,119,143,607192.0,650911.0,2,1,1
813050,2025-10-09,Chicago Cubs,Milwaukee Brewers,112,158,571510.0,642547.0,6,0,1
813054,2025-10-10,Seattle Mariners,Detroit Tigers,136,116,669923.0,669373.0,3,2,1
813046,2025-10-11,Milwaukee Brewers,Chicago Cubs,158,112,656730.0,519141.0,3,1,1
813040,2025-10-12,Toronto Blue Jays,Seattle Mariners,141,136,592332.0,682243.0,1,3,0
813044,2025-10-13,Toronto Blue Jays,Seattle Mariners,141,136,702056.0,669302.0,3,10,0
813036,2025-10-13,Milwaukee Brewers,Los Angeles Dodgers,158,119,676879.0,605483.0,1,2,0
813034,2025-10-14,Milwaukee Brewers,Los Angeles Dodgers,158,119,642547.0,808967.0,1,5,0
813043,2025-10-15,Seattle Mariners,Toronto Blue Jays,136,141,669923.0,669456.0,4,13,0
813033,2025-10-16,Los Angeles Dodgers,Milwaukee Brewers,119,158,607192.0,676879.0,3,1,1
813035,2025-10-16,Seattle Mariners,Toronto Blue Jays,136,141,622491.0,453286.0,2,8,0
813039,2025-10-17,Seattle Mariners,Toronto Blue Jays,136,141,682243.0,592332.0,6,2,1
813031,2025-10-17,Los Angeles Dodgers,Milwaukee Brewers,119,158,660271.0,500779.0,5,1,1
813038,2025-10-19,Toronto Blue Jays,Seattle Mariners,141,136,702056.0,669302.0,6,2,1
813037,2025-10-20,Toronto Blue Jays,Seattle Mariners,141,136,669456.0,669923.0,4,3,1
813027,2025-10-24,Toronto Blue Jays,Los Angeles Dodgers,141,119,702056.0,605483.0,11,4,1
813026,2025-10-25,Toronto Blue Jays,Los Angeles Dodgers,141,119,592332.0,808967.0,1,5,0
813032,2025-10-27,Los Angeles Dodgers,Toronto Blue Jays,119,141,607192.0,453286.0,6,5,1
813023,2025-10-28,Los Angeles Dodgers,Toronto Blue Jays,119,141,660271.0,669456.0,2,6,0
813022,2025-10-29,Los Angeles Dodgers,Toronto Blue Jays,119,141,605483.0,702056.0,1,6,0
813025,2025-10-31,Toronto Blue Jays,Los Angeles Dodgers,141,119,592332.0,808967.0,1,3,0
813024,2025-11-01,Toronto Blue Jays,Los Angeles Dodgers,141,119,453286.0,660271.0,4,5,0
832034,2026-02-20,Baltimore Orioles,New York Yankees,110,147,669432.0,695684.0,2,0,1
832033,2026-02-20,Boston Red Sox,Northeastern Huskies,111,343,700413.0,832084.0,18,3,1
831829,2026-02-20,Texas Rangers,Kansas City Royals,140,118,543135.0,663568.0,3,7,0
832042,2026-02-20,Chicago Cubs,Chicago White Sox,112,145,592791.0,686563.0,1,8,0
831959,2026-02-20,Colorado Rockies,Arizona Diamondbacks,115,109,622608.0,641672.0,2,3,0
831764,2026-02-20,Seattle Mariners,San Diego Padres,136,135,641540.0,695247.0,7,4,1
832043,2026-02-20,Minnesota Twins,Minnesota Golden Gophers,142,4864,805673.0,,10,3,1
831598,2026-02-21,Washington Nationals,Houston Astros,120,117,671109.0,676467.0,2,1,1
831544,2026-02-21,Baltimore Orioles,Pittsburgh Pirates,110,134,665152.0,696062.0,2,8,0
831494,2026-02-21,St. Louis Cardinals,Washington Nationals,138,120,669461.0,829272.0,2,6,0
831654,2026-02-21,Minnesota Twins,Boston Red Sox,142,111,834575.0,801139.0,2,7,0
831543,2026-02-21,Tampa Bay Rays,Atlanta Braves,139,144,694375.0,471911.0,1,5,0
831655,2026-02-21,New York Yankees,Detroit Tigers,147,116,801739.0,672456.0,20,3,1
831542,2026-02-21,Toronto Blue Jays,Philadelphia Phillies,141,143,641778.0,669060.0,3,0,1
831497,2026-02-21,New York Mets,Miami Marlins,121,146,663399.0,702281.0,1,2,0
831900,2026-02-21,Cleveland Guardians,Cincinnati Reds,114,113,671106.0,695505.0,4,2,1
831775,2026-02-21,Kansas City Royals,San Diego Padres,118,135,686701.0,663362.0,3,10,0
831732,2026-02-21,Chicago Cubs,Texas Rangers,112,140,571510.0,677958.0,2,3,0
831948,2026-02-21,Chicago White Sox,Athletics,145,133,669684.0,678022.0,11,2,1
831872,2026-02-21,Arizona Diamondbacks,Colorado Rockies,109,115,683352.0,678368.0,6,11,0
832063,2026-02-21,Los Angeles Angels,Los Angeles Dodgers,108,119,667755.0,808967.0,2,15,0
831750,2026-02-21,Seattle Mariners,San Francisco Giants,136,137,676106.0,806185.0,5,10,0
831878,2026-02-21,Milwaukee Brewers,Cleveland Guardians,158,114,668831.0,676282.0,6,9,0
831657,2026-02-22,Detroit Tigers,Baltimore Orioles,116,110,656427.0,680694.0,4,4,0
831548,2026-02-22,Houston Astros,St. Louis Cardinals,117,138,681347.0,681517.0,5,6,0
831596,2026-02-22,Pittsburgh Pirates,Tampa Bay Rays,134,139,656605.0,663765.0,7,4,1
831656,2026-02-22,Boston Red Sox,Toronto Blue Jays,111,141,678394.0,800125.0,11,10,1
831484,2026-02-22,Philadelphia Phillies,Pittsburgh Pirates,143,134,670950.0,677952.0,3,4,0
831597,2026-02-22,Atlanta Braves,Minnesota Twins,144,142,519242.0,671737.0,1,8,0
831537,2026-02-22,New York Yankees,New York Mets,147,121,661563.0,663795.0,4,6,0
831495,2026-02-22,Miami Marlins,Washington Nationals,146,120,645261.0,680730.0,8,16,0
831886,2026-02-22,Athletics,Cleveland Guardians,133,114,622663.0,800048.0,0,6,0
831744,2026-02-22,Cincinnati Reds,Seattle Mariners,113,136,683742.0,677976.0,8,14,0
831922,2026-02-22,San Francisco Giants,Chicago Cubs,137,112,592662.0,607067.0,4,2,1
831859,2026-02-22,Texas Rangers,Colorado Rockies,140,115,669022.0,623474.0,9,5,1
831790,2026-02-22,Chicago White Sox,Milwaukee Brewers,145,158,678024.0,701656.0,5,2,1
831830,2026-02-22,Arizona Diamondbacks,Los Angeles Angels,109,108,684442.0,666201.0,9,10,0
831803,2026-02-22,San Diego Padres,Los Angeles Dodgers,135,119,681190.0,701328.0,1,5,0
831841,2026-02-22,Milwaukee Brewers,Kansas City Royals,158,118,688107.0,663559.0,3,7,0
831652,2026-02-23,Tampa Bay Rays,Boston Red Sox,139,111,656876.0,813349.0,2,1,1
831658,2026-02-23,Detroit Tigers,Minnesota Twins,116,142,669373.0,690953.0,0,3,0
831540,2026-02-23,Baltimore Orioles,Atlanta Braves,110,144,700249.0,803833.0,7,10,0
831485,2026-02-23,St. Louis Cardinals,Miami Marlins,138,146,700241.0,691587.0,5,4,1
831595,2026-02-23,Pittsburgh Pirates,New York Yankees,134,147,696149.0,642232.0,2,6,0
831539,2026-02-23,Toronto Blue Jays,New York Mets,141,121,621244.0,605280.0,3,4,0
831955,2026-02-23,Cleveland Guardians,Arizona Diamondbacks,114,109,676440.0,664199.0,9,5,1
831927,2026-02-23,Kansas City Royals,Chicago Cubs,118,112,607625.0,676962.0,2,3,0
831745,2026-02-23,Los Angeles Dodgers,Seattle Mariners,119,136,689017.0,669302.0,3,0,1
831939,2026-02-23,San Francisco Giants,Athletics,137,133,664141.0,669372.0,6,2,1
831724,2026-02-23,Los Angeles Angels,Texas Rangers,108,140,672282.0,683004.0,0,6,0
831912,2026-02-23,Colorado Rockies,Chicago White Sox,115,145,547179.0,681343.0,5,4,1
831783,2026-02-23,San Diego Padres,Milwaukee Brewers,135,158,676664.0,668834.0,7,5,1
831483,2026-02-23,Washington Nationals,Philadelphia Phillies,120,143,663623.0,660604.0,5,5,0
831534,2026-02-24,Boston Red Sox,Pittsburgh Pirates,111,134,624133.0,669387.0,7,16,0
831651,2026-02-24,Minnesota Twins,Baltimore Orioles,142,110,702193.0,544150.0,5,10,0
831650,2026-02-24,Tampa Bay Rays,Minnesota Twins,139,142,671212.0,681306.0,12,1,1
831594,2026-02-24,Atlanta Braves,Detroit Tigers,144,116,625643.0,646241.0,8,1,1
831649,2026-02-24,Toronto Blue Jays,New York Yankees,141,147,814804.0,701542.0,7,8,0
831593,2026-02-24,New York Mets,Houston Astros,121,117,811307.0,669920.0,6,6,0
831489,2026-02-24,Miami Marlins,Philadelphia Phillies,146,143,663978.0,686751.0,6,1,1
831847,2026-02-24,Cincinnati Reds,Kansas City Royals,113,118,671096.0,608379.0,5,4,1
831876,2026-02-24,Los Angeles Dodgers,Cleveland Guardians,119,114,694813.0,668909.0,11,3,1
831781,2026-02-24,Chicago Cubs,San Diego Padres,112,135,684007.0,594835.0,6,5,1
831951,2026-02-24,Texas Rangers,Arizona Diamondbacks,140,109,656641.0,647336.0,4,6,0
831797,2026-02-24,Athletics,Milwaukee Brewers,133,158,686930.0,642239.0,0,10,0
831825,2026-02-24,Colorado Rockies,Los Angeles Angels,115,108,801403.0,686799.0,7,5,1
832060,2026-02-24,Los Angeles Angels,San Francisco Giants,108,137,680570.0,657277.0,1,4,0
831906,2026-02-24,Seattle Mariners,Chicago White Sox,136,145,669923.0,641743.0,10,12,0
831491,2026-02-24,Washington Nationals,St. Louis Cardinals,120,138,676917.0,669467.0,6,1,1
831653,2026-02-25,Baltimore Orioles,Tampa Bay Rays,110,139,669432.0,811315.0,4,3,1
831647,2026-02-25,Detroit Tigers,Toronto Blue Jays,116,141,663554.0,664074.0,4,4,0
831645,2026-02-25,Minnesota Twins,Boston Red Sox,142,111,681892.0,670912.0,3,5,0
831591,2026-02-25,Philadelphia Phillies,Detroit Tigers,143,116,641745.0,680744.0,5,3,1
831490,2026-02-25,Atlanta Braves,Pittsburgh Pirates,144,134,693821.0,694973.0,3,1,1
831488,2026-02-25,New York Mets,St. Louis Cardinals,121,138,804636.0,690916.0,0,6,0
831584,2026-02-25,Miami Marlins,Houston Astros,146,117,663969.0,686613.0,1,4,0
831870,2026-02-25,Chicago Cubs,Colorado Rockies,112,115,592791.0,500779.0,7,14,0
831741,2026-02-25,Kansas City Royals,Seattle Mariners,118,136,702070.0,693433.0,8,8,0
831730,2026-02-25,Cleveland Guardians,Texas Rangers,114,140,677944.0,543135.0,4,11,0
831901,2026-02-25,Chicago White Sox,Cincinnati Reds,145,113,663436.0,666157.0,2,3,0
831815,2026-02-25,Arizona Diamondbacks,Los Angeles Dodgers,109,119,668678.0,808963.0,7,10,0
831819,2026-02-25,San Diego Padres,Los Angeles Angels,135,108,650633.0,691946.0,7,3,1
831753,2026-02-25,Milwaukee Brewers,San Francisco Giants,158,137,692230.0,605288.0,13,12,1
831538,2026-02-25,New York Yankees,Washington Nationals,147,120,677960.0,674841.0,7,0,1
831644,2026-02-26,Baltimore Orioles,Detroit Tigers,110,116,665152.0,672456.0,6,5,1
831535,2026-02-26,Houston Astros,New York Mets,117,121,837227.0,690997.0,0,5,0
831589,2026-02-26,St. Louis Cardinals,Houston Astros,138,117,669461.0,663567.0,9,4,1
831643,2026-02-26,Boston Red Sox,Tampa Bay Rays,111,139,676979.0,571927.0,7,5,1
831590,2026-02-26,Pittsburgh Pirates,Minnesota Twins,134,142,664353.0,680573.0,6,4,1
831487,2026-02-26,Philadelphia Phillies,Washington Nationals,143,120,592836.0,671109.0,7,3,1
831536,2026-02-26,New York Yankees,Atlanta Braves,147,144,695684.0,471911.0,7,3,1
831541,2026-02-26,Toronto Blue Jays,Miami Marlins,141,146,592332.0,666129.0,7,8,0
831773,2026-02-26,Cincinnati Reds,San Diego Padres,113,135,695505.0,601713.0,11,10,1
831862,2026-02-26,San Francisco Giants,Colorado Rockies,137,115,694918.0,678368.0,3,11,0
831736,2026-02-26,Athletics,Texas Rangers,133,140,678022.0,615698.0,7,3,1
831911,2026-02-26,Los Angeles Dodgers,Chicago White Sox,119,145,607192.0,656794.0,7,6,1
831788,2026-02-26,Texas Rangers,Milwaukee Brewers,140,158,677958.0,676879.0,1,5,0
831926,2026-02-26,Los Angeles Angels,Chicago Cubs,108,112,667755.0,571510.0,5,4,1
831843,2026-02-26,Arizona Diamondbacks,Kansas City Royals,109,118,593958.0,686701.0,13,10,1
831875,2026-02-26,Seattle Mariners,Cleveland Guardians,136,114,682243.0,676282.0,8,7,1
831587,2026-02-27,Pittsburgh Pirates,Baltimore Orioles,134,110,656605.0,669358.0,6,1,1
831482,2026-02-27,St. Louis Cardinals,New York Mets,138,121,687273.0,642547.0,3,14,0
831646,2026-02-27,Tampa Bay Rays,Toronto Blue Jays,139,141,686752.0,641778.0,6,5,1
831528,2026-02-27,Detroit Tigers,Philadelphia Phillies,116,143,656427.0,691893.0,16,8,1
831588,2026-02-27,Atlanta Braves,Boston Red Sox,144,111,519242.0,678394.0,15,8,1
831486,2026-02-27,Philadelphia Phillies,Miami Marlins,143,146,605400.0,702281.0,10,2,1
831648,2026-02-27,Minnesota Twins,New York Yankees,142,147,694397.0,661563.0,5,17,0
831823,2026-02-27,Cincinnati Reds,Los Angeles Angels,113,108,695076.0,608718.0,3,4,0
831884,2026-02-27,Chicago Cubs,Cleveland Guardians,112,114,665795.0,671106.0,8,6,1
831946,2026-02-27,Kansas City Royals,Athletics,118,133,663559.0,605488.0,7,6,1
831805,2026-02-27,San Francisco Giants,Los Angeles Dodgers,137,119,592662.0,808967.0,12,4,1
831729,2026-02-27,Chicago White Sox,Texas Rangers,145,140,607200.0,669022.0,3,1,1
831776,2026-02-27,Colorado Rockies,San Diego Padres,115,135,685299.0,681190.0,3,2,1
831909,2026-02-27,Milwaukee Brewers,Chicago White Sox,158,145,687075.0,680732.0,5,2,1
831586,2026-02-27,Washington Nationals,Houston Astros,120,117,571945.0,621121.0,4,4,0
831952,2026-02-27,Seattle Mariners,Arizona Diamondbacks,136,109,622491.0,669194.0,1,3,0
831526,2026-02-28,Houston Astros,Pittsburgh Pirates,117,134,681347.0,677952.0,2,5,0
831637,2026-02-28,Tampa Bay Rays,Detroit Tigers,139,116,607259.0,623454.0,3,12,0
831635,2026-02-28,Boston Red Sox,Minnesota Twins,111,142,543243.0,671737.0,13,8,1
831530,2026-02-28,Baltimore Orioles,Atlanta Braves,110,144,680694.0,675911.0,5,7,0
831636,2026-02-28,New York Yankees,Toronto Blue Jays,147,141,621112.0,621244.0,5,1,1
831533,2026-02-28,Toronto Blue Jays,Philadelphia Phillies,141,143,656302.0,650911.0,7,5,1
831481,2026-02-28,New York Mets,Washington Nationals,121,120,668964.0,663623.0,2,3,0
831474,2026-02-28,Miami Marlins,St. Louis Cardinals,146,138,691587.0,700241.0,2,10,0
831925,2026-02-28,Los Angeles Dodgers,Chicago Cubs,119,112,680736.0,607067.0,2,6,0
831763,2026-02-28,Athletics,San Francisco Giants,133,137,806960.0,641816.0,2,8,0
831798,2026-02-28,Texas Rangers,Los Angeles Dodgers,140,119,683004.0,701328.0,7,6,1
831917,2026-02-28,Cleveland Guardians,Chicago White Sox,114,145,676440.0,681343.0,5,7,0
831957,2026-02-28,Los Angeles Angels,Arizona Diamondbacks,108,109,666201.0,683352.0,5,8,0
831845,2026-02-28,Colorado Rockies,Kansas City Royals,115,118,547179.0,607625.0,3,16,0
831738,2026-02-28,San Diego Padres,Seattle Mariners,135,136,676664.0,807739.0,7,1,1
831893,2026-02-28,Milwaukee Brewers,Cincinnati Reds,158,113,642239.0,668881.0,7,9,0
831638,2026-03-01,Boston Red Sox,Baltimore Orioles,111,110,624133.0,605135.0,7,8,0
831477,2026-03-01,St. Louis Cardinals,Pittsburgh Pirates,138,134,681517.0,682995.0,1,6,0
831639,2026-03-01,Detroit Tigers,Toronto Blue Jays,116,141,669373.0,814804.0,4,4,0
831585,2026-03-01,Atlanta Braves,Tampa Bay Rays,144,139,625643.0,656876.0,5,3,1
831531,2026-03-01,Minnesota Twins,Atlanta Braves,142,144,690953.0,656550.0,2,2,0
831475,2026-03-01,Washington Nationals,Miami Marlins,120,146,695418.0,663978.0,0,3,0
831578,2026-03-01,Philadelphia Phillies,New York Yankees,143,147,691725.0,701542.0,3,5,0
831579,2026-03-01,New York Mets,Houston Astros,121,117,605280.0,669920.0,4,3,1
831867,2026-03-01,Cleveland Guardians,Colorado Rockies,114,115,668909.0,801403.0,8,3,1
831827,2026-03-01,Los Angeles Dodgers,Los Angeles Angels,119,108,689017.0,672282.0,4,3,1
831899,2026-03-01,Athletics,Cincinnati Reds,133,113,669372.0,671096.0,12,4,1
831768,2026-03-01,San Francisco Giants,San Diego Padres,137,135,657277.0,608566.0,9,1,1
831914,2026-03-01,Chicago Cubs,Chicago White Sox,112,145,684007.0,641743.0,1,5,0
831794,2026-03-01,Kansas City Royals,Milwaukee Brewers,118,158,663460.0,694477.0,3,1,1
831888,2026-03-01,Arizona Diamondbacks,Cleveland Guardians,109,114,647336.0,682982.0,9,6,1
831721,2026-03-01,Seattle Mariners,Texas Rangers,136,140,669302.0,656641.0,4,9,0
831529,2026-03-02,Houston Astros,Washington Nationals,117,120,686613.0,680686.0,3,3,0
831577,2026-03-02,Pittsburgh Pirates,Tampa Bay Rays,134,139,605182.0,669438.0,4,1,1
831527,2026-03-02,Detroit Tigers,Atlanta Braves,116,144,664285.0,693821.0,2,5,0
831476,2026-03-02,St. Louis Cardinals,Miami Marlins,138,146,669467.0,800049.0,3,2,1
831640,2026-03-02,Toronto Blue Jays,Boston Red Sox,141,111,664074.0,670912.0,6,7,0
831930,2026-03-02,Cincinnati Reds,Chicago Cubs,113,112,663903.0,592791.0,17,9,1
831874,2026-03-02,Texas Rangers,Cleveland Guardians,140,114,596295.0,677944.0,3,1,1
831760,2026-03-02,Chicago White Sox,San Francisco Giants,145,137,663436.0,694738.0,5,6,0
831840,2026-03-02,Los Angeles Angels,Kansas City Royals,108,118,680570.0,702070.0,5,4,1
831808,2026-03-02,Colorado Rockies,Los Angeles Dodgers,115,119,623474.0,656924.0,5,7,0
831934,2026-03-02,San Diego Padres,Athletics,135,133,650633.0,686930.0,2,7,0
831641,2026-03-03,Minnesota Twins,Tampa Bay Rays,142,139,680573.0,811315.0,3,5,0
831532,2026-03-03,Tampa Bay Rays,Philadelphia Phillies,139,143,663556.0,660604.0,3,1,1
831430,2026-03-03,Pittsburgh Pirates,Colombia,134,792,664353.0,527054.0,7,1,1
831445,2026-03-03,Baltimore Orioles,Kingdom of the Netherlands,110,878,669432.0,820853.0,5,8,0
831444,2026-03-03,New York Yankees,Panama,147,890,608331.0,683517.0,11,1,1
831437,2026-03-03,Toronto Blue Jays,Canada,141,784,592332.0,663531.0,10,7,1
831436,2026-03-03,Miami Marlins,Israel,146,840,666129.0,476594.0,0,1,0
831434,2026-03-03,New York Mets,Nicaragua,121,881,804636.0,541640.0,6,3,1
831811,2026-03-03,Cleveland Guardians,Los Angeles Dodgers,114,119,676282.0,808963.0,4,5,0
831772,2026-03-03,Chicago White Sox,San Diego Padres,145,135,656794.0,601713.0,3,4,0
831940,2026-03-03,Athletics,Brazil,133,776,650644.0,,14,4,1
831851,2026-03-03,Kansas City Royals,Cuba,118,798,686701.0,,4,0,1
831853,2026-03-03,Chicago Cubs,Italy,112,841,690990.0,,4,9,0
831720,2026-03-03,San Francisco Giants,United States,137,940,605288.0,694973.0,1,15,0
831817,2026-03-03,Seattle Mariners,Los Angeles Angels,136,108,693433.0,691946.0,6,7,0
831855,2026-03-03,Milwaukee Brewers,Great Britain,158,821,694819.0,,3,7,0
831800,2026-03-03,Arizona Diamondbacks,Mexico,109,867,668678.0,,3,6,0
836149,2026-03-03,Dominican Republic,Detroit Tigers,805,116,622663.0,680744.0,12,4,1
831439,2026-03-03,Boston Red Sox,Puerto Rico,111,897,687562.0,695684.0,3,5,0
831440,2026-03-03,Houston Astros,Venezuela,117,944,664299.0,660825.0,3,1,1
831642,2026-03-04,Baltimore Orioles,Houston Astros,110,117,669358.0,676467.0,2,4,0
831634,2026-03-04,Boston Red Sox,New York Yankees,111,147,676979.0,661563.0,0,4,0
831427,2026-03-04,Philadelphia Phillies,Canada,143,784,605400.0,615698.0,3,5,0
831438,2026-03-04,Atlanta Braves,Colombia,144,792,622694.0,672715.0,9,1,1
831432,2026-03-04,Tampa Bay Rays,Kingdom of the Netherlands,139,878,663765.0,543833.0,8,11,0
831429,2026-03-04,St. Louis Cardinals,Nicaragua,138,881,669461.0,650356.0,1,2,0
831433,2026-03-04,Detroit Tigers,Panama,116,890,656427.0,642545.0,2,1,1
831435,2026-03-04,Minnesota Twins,Puerto Rico,142,897,805673.0,670103.0,6,3,1
831431,2026-03-04,New York Mets,Israel,121,840,656849.0,815084.0,5,2,1
836150,2026-03-04,Dominican Republic,Detroit Tigers,805,116,678394.0,572143.0,4,4,0
831963,2026-03-04,Athletics,Arizona Diamondbacks,133,109,605488.0,694297.0,1,3,0
831938,2026-03-04,Texas Rangers,Brazil,140,776,594798.0,807344.0,13,2,1
831852,2026-03-04,Cuba,Cincinnati Reds,798,113,695076.0,,2,19,0
831799,2026-03-04,Los Angeles Dodgers,Mexico,119,867,607192.0,,7,5,1
831929,2026-03-04,Milwaukee Brewers,Chicago Cubs,158,112,687075.0,665795.0,1,4,0
831854,2026-03-04,San Diego Padres,Great Britain,135,821,605397.0,,2,2,0
831844,2026-03-04,Los Angeles Angels,Italy,108,841,815083.0,838341.0,4,3,1
831723,2026-03-04,Colorado Rockies,United States,115,940,607536.0,642232.0,4,14,0
831428,2026-03-04,Washington Nationals,Venezuela,120,944,656492.0,593958.0,5,1,1
831739,2026-03-04,San Francisco Giants,Seattle Mariners,137,136,592662.0,681867.0,9,4,1
831479,2026-03-05,Washington Nationals,New York Mets,120,121,571945.0,663795.0,7,4,1
831478,2026-03-05,Pittsburgh Pirates,St. Louis Cardinals,134,138,656605.0,669160.0,2,3,0
831633,2026-03-05,Tampa Bay Rays,Baltimore Orioles,139,110,686752.0,621107.0,3,4,0
831581,2026-03-05,Philadelphia Phillies,Boston Red Sox,143,111,666200.0,674674.0,6,2,1
831583,2026-03-05,Atlanta Braves,Toronto Blue Jays,144,141,519242.0,641778.0,9,5,1
831632,2026-03-05,New York Yankees,Minnesota Twins,147,142,621112.0,671737.0,0,15,0
831582,2026-03-05,Miami Marlins,Houston Astros,146,117,645261.0,837227.0,2,0,1
831961,2026-03-05,Chicago Cubs,Arizona Diamondbacks,112,109,607067.0,669194.0,8,1,1
831810,2026-03-05,Cincinnati Reds,Los Angeles Dodgers,113,119,683742.0,608344.0,14,13,1
831941,2026-03-05,Los Angeles Angels,Athletics,108,133,666201.0,806960.0,11,16,0
831765,2026-03-05,Seattle Mariners,San Diego Padres,136,135,622491.0,621111.0,6,27,0
831792,2026-03-05,Colorado Rockies,Milwaukee Brewers,115,158,547179.0,688107.0,8,10,0
831733,2026-03-05,Kansas City Royals,Texas Rangers,118,140,666142.0,669022.0,9,15,0
831880,2026-03-05,Chicago White Sox,Cleveland Guardians,145,114,680732.0,676440.0,3,12,0
831631,2026-03-06,Detroit Tigers,Boston Red Sox,116,111,434378.0,813349.0,11,3,1
831524,2026-03-06,Houston Astros,Washington Nationals,117,120,681347.0,676917.0,7,1,1
831519,2026-03-06,Baltimore Orioles,St. Louis Cardinals,110,138,605135.0,700241.0,2,10,0
831470,2026-03-06,Pittsburgh Pirates,Philadelphia Phillies,134,143,677952.0,691893.0,10,14,0
831525,2026-03-06,Toronto Blue Jays,Pittsburgh Pirates,141,134,621244.0,696149.0,9,2,1
831826,2026-03-06,Cleveland Guardians,Los Angeles Angels,114,108,668909.0,672282.0,5,3,1
831871,2026-03-06,Athletics,Colorado Rockies,133,115,669372.0,801403.0,6,11,0
831889,2026-03-06,San Francisco Giants,Cincinnati Reds,137,113,641816.0,671096.0,6,3,1
831737,2026-03-06,Texas Rangers,Seattle Mariners,140,136,683004.0,807739.0,1,5,0
831919,2026-03-06,Arizona Diamondbacks,Chicago White Sox,109,145,811666.0,641743.0,0,6,0
831954,2026-03-06,Milwaukee Brewers,Arizona Diamondbacks,158,109,694477.0,683352.0,6,2,1
831521,2026-03-06,Minnesota Twins,Atlanta Braves,142,144,641927.0,625643.0,1,4,0
831624,2026-03-06,New York Yankees,Tampa Bay Rays,147,139,693645.0,671212.0,3,0,1
831480,2026-03-06,Miami Marlins,New York Mets,146,121,676974.0,640455.0,2,0,1
831842,2026-03-06,Los Angeles Dodgers,Kansas City Royals,119,118,656924.0,687765.0,6,0,1
831921,2026-03-06,San Diego Padres,Chicago Cubs,135,112,608566.0,676962.0,3,0,1
831523,2026-03-07,Houston Astros,Miami Marlins,117,146,669920.0,663978.0,5,4,1
831518,2026-03-07,Detroit Tigers,Pittsburgh Pirates,116,134,663554.0,682995.0,3,5,0
831469,2026-03-07,St. Louis Cardinals,New York Mets,138,121,681517.0,673540.0,2,3,0
831629,2026-03-07,Boston Red Sox,Tampa Bay Rays,111,139,670912.0,694494.0,2,0,1
831630,2026-03-07,Baltimore Orioles,Minnesota Twins,110,142,700249.0,690953.0,3,2,1
831576,2026-03-07,Philadelphia Phillies,Toronto Blue Jays,143,141,691725.0,453286.0,0,1,0
831580,2026-03-07,Atlanta Braves,Baltimore Orioles,144,110,656550.0,801725.0,2,2,0
831897,2026-03-07,Kansas City Royals,Cincinnati Reds,118,113,663460.0,666157.0,6,2,1
831949,2026-03-07,Chicago Cubs,Athletics,112,133,684007.0,686930.0,4,3,1
831774,2026-03-07,Cleveland Guardians,San Diego Padres,114,135,677944.0,650633.0,7,1,1
831726,2026-03-07,San Francisco Giants,Texas Rangers,137,140,687931.0,656641.0,7,5,1
832862,2026-03-07,Arizona Diamondbacks,San Francisco Giants,109,137,684442.0,664141.0,4,7,0
831904,2026-03-07,Seattle Mariners,Chicago White Sox,136,145,669302.0,691799.0,1,5,0
831795,2026-03-07,Los Angeles Angels,Milwaukee Brewers,108,158,680570.0,605540.0,1,7,0
831828,2026-03-07,Athletics,Los Angeles Angels,133,108,695611.0,696270.0,0,3,0
831568,2026-03-07,Washington Nationals,New York Yankees,120,147,680686.0,701542.0,3,0,1
831863,2026-03-07,Los Angeles Dodgers,Colorado Rockies,119,115,689017.0,807743.0,4,6,0
831572,2026-03-08,Washington Nationals,Houston Astros,120,117,674841.0,686613.0,3,1,1
831571,2026-03-08,Pittsburgh Pirates,Boston Red Sox,134,111,669387.0,687562.0,9,7,1
831628,2026-03-08,Baltimore Orioles,Toronto Blue Jays,110,141,669330.0,664074.0,0,1,0
831522,2026-03-08,Minnesota Twins,Philadelphia Phillies,142,143,680573.0,660604.0,7,6,1
831520,2026-03-08,Tampa Bay Rays,Atlanta Braves,139,144,694312.0,693821.0,9,8,1
831627,2026-03-08,Toronto Blue Jays,Detroit Tigers,141,116,592332.0,676614.0,5,0,1
831467,2026-03-08,Miami Marlins,St. Louis Cardinals,146,138,666129.0,669467.0,2,2,0
831575,2026-03-08,New York Mets,New York Yankees,121,147,642547.0,677960.0,10,4,1
831960,2026-03-08,Cincinnati Reds,Arizona Diamondbacks,113,109,663903.0,686753.0,13,4,1
831832,2026-03-08,Athletics,Los Angeles Angels,133,108,650644.0,686799.0,7,4,1
831812,2026-03-08,Athletics,Los Angeles Dodgers,133,119,682052.0,680736.0,11,7,1
831757,2026-03-08,Chicago Cubs,San Francisco Giants,112,137,573204.0,694738.0,5,9,0
831813,2026-03-08,Texas Rangers,Los Angeles Angels,140,108,543135.0,682989.0,7,10,0
831848,2026-03-08,Chicago White Sox,Kansas City Royals,145,118,663855.0,702070.0,5,4,1
831882,2026-03-08,Colorado Rockies,Cleveland Guardians,115,114,682769.0,676282.0,4,4,0
831892,2026-03-08,San Diego Padres,Cincinnati Reds,135,113,670810.0,695505.0,14,3,1
831740,2026-03-08,Milwaukee Brewers,Seattle Mariners,158,136,690986.0,669923.0,6,3,1
831570,2026-03-09,St. Louis Cardinals,Baltimore Orioles,138,110,669461.0,694346.0,7,2,1
831516,2026-03-09,Houston Astros,St. Louis Cardinals,117,138,664299.0,690916.0,10,3,1
831626,2026-03-09,Detroit Tigers,Tampa Bay Rays,116,139,664285.0,663556.0,4,4,0
831515,2026-03-09,Boston Red Sox,Philadelphia Phillies,111,143,676979.0,669060.0,5,3,1
831569,2026-03-09,Atlanta Braves,Minnesota Twins,144,142,471911.0,805673.0,9,8,1
831881,2026-03-09,Kansas City Royals,Cleveland Guardians,118,114,686701.0,800048.0,2,6,0
831943,2026-03-09,Cincinnati Reds,Athletics,113,133,695076.0,678022.0,7,9,0
831816,2026-03-09,San Francisco Giants,Los Angeles Angels,137,108,592662.0,667755.0,0,2,0
831865,2026-03-09,Chicago White Sox,Colorado Rockies,145,115,699151.0,607536.0,12,3,1
831748,2026-03-09,Arizona Diamondbacks,Seattle Mariners,109,136,668678.0,693433.0,2,1,1
831725,2026-03-09,San Diego Padres,Texas Rangers,135,140,681190.0,657022.0,1,4,0
831802,2026-03-09,Milwaukee Brewers,Los Angeles Dodgers,158,119,676879.0,686218.0,3,4,0
831468,2026-03-09,New York Mets,Miami Marlins,121,146,804267.0,663969.0,9,0,1
831517,2026-03-09,New York Yankees,Pittsburgh Pirates,147,134,608331.0,664353.0,3,5,0
831625,2026-03-10,Boston Red Sox,Detroit Tigers,111,116,543243.0,680744.0,2,7,0
831617,2026-03-10,Houston Astros,Baltimore Orioles,117,110,621121.0,694370.0,7,6,1
831618,2026-03-10,Tampa Bay Rays,Minnesota Twins,139,142,571927.0,657746.0,5,6,0
831573,2026-03-10,Philadelphia Phillies,New York Yankees,143,147,621383.0,661563.0,2,4,0
831513,2026-03-10,Toronto Blue Jays,Atlanta Braves,141,144,656302.0,702275.0,7,0,1
831473,2026-03-10,New York Mets,St. Louis Cardinals,121,138,656849.0,694363.0,6,1,1
831471,2026-03-10,Miami Marlins,Washington Nationals,146,120,691587.0,656492.0,5,7,0
831956,2026-03-10,Los Angeles Dodgers,Arizona Diamondbacks,119,109,607192.0,694297.0,4,1,1
831758,2026-03-10,Cleveland Guardians,San Francisco Giants,114,137,676440.0,693313.0,4,5,0
831920,2026-03-10,Texas Rangers,Chicago Cubs,140,112,594798.0,690990.0,8,3,1
831918,2026-03-10,Athletics,Chicago White Sox,133,145,605488.0,681343.0,11,7,1
831898,2026-03-10,Colorado Rockies,Cincinnati Reds,115,113,663372.0,682227.0,1,8,0
831771,2026-03-10,Los Angeles Angels,San Diego Padres,108,135,815083.0,621111.0,2,10,0
831836,2026-03-10,Seattle Mariners,Kansas City Royals,136,118,681867.0,666142.0,4,3,1
831507,2026-03-11,Baltimore Orioles,Pittsburgh Pirates,110,134,680694.0,663562.0,7,2,1
831465,2026-03-11,Washington Nationals,St. Louis Cardinals,120,138,676917.0,669160.0,3,1,1
831619,2026-03-11,Minnesota Twins,Detroit Tigers,142,116,671737.0,663432.0,2,1,1
831574,2026-03-11,Atlanta Braves,Tampa Bay Rays,144,139,675911.0,607259.0,5,3,1
831561,2026-03-11,Miami Marlins,Houston Astros,146,117,676974.0,837227.0,1,4,0
831849,2026-03-11,Chicago Cubs,Kansas City Royals,112,118,607067.0,687765.0,9,8,1
831762,2026-03-11,Kansas City Royals,San Francisco Giants,118,137,663559.0,641816.0,2,5,0
831824,2026-03-11,Chicago White Sox,Los Angeles Angels,145,108,641743.0,666201.0,4,8,0
831793,2026-03-11,Cincinnati Reds,Milwaukee Brewers,113,158,671096.0,688107.0,6,3,1
831950,2026-03-11,Arizona Diamondbacks,Athletics,109,133,669194.0,806960.0,3,13,0
831861,2026-03-11,Seattle Mariners,Colorado Rockies,136,115,622491.0,801403.0,7,11,0
831620,2026-03-11,New York Yankees,Toronto Blue Jays,147,141,693645.0,641778.0,8,1,1
831472,2026-03-12,St. Louis Cardinals,New York Mets,138,121,700241.0,640455.0,3,1,1
831622,2026-03-12,Minnesota Twins,Boston Red Sox,142,111,641927.0,813349.0,8,5,1
831564,2026-03-12,Philadelphia Phillies,Toronto Blue Jays,143,141,666200.0,669310.0,8,5,1
831621,2026-03-12,Detroit Tigers,New York Yankees,116,147,434378.0,701542.0,3,4,0
831754,2026-03-12,Chicago Cubs,Seattle Mariners,112,136,665795.0,676106.0,7,4,1
831936,2026-03-12,Texas Rangers,Athletics,140,133,683004.0,669372.0,7,6,1
831869,2026-03-12,Arizona Diamondbacks,Colorado Rockies,109,115,664199.0,807743.0,2,13,0
831510,2026-03-12,Houston Astros,Washington Nationals,117,120,681347.0,663623.0,2,3,0
831466,2026-03-12,Pittsburgh Pirates,Atlanta Braves,134,144,696149.0,656550.0,5,2,1
831894,2026-03-12,Los Angeles Dodgers,Cincinnati Reds,119,113,608344.0,666157.0,9,5,1
831908,2026-03-12,San Francisco Giants,Chicago White Sox,137,145,686790.0,621366.0,3,3,0
831791,2026-03-12,Cleveland Guardians,Milwaukee Brewers,114,158,677944.0,669084.0,1,0,1
831839,2026-03-12,San Diego Padres,Kansas City Royals,135,118,608566.0,663460.0,1,10,0
831616,2026-03-13,Boston Red Sox,Tampa Bay Rays,111,139,670912.0,656876.0,7,6,1
831565,2026-03-13,Philadelphia Phillies,Baltimore Orioles,143,110,691725.0,700249.0,11,8,1
831563,2026-03-13,Atlanta Braves,New York Yankees,144,147,800311.0,677960.0,7,6,1
831623,2026-03-13,Toronto Blue Jays,Minnesota Twins,141,142,664074.0,690953.0,6,1,1
831778,2026-03-13,Athletics,San Diego Padres,133,135,650644.0,650633.0,9,13,0
831933,2026-03-13,Chicago White Sox,Chicago Cubs,145,112,663436.0,702303.0,4,2,1
831879,2026-03-13,Los Angeles Angels,Cleveland Guardians,108,114,680570.0,676282.0,5,2,1
831731,2026-03-13,Colorado Rockies,Texas Rangers,115,140,500779.0,656641.0,4,9,0
831935,2026-03-13,Milwaukee Brewers,Athletics,158,133,690986.0,695611.0,4,13,0
831464,2026-03-13,Washington Nationals,New York Mets,120,121,641793.0,605218.0,3,8,0
831512,2026-03-13,Detroit Tigers,Pittsburgh Pirates,116,134,663554.0,605182.0,5,7,0
831567,2026-03-13,St. Louis Cardinals,Houston Astros,138,117,681517.0,678906.0,5,4,1
831462,2026-03-13,New York Mets,Miami Marlins,121,146,673540.0,663978.0,0,1,0
831891,2026-03-13,San Francisco Giants,Cincinnati Reds,137,113,694738.0,695505.0,1,6,0
831958,2026-03-13,Kansas City Royals,Arizona Diamondbacks,118,109,608379.0,518876.0,5,11,0
831759,2026-03-13,Cincinnati Reds,San Francisco Giants,113,137,663903.0,687931.0,1,0,1
831801,2026-03-13,Seattle Mariners,Los Angeles Dodgers,136,119,807739.0,689017.0,7,10,0
831459,2026-03-14,Washington Nationals,Miami Marlins,120,146,806046.0,,1,4,0
831562,2026-03-14,Pittsburgh Pirates,Baltimore Orioles,134,110,669387.0,669432.0,8,6,1
831613,2026-03-14,Minnesota Twins,Tampa Bay Rays,142,139,680573.0,663765.0,6,9,0
831514,2026-03-14,New York Yankees,Philadelphia Phillies,147,143,608331.0,669060.0,4,6,0
831614,2026-03-14,Toronto Blue Jays,Detroit Tigers,141,116,453286.0,669373.0,1,6,0
831460,2026-03-14,Miami Marlins,St. Louis Cardinals,146,138,,669467.0,7,7,0
831850,2026-03-14,Athletics,Kansas City Royals,133,118,682052.0,686701.0,12,1,1
831953,2026-03-14,San Francisco Giants,Arizona Diamondbacks,137,109,605288.0,668678.0,7,8,0
831728,2026-03-14,Cincinnati Reds,Texas Rangers,113,140,695076.0,596295.0,4,3,1
831770,2026-03-14,Texas Rangers,San Diego Padres,140,135,543135.0,594835.0,22,2,1
831809,2026-03-14,Chicago White Sox,Los Angeles Dodgers,145,119,678024.0,680736.0,7,2,1
831928,2026-03-14,Colorado Rockies,Chicago Cubs,115,112,607536.0,676962.0,4,3,1
831877,2026-03-14,San Diego Padres,Cleveland Guardians,135,114,601713.0,671106.0,8,5,1
831747,2026-03-14,Los Angeles Angels,Seattle Mariners,108,136,700712.0,669302.0,6,2,1
831860,2026-03-14,Milwaukee Brewers,Colorado Rockies,158,115,694819.0,688642.0,8,4,1
831508,2026-03-14,Houston Astros,New York Mets,117,121,680802.0,642547.0,8,2,1
831566,2026-03-14,Atlanta Braves,Boston Red Sox,144,111,693821.0,678394.0,10,1,1
831461,2026-03-15,St. Louis Cardinals,Washington Nationals,138,120,690916.0,571945.0,6,3,1
831511,2026-03-15,Tampa Bay Rays,Pittsburgh Pirates,139,134,663556.0,664353.0,6,1,1
831615,2026-03-15,Boston Red Sox,Minnesota Twins,111,142,664918.0,805673.0,7,2,1
831458,2026-03-15,Philadelphia Phillies,Atlanta Braves,143,144,592836.0,660761.0,0,1,0
831509,2026-03-15,Houston Astros,Miami Marlins,117,146,664299.0,691587.0,1,0,1
831611,2026-03-15,New York Yankees,Detroit Tigers,147,116,661563.0,664285.0,1,12,0
831555,2026-03-15,New York Mets,Toronto Blue Jays,121,141,804267.0,814804.0,8,1,1
831814,2026-03-15,Chicago Cubs,Los Angeles Dodgers,112,119,592791.0,686218.0,8,14,0
831944,2026-03-15,Cleveland Guardians,Athletics,114,133,676440.0,827734.0,12,6,1
831727,2026-03-15,Los Angeles Dodgers,Texas Rangers,119,140,689981.0,657022.0,5,3,1
831913,2026-03-15,Kansas City Royals,Chicago White Sox,118,145,666142.0,696146.0,10,4,1
831787,2026-03-15,San Francisco Giants,Milwaukee Brewers,137,158,592662.0,675660.0,7,1,1
831858,2026-03-15,Los Angeles Angels,Colorado Rockies,108,115,803135.0,685299.0,6,5,1
831777,2026-03-15,Arizona Diamondbacks,San Diego Padres,109,135,694297.0,681190.0,4,4,0
831890,2026-03-15,Seattle Mariners,Cincinnati Reds,136,113,669923.0,682227.0,6,3,1
831506,2026-03-16,Minnesota Twins,Pittsburgh Pirates,142,134,657746.0,663562.0,5,1,1
831498,2026-03-16,Detroit Tigers,Philadelphia Phillies,116,143,656427.0,666155.0,13,6,1
831557,2026-03-16,Atlanta Braves,Tampa Bay Rays,144,139,519242.0,607259.0,11,2,1
831559,2026-03-16,Miami Marlins,Toronto Blue Jays,146,141,676083.0,681751.0,4,5,0
831834,2026-03-16,Athletics,Los Angeles Angels,133,108,605488.0,691946.0,3,0,1
831785,2026-03-16,Los Angeles Dodgers,Milwaukee Brewers,119,158,607192.0,694477.0,9,24,0
831903,2026-03-16,Arizona Diamondbacks,Cincinnati Reds,109,113,669194.0,671096.0,11,6,1
831751,2026-03-16,San Diego Padres,San Francisco Giants,135,137,621111.0,641816.0,3,1,1
831457,2026-03-16,New York Mets,Washington Nationals,121,120,656849.0,683068.0,6,12,0
831905,2026-03-16,Texas Rangers,Chicago White Sox,140,145,669022.0,680732.0,3,2,1
831924,2026-03-16,Cleveland Guardians,Chicago Cubs,114,112,668909.0,690990.0,2,5,0
831610,2026-03-17,Detroit Tigers,Baltimore Orioles,116,110,434378.0,605135.0,1,1,0
831560,2026-03-17,Pittsburgh Pirates,Houston Astros,134,117,656605.0,621121.0,2,10,0
831454,2026-03-17,Washington Nationals,St. Louis Cardinals,120,138,663623.0,669160.0,1,0,1
831554,2026-03-17,Philadelphia Phillies,Minnesota Twins,143,142,666200.0,641927.0,2,0,1
831504,2026-03-17,Boston Red Sox,Atlanta Braves,111,144,543243.0,625643.0,4,3,1
831609,2026-03-17,Tampa Bay Rays,New York Yankees,139,147,686752.0,701542.0,2,3,0
831463,2026-03-17,Miami Marlins,New York Mets,146,121,645261.0,640455.0,5,5,0
831942,2026-03-17,Chicago White Sox,Athletics,145,133,641743.0,806960.0,6,4,1
831742,2026-03-17,Colorado Rockies,Seattle Mariners,115,136,801403.0,681867.0,6,10,0
831769,2026-03-17,Seattle Mariners,San Diego Padres,136,135,622491.0,608566.0,6,9,0
831831,2026-03-17,Chicago Cubs,Los Angeles Angels,112,108,684007.0,666201.0,8,6,1
831883,2026-03-17,Cincinnati Reds,Cleveland Guardians,113,114,666157.0,663465.0,6,8,0
831806,2026-03-17,Kansas City Royals,Los Angeles Dodgers,118,119,592717.0,808963.0,4,10,0
831556,2026-03-18,St. Louis Cardinals,Houston Astros,138,117,681517.0,641585.0,4,1,1
831453,2026-03-18,Atlanta Braves,Philadelphia Phillies,144,143,527048.0,691725.0,3,2,1
831607,2026-03-18,New York Yankees,Boston Red Sox,147,111,543037.0,813349.0,1,0,1
831600,2026-03-18,Toronto Blue Jays,Baltimore Orioles,141,110,676596.0,544150.0,2,3,0
831866,2026-03-18,Cincinnati Reds,Colorado Rockies,113,115,663903.0,500779.0,6,8,0
831761,2026-03-18,Los Angeles Dodgers,San Francisco Giants,119,137,660271.0,694738.0,5,1,1
831932,2026-03-18,Arizona Diamondbacks,Chicago Cubs,109,112,518876.0,665795.0,16,8,1
831895,2026-03-18,Los Angeles Angels,Cincinnati Reds,108,113,686799.0,695505.0,7,4,1
831818,2026-03-18,Milwaukee Brewers,Los Angeles Angels,158,108,690986.0,696270.0,3,4,0
831784,2026-03-18,Seattle Mariners,Milwaukee Brewers,136,158,676106.0,692230.0,7,3,1
831558,2026-03-18,Pittsburgh Pirates,Detroit Tigers,134,116,677952.0,663554.0,3,1,1
831833,2026-03-18,Texas Rangers,Kansas City Royals,140,118,677958.0,608379.0,12,3,1
831452,2026-03-19,St. Louis Cardinals,Washington Nationals,138,120,687273.0,641793.0,5,1,1
831551,2026-03-19,Philadelphia Phillies,Tampa Bay Rays,143,139,641835.0,656876.0,8,2,1
832062,2026-03-19,New York Yankees,Baltimore Orioles,147,110,608331.0,665152.0,5,4,1
831605,2026-03-19,Toronto Blue Jays,New York Yankees,141,147,664074.0,677960.0,11,0,1
831500,2026-03-19,Houston Astros,New York Mets,117,121,663567.0,673540.0,2,6,0
831501,2026-03-19,Baltimore Orioles,Pittsburgh Pirates,110,134,669432.0,676742.0,5,2,1
831606,2026-03-19,Boston Red Sox,Minnesota Twins,111,142,678394.0,690953.0,4,2,1
831822,2026-03-19,Kansas City Royals,Los Angeles Angels,118,108,663460.0,579328.0,3,4,0
831846,2026-03-19,Cleveland Guardians,Kansas City Royals,114,118,800048.0,702070.0,6,5,1
831962,2026-03-19,Chicago White Sox,Arizona Diamondbacks,145,109,663436.0,647336.0,4,2,1
831755,2026-03-19,Athletics,Seattle Mariners,133,136,650644.0,,4,6,0
831756,2026-03-19,Colorado Rockies,San Francisco Giants,115,137,608372.0,657277.0,11,14,0
831907,2026-03-19,San Diego Padres,Chicago White Sox,135,145,650633.0,686563.0,13,6,1
831722,2026-03-19,Milwaukee Brewers,Texas Rangers,158,140,605540.0,656641.0,11,4,1
831602,2026-03-20,Tampa Bay Rays,Boston Red Sox,139,111,663556.0,687762.0,2,0,1
831604,2026-03-20,Minnesota Twins,Toronto Blue Jays,142,141,680573.0,453286.0,1,2,0
831550,2026-03-20,Philadelphia Phillies,Detroit Tigers,143,116,650911.0,669373.0,4,4,0
831456,2026-03-20,New York Mets,St. Louis Cardinals,121,138,668964.0,669461.0,3,4,0
831910,2026-03-20,Los Angeles Angels,Chicago White Sox,108,145,667755.0,681343.0,4,3,1
831451,2026-03-20,Atlanta Braves,Pittsburgh Pirates,144,134,660761.0,670990.0,8,1,1
831505,2026-03-20,Houston Astros,Miami Marlins,117,146,686613.0,691587.0,4,7,0
831603,2026-03-20,New York Yankees,Baltimore Orioles,147,110,661563.0,621107.0,3,1,1
831450,2026-03-20,Miami Marlins,Washington Nationals,146,120,663978.0,656492.0,3,2,1
831835,2026-03-20,San Francisco Giants,Kansas City Royals,137,118,605288.0,686701.0,5,2,1
831902,2026-03-20,Chicago Cubs,Cincinnati Reds,112,113,571510.0,682227.0,6,8,0
831766,2026-03-20,Los Angeles Dodgers,San Diego Padres,119,135,808967.0,594835.0,4,3,1
831743,2026-03-20,Cleveland Guardians,Seattle Mariners,114,136,671106.0,682077.0,8,20,0
831749,2026-03-20,Texas Rangers,San Francisco Giants,140,137,543135.0,702352.0,6,5,1
831931,2026-03-20,Athletics,Chicago Cubs,133,112,,592791.0,6,2,1
831864,2026-03-20,San Diego Padres,Colorado Rockies,135,115,601713.0,675848.0,3,9,0
831796,2026-03-20,Arizona Diamondbacks,Milwaukee Brewers,109,158,668678.0,694819.0,8,7,1
831448,2026-03-21,Washington Nationals,New York Mets,120,121,676917.0,,3,1,1
831553,2026-03-21,Pittsburgh Pirates,Toronto Blue Jays,134,141,694973.0,592332.0,8,3,1
831599,2026-03-21,Tampa Bay Rays,Minnesota Twins,139,142,691765.0,657746.0,3,2,1
831499,2026-03-21,Baltimore Orioles,Philadelphia Phillies,110,143,694370.0,680743.0,10,8,1
831502,2026-03-21,Boston Red Sox,Atlanta Braves,111,144,676979.0,519242.0,1,6,0
831449,2026-03-21,St. Louis Cardinals,Miami Marlins,138,146,,676083.0,7,4,1
831601,2026-03-21,Detroit Tigers,New York Yankees,116,147,664285.0,693645.0,3,1,1
831549,2026-03-21,New York Mets,Houston Astros,121,117,804636.0,681347.0,5,7,0
831937,2026-03-21,Los Angeles Dodgers,Athletics,119,133,686218.0,682052.0,5,5,0
831868,2026-03-21,Kansas City Royals,Colorado Rockies,118,115,666142.0,607536.0,6,5,1
831873,2026-03-21,San Francisco Giants,Cleveland Guardians,137,114,592662.0,676440.0,10,7,1
831734,2026-03-21,Arizona Diamondbacks,Texas Rangers,109,140,669194.0,,5,2,1
831767,2026-03-21,Milwaukee Brewers,San Diego Padres,158,135,688107.0,681190.0,6,1,1
831916,2026-03-21,Cincinnati Reds,Chicago White Sox,113,145,671096.0,699151.0,11,7,1
831923,2026-03-21,Seattle Mariners,Chicago Cubs,136,112,,607067.0,1,7,0
831496,2026-03-22,Houston Astros,St. Louis Cardinals,117,138,664299.0,700241.0,2,3,0
831552,2026-03-22,Pittsburgh Pirates,Boston Red Sox,134,111,656605.0,543243.0,3,6,0
831492,2026-03-22,Minnesota Twins,Atlanta Braves,142,144,671737.0,625643.0,7,3,1
831493,2026-03-22,New York Yankees,Philadelphia Phillies,147,143,701542.0,605400.0,6,2,1
831592,2026-03-22,Toronto Blue Jays,Tampa Bay Rays,141,139,656302.0,607259.0,14,1,1
831446,2026-03-22,Miami Marlins,New York Mets,146,121,645261.0,656849.0,4,3,1
831503,2026-03-22,Baltimore Orioles,Washington Nationals,110,120,680694.0,680730.0,8,1,1
831896,2026-03-22,Cleveland Guardians,Cincinnati Reds,114,113,668909.0,666157.0,8,2,1
831789,2026-03-22,Chicago Cubs,Milwaukee Brewers,112,158,690990.0,694477.0,12,0,1
831945,2026-03-22,Colorado Rockies,Athletics,115,133,547179.0,605488.0,6,5,1
831752,2026-03-22,Sacramento River Cats,San Francisco Giants,105,137,802609.0,641816.0,2,1,1
831746,2026-03-22,Chicago White Sox,Seattle Mariners,145,136,680732.0,693433.0,2,4,0
831804,2026-03-22,Los Angeles Angels,Los Angeles Dodgers,108,119,691946.0,607192.0,5,13,0
831947,2026-03-22,San Diego Padres,Arizona Diamondbacks,135,109,621111.0,605452.0,1,11,0
831547,2026-03-23,Philadelphia Phillies,Tampa Bay Rays,143,139,666200.0,571927.0,0,7,0
831546,2026-03-23,Washington Nationals,Baltimore Orioles,120,110,676571.0,669358.0,0,2,0
832036,2026-03-23,Boston Red Sox,Minnesota Twins,111,142,670912.0,641927.0,6,9,0
831447,2026-03-23,Pittsburgh Pirates,Atlanta Braves,134,144,608334.0,800311.0,2,5,0
831915,2026-03-23,Athletics,Chicago White Sox,133,145,806960.0,641743.0,10,9,1
831780,2026-03-23,Chicago Cubs,New York Yankees,112,147,684007.0,801739.0,15,6,1
831735,2026-03-23,San Diego Padres,Seattle Mariners,135,136,608566.0,622491.0,10,3,1
831442,2026-03-23,Springfield Cardinals,St. Louis Cardinals,440,138,802408.0,669160.0,2,3,0
832078,2026-03-23,Milwaukee Brewers,Cincinnati Reds,158,113,676879.0,663903.0,9,1,1
831838,2026-03-23,Texas Rangers,Kansas City Royals,140,118,669022.0,608379.0,3,2,1
831443,2026-03-23,Houston Astros,Sugar Land Space Cowboys,117,5434,837227.0,,9,1,1
831857,2026-03-23,Colorado Rockies,Detroit Tigers,115,116,,656427.0,6,5,1
831821,2026-03-23,Los Angeles Dodgers,Los Angeles Angels,119,108,808963.0,672282.0,7,7,0
831885,2026-03-23,Arizona Diamondbacks,Cleveland Guardians,109,114,518876.0,677944.0,0,7,0
831786,2026-03-23,San Francisco Giants,Sultanes de Monterrey,137,562,663941.0,605501.0,10,2,1
831545,2026-03-24,Atlanta Braves,Tampa Bay Rays,144,139,656550.0,592155.0,3,2,1
832037,2026-03-24,Minnesota Twins,Boston Red Sox,142,111,687849.0,624133.0,15,6,1
831837,2026-03-24,Texas Rangers,Kansas City Royals,140,118,683004.0,607625.0,4,1,1
831779,2026-03-24,Chicago Cubs,New York Yankees,112,147,665795.0,543037.0,3,8,0
831856,2026-03-24,Colorado Rockies,Detroit Tigers,115,116,608372.0,434378.0,8,11,0
831887,2026-03-24,Arizona Diamondbacks,Cleveland Guardians,109,114,647336.0,800048.0,5,10,0
832077,2026-03-24,Milwaukee Brewers,Cincinnati Reds,158,113,687075.0,695505.0,4,1,1
831820,2026-03-24,Los Angeles Dodgers,Los Angeles Angels,119,108,660271.0,686799.0,0,3,0
831441,2026-03-24,Houston Astros,Sugar Land Space Cowboys,117,5434,621121.0,699044.0,6,5,1
831782,2026-03-24,San Francisco Giants,Sultanes de Monterrey,137,562,694738.0,656954.0,8,2,1
823244,2026-03-25,San Francisco Giants,New York Yankees,137,147,657277.0,608331.0,0,7,0
823649,2026-03-26,New York Mets,Pittsburgh Pirates,121,134,642547.0,694973.0,11,7,1
823812,2026-03-26,Milwaukee Brewers,Chicago White Sox,158,145,694819.0,681343.0,14,2,1
824704,2026-03-26,Chicago Cubs,Washington Nationals,112,120,571510.0,676917.0,4,10,0
824865,2026-03-26,Baltimore Orioles,Minnesota Twins,110,142,669432.0,657746.0,2,1,1
824541,2026-03-26,Cincinnati Reds,Boston Red Sox,113,111,671096.0,676979.0,0,3,0
824218,2026-03-26,Houston Astros,Los Angeles Angels,117,108,686613.0,667755.0,0,3,0
823325,2026-03-26,San Diego Padres,Detroit Tigers,135,116,601713.0,669373.0,2,8,0
823081,2026-03-26,St. Louis Cardinals,Tampa Bay Rays,138,139,669461.0,656876.0,9,7,1
823486,2026-03-26,Philadelphia Phillies,Texas Rangers,143,140,650911.0,543135.0,5,3,1
823974,2026-03-26,Los Angeles Dodgers,Arizona Diamondbacks,119,109,808967.0,668678.0,8,2,1
823163,2026-03-26,Seattle Mariners,Cleveland Guardians,136,114,669302.0,676440.0,4,6,0
823243,2026-03-27,San Francisco Giants,New York Yankees,137,147,592662.0,693645.0,0,3,0
822839,2026-03-27,Toronto Blue Jays,Athletics,141,133,592332.0,622663.0,3,2,1
823893,2026-03-27,Miami Marlins,Colorado Rockies,146,115,645261.0,607536.0,2,1,1
824946,2026-03-27,Atlanta Braves,Kansas City Royals,144,118,519242.0,666142.0,6,0,1
824216,2026-03-27,Houston Astros,Los Angeles Angels,117,108,681347.0,579328.0,2,6,0
823324,2026-03-27,San Diego Padres,Detroit Tigers,135,116,650633.0,664285.0,2,5,0
823162,2026-03-27,Seattle Mariners,Cleveland Guardians,136,114,669923.0,668909.0,5,1,1
823971,2026-03-27,Los Angeles Dodgers,Arizona Diamondbacks,119,109,686218.0,669194.0,5,4,1
823082,2026-03-28,St. Louis Cardinals,Tampa Bay Rays,138,139,700241.0,671212.0,6,5,1
824701,2026-03-28,Chicago Cubs,Washington Nationals,112,120,690990.0,571945.0,10,2,1
822838,2026-03-28,Toronto Blue Jays,Athletics,141,133,656302.0,605488.0,8,7,1
824862,2026-03-28,Baltimore Orioles,Minnesota Twins,110,142,680694.0,671737.0,1,4,0
823488,2026-03-28,Philadelphia Phillies,Texas Rangers,143,140,605400.0,656641.0,4,5,0
824540,2026-03-28,Cincinnati Reds,Boston Red Sox,113,111,663903.0,543243.0,6,5,1
823651,2026-03-28,New York Mets,Pittsburgh Pirates,121,134,656849.0,656605.0,4,2,1
823892,2026-03-28,Miami Marlins,Colorado Rockies,146,115,691587.0,547179.0,4,3,1
824213,2026-03-28,Houston Astros,Los Angeles Angels,117,108,664299.0,672282.0,11,9,1
823811,2026-03-28,Milwaukee Brewers,Chicago White Sox,158,145,694477.0,680732.0,6,1,1
824945,2026-03-28,Atlanta Braves,Kansas City Royals,144,118,625643.0,608379.0,6,2,1
823241,2026-03-28,San Francisco Giants,New York Yankees,137,147,641816.0,701542.0,1,3,0
823323,2026-03-28,San Diego Padres,Detroit Tigers,135,116,681190.0,656427.0,3,0,1
823973,2026-03-28,Los Angeles Dodgers,Arizona Diamondbacks,119,109,607192.0,593958.0,3,2,1
823161,2026-03-28,Seattle Mariners,Cleveland Guardians,136,114,693433.0,676282.0,5,6,0
824864,2026-03-29,Baltimore Orioles,Minnesota Twins,110,142,669358.0,641927.0,8,6,1
823487,2026-03-29,Philadelphia Phillies,Texas Rangers,143,140,666200.0,669022.0,3,8,0
824944,2026-03-29,Atlanta Braves,Kansas City Royals,144,118,656550.0,607625.0,1,4,0
822837,2026-03-29,Toronto Blue Jays,Athletics,141,133,641778.0,806960.0,5,2,1
824538,2026-03-29,Cincinnati Reds,Boston Red Sox,113,111,695076.0,813349.0,3,2,1
823647,2026-03-29,New York Mets,Pittsburgh Pirates,121,134,690997.0,669387.0,3,4,0
823891,2026-03-29,Miami Marlins,Colorado Rockies,146,115,676974.0,500779.0,4,3,1
824215,2026-03-29,Houston Astros,Los Angeles Angels,117,108,837227.0,686799.0,9,7,1
823810,2026-03-29,Milwaukee Brewers,Chicago White Sox,158,145,687075.0,641743.0,9,7,1
823079,2026-03-29,St. Louis Cardinals,Tampa Bay Rays,138,139,669160.0,571927.0,7,11,0
824700,2026-03-29,Chicago Cubs,Washington Nationals,112,120,684007.0,663623.0,3,6,0
823160,2026-03-29,Seattle Mariners,Cleveland Guardians,136,114,676106.0,677944.0,8,0,1
824135,2026-03-30,Kansas City Royals,Minnesota Twins,118,142,663460.0,680573.0,3,1,1
824863,2026-03-30,Baltimore Orioles,Texas Rangers,110,140,605135.0,683004.0,2,5,0
824539,2026-03-30,Cincinnati Reds,Pittsburgh Pirates,113,134,695505.0,677952.0,2,0,1
823484,2026-03-30,Philadelphia Phillies,Washington Nationals,143,120,592836.0,656492.0,2,13,0
823890,2026-03-30,Miami Marlins,Chicago White Sox,146,145,663978.0,663436.0,4,9,0
822834,2026-03-30,Toronto Blue Jays,Colorado Rockies,141,115,664074.0,608372.0,5,14,0
824943,2026-03-30,Atlanta Braves,Athletics,144,133,693821.0,682052.0,4,0,1
824702,2026-03-30,Chicago Cubs,Los Angeles Angels,112,108,665795.0,696270.0,7,2,1
823809,2026-03-30,Milwaukee Brewers,Tampa Bay Rays,158,139,690986.0,607259.0,2,3,0
823080,2026-03-30,St. Louis Cardinals,New York Mets,138,121,681517.0,605280.0,2,4,0
824214,2026-03-30,Houston Astros,Boston Red Sox,117,111,621121.0,624133.0,8,1,1
823320,2026-03-30,San Diego Padres,San Francisco Giants,135,137,621111.0,694738.0,2,3,0
823159,2026-03-30,Seattle Mariners,New York Yankees,136,147,622491.0,677960.0,2,1,1
825108,2026-03-30,Arizona Diamondbacks,Detroit Tigers,109,116,647336.0,434378.0,9,6,1
823972,2026-03-30,Los Angeles Dodgers,Cleveland Guardians,119,114,808963.0,800048.0,2,4,0
824861,2026-03-31,Baltimore Orioles,Texas Rangers,110,140,621107.0,594798.0,5,8,0
824537,2026-03-31,Cincinnati Reds,Pittsburgh Pirates,113,134,682227.0,696149.0,3,8,0
823485,2026-03-31,Philadelphia Phillies,Washington Nationals,143,120,691725.0,676571.0,3,2,1
823888,2026-03-31,Miami Marlins,Chicago White Sox,146,145,676083.0,607200.0,9,2,1
822836,2026-03-31,Toronto Blue Jays,Colorado Rockies,141,115,453286.0,663372.0,5,1,1
824942,2026-03-31,Atlanta Braves,Athletics,144,133,660761.0,650644.0,2,5,0
824699,2026-03-31,Chicago Cubs,Los Angeles Angels,112,108,592791.0,667755.0,0,2,0
823807,2026-03-31,Milwaukee Brewers,Tampa Bay Rays,158,139,605540.0,663556.0,6,2,1
823077,2026-03-31,St. Louis Cardinals,New York Mets,138,121,669467.0,673540.0,3,0,1
824212,2026-03-31,Houston Astros,Boston Red Sox,117,111,686613.0,678394.0,9,2,1
825107,2026-03-31,Arizona Diamondbacks,Detroit Tigers,109,116,694297.0,663554.0,7,5,1
823322,2026-03-31,San Diego Padres,San Francisco Giants,135,137,608566.0,657277.0,3,9,0
823158,2026-03-31,Seattle Mariners,New York Yankees,136,147,669302.0,608331.0,0,5,0
823969,2026-03-31,Los Angeles Dodgers,Cleveland Guardians,119,114,660271.0,676440.0,4,1,1
824940,2026-04-01,Atlanta Braves,Athletics,144,133,519242.0,622663.0,5,1,1
824860,2026-04-01,Baltimore Orioles,Texas Rangers,110,140,669432.0,543135.0,8,3,1
824536,2026-04-01,Cincinnati Reds,Pittsburgh Pirates,113,134,671096.0,694973.0,3,8,0
823483,2026-04-01,Philadelphia Phillies,Washington Nationals,143,120,650911.0,676917.0,6,5,1
822835,2026-04-01,Toronto Blue Jays,Colorado Rockies,141,115,592332.0,607536.0,1,2,0
823889,2026-04-01,Miami Marlins,Chicago White Sox,146,145,645261.0,681343.0,10,0,1
823078,2026-04-01,St. Louis Cardinals,New York Mets,138,121,669461.0,642547.0,2,1,1
823806,2026-04-01,Milwaukee Brewers,Tampa Bay Rays,158,139,694819.0,656876.0,8,2,1
824211,2026-04-01,Houston Astros,Boston Red Sox,117,111,681347.0,676979.0,6,4,1
824698,2026-04-01,Chicago Cubs,Los Angeles Angels,112,108,571510.0,579328.0,6,2,1
825106,2026-04-01,Arizona Diamondbacks,Detroit Tigers,109,116,668678.0,669373.0,1,0,1
823321,2026-04-01,San Diego Padres,San Francisco Giants,135,137,601713.0,605288.0,7,1,1
823157,2026-04-01,Seattle Mariners,New York Yankees,136,147,669923.0,693645.0,3,5,0
824136,2026-04-01,Kansas City Royals,Minnesota Twins,118,142,702070.0,657746.0,13,9,1
823970,2026-04-01,Los Angeles Dodgers,Cleveland Guardians,119,114,808967.0,668909.0,1,4,0
824133,2026-04-02,Kansas City Royals,Minnesota Twins,118,142,666142.0,671737.0,1,5,0
825105,2026-04-02,Arizona Diamondbacks,Atlanta Braves,109,144,669194.0,625643.0,2,17,0
823242,2026-04-02,San Francisco Giants,New York Mets,137,121,592662.0,656849.0,7,2,1
822758,2026-04-03,Washington Nationals,Los Angeles Dodgers,120,119,571945.0,686218.0,6,13,0
824299,2026-04-03,Detroit Tigers,St. Louis Cardinals,116,138,664285.0,700241.0,4,0,1
823568,2026-04-03,New York Yankees,Miami Marlins,147,146,701542.0,691587.0,8,2,1
824786,2026-04-03,Boston Red Sox,San Diego Padres,111,135,543243.0,650633.0,5,2,1
822919,2026-04-03,Texas Rangers,Cincinnati Reds,140,113,669022.0,663903.0,3,5,0
824458,2026-04-03,Cleveland Guardians,Chicago Cubs,114,112,676282.0,690990.0,4,1,1
823732,2026-04-03,Minnesota Twins,Tampa Bay Rays,142,139,641927.0,671212.0,10,4,1
824377,2026-04-03,Colorado Rockies,Philadelphia Phillies,115,143,547179.0,605400.0,1,10,0
823406,2026-04-03,Pittsburgh Pirates,Baltimore Orioles,134,110,656605.0,680694.0,5,4,1
824056,2026-04-03,Los Angeles Angels,Seattle Mariners,108,136,672282.0,693433.0,1,3,0
825026,2026-04-03,Athletics,Houston Astros,133,117,605488.0,664299.0,11,4,1
825103,2026-04-03,Arizona Diamondbacks,Atlanta Braves,109,144,593958.0,656550.0,0,2,0
823240,2026-04-03,San Francisco Giants,New York Mets,137,121,641816.0,690997.0,3,10,0
824295,2026-04-04,Detroit Tigers,St. Louis Cardinals,116,138,656427.0,669160.0,11,6,1
824622,2026-04-04,Chicago White Sox,Toronto Blue Jays,145,141,691799.0,689254.0,6,3,1
824132,2026-04-04,Kansas City Royals,Milwaukee Brewers,118,158,679883.0,694477.0,2,5,0
822757,2026-04-04,Washington Nationals,Los Angeles Dodgers,120,119,663623.0,607192.0,5,10,0
825027,2026-04-04,Athletics,Houston Astros,133,117,806960.0,837227.0,0,11,0
823404,2026-04-04,Pittsburgh Pirates,Baltimore Orioles,134,110,669387.0,669358.0,3,2,1
824782,2026-04-04,Boston Red Sox,San Diego Padres,111,135,813349.0,681190.0,2,3,0
822920,2026-04-04,Texas Rangers,Cincinnati Reds,140,113,677958.0,695076.0,0,2,0
823569,2026-04-04,New York Yankees,Miami Marlins,147,146,677960.0,676974.0,9,7,1
823730,2026-04-04,Minnesota Twins,Tampa Bay Rays,142,139,690953.0,571927.0,1,7,0
825104,2026-04-04,Arizona Diamondbacks,Atlanta Braves,109,144,647336.0,693821.0,2,1,1
824378,2026-04-04,Colorado Rockies,Philadelphia Phillies,115,143,657514.0,666200.0,1,2,0
823239,2026-04-04,San Francisco Giants,New York Mets,137,121,694738.0,605280.0,0,9,0
824054,2026-04-04,Los Angeles Angels,Seattle Mariners,108,136,686799.0,676106.0,1,0,1
824459,2026-04-05,Cleveland Guardians,Chicago Cubs,114,112,677944.0,665795.0,0,1,0
822756,2026-04-05,Washington Nationals,Los Angeles Dodgers,120,119,656492.0,808963.0,6,8,0
823405,2026-04-05,Pittsburgh Pirates,Baltimore Orioles,134,110,677952.0,605135.0,8,2,1
824781,2026-04-05,Boston Red Sox,San Diego Padres,111,135,624133.0,621111.0,6,8,0
823566,2026-04-05,New York Yankees,Miami Marlins,147,146,608331.0,664126.0,6,7,0
823729,2026-04-05,Minnesota Twins,Tampa Bay Rays,142,139,680573.0,607259.0,1,4,0
824620,2026-04-05,Chicago White Sox,Toronto Blue Jays,145,141,663436.0,641778.0,3,0,1
824131,2026-04-05,Kansas City Royals,Milwaukee Brewers,118,158,663460.0,690986.0,5,8,0
822917,2026-04-05,Texas Rangers,Cincinnati Reds,140,113,683004.0,695505.0,1,2,0
824379,2026-04-05,Colorado Rockies,Philadelphia Phillies,115,143,608372.0,592836.0,4,1,1
825025,2026-04-05,Athletics,Houston Astros,133,117,682052.0,621121.0,12,10,1
823238,2026-04-05,San Francisco Giants,New York Mets,137,121,657277.0,673540.0,2,5,0
824053,2026-04-05,Los Angeles Angels,Seattle Mariners,108,136,691946.0,622491.0,8,7,1
825102,2026-04-05,Arizona Diamondbacks,Atlanta Braves,109,144,694297.0,527048.0,6,5,1
824296,2026-04-05,Detroit Tigers,St. Louis Cardinals,116,138,672456.0,681517.0,3,5,0
823002,2026-04-06,Tampa Bay Rays,Chicago Cubs,139,112,663556.0,592791.0,6,4,1
824456,2026-04-06,Cleveland Guardians,Kansas City Royals,114,118,676440.0,608379.0,2,4,0
823401,2026-04-06,Pittsburgh Pirates,San Diego Padres,134,135,696149.0,608566.0,0,5,0
823886,2026-04-06,Miami Marlins,Cincinnati Reds,146,113,676083.0,682227.0,0,2,0
822755,2026-04-06,Washington Nationals,St. Louis Cardinals,120,138,641793.0,669467.0,9,6,1
824783,2026-04-06,Boston Red Sox,Milwaukee Brewers,111,158,678394.0,605540.0,6,8,0
822832,2026-04-06,Toronto Blue Jays,Los Angeles Dodgers,141,119,453286.0,680736.0,2,14,0
823728,2026-04-06,Minnesota Twins,Detroit Tigers,142,116,657746.0,663554.0,7,3,1
824619,2026-04-06,Chicago White Sox,Baltimore Orioles,145,110,691799.0,687064.0,1,2,0
822918,2026-04-06,Texas Rangers,Seattle Mariners,140,136,594798.0,669302.0,2,1,1
824376,2026-04-06,Colorado Rockies,Houston Astros,115,117,663372.0,675989.0,9,7,1
824052,2026-04-06,Los Angeles Angels,Atlanta Braves,108,144,667755.0,519242.0,6,2,1
823237,2026-04-06,San Francisco Giants,Philadelphia Phillies,137,143,605288.0,691725.0,4,6,0
824457,2026-04-07,Cleveland Guardians,Kansas City Royals,114,118,668909.0,702070.0,2,1,1
824618,2026-04-07,Chicago White Sox,Baltimore Orioles,145,110,681343.0,669432.0,2,4,0
823648,2026-04-07,New York Mets,Arizona Diamondbacks,121,109,642547.0,668678.0,4,3,1
823402,2026-04-07,Pittsburgh Pirates,San Diego Padres,134,135,694973.0,601713.0,7,1,1
822999,2026-04-07,Tampa Bay Rays,Chicago Cubs,139,112,669438.0,665871.0,2,9,0
823887,2026-04-07,Miami Marlins,Cincinnati Reds,146,113,645261.0,671096.0,3,6,0
822754,2026-04-07,Washington Nationals,St. Louis Cardinals,120,138,676917.0,669461.0,6,7,0
824780,2026-04-07,Boston Red Sox,Milwaukee Brewers,111,158,676979.0,694819.0,3,2,1
823567,2026-04-07,New York Yankees,Athletics,147,133,693645.0,650644.0,5,3,1
822831,2026-04-07,Toronto Blue Jays,Los Angeles Dodgers,141,119,592332.0,808967.0,1,4,0
823727,2026-04-07,Minnesota Twins,Detroit Tigers,142,116,671737.0,669373.0,4,2,1
822916,2026-04-07,Texas Rangers,Seattle Mariners,140,136,543135.0,669923.0,3,2,1
824375,2026-04-07,Colorado Rockies,Houston Astros,115,117,607536.0,681347.0,5,1,1
824051,2026-04-07,Los Angeles Angels,Atlanta Braves,108,144,579328.0,625643.0,2,7,0
823235,2026-04-07,San Francisco Giants,Philadelphia Phillies,137,143,592662.0,650911.0,6,0,1
823403,2026-04-08,Pittsburgh Pirates,San Diego Padres,134,135,656605.0,650633.0,2,8,0
824455,2026-04-08,Cleveland Guardians,Kansas City Royals,114,118,676282.0,666142.0,10,2,1
824779,2026-04-08,Boston Red Sox,Milwaukee Brewers,111,158,543243.0,675660.0,5,0,1
824617,2026-04-08,Chicago White Sox,Baltimore Orioles,145,110,680732.0,680694.0,3,5,0
822915,2026-04-08,Texas Rangers,Seattle Mariners,140,136,669022.0,693433.0,3,0,1
822833,2026-04-08,Toronto Blue Jays,Los Angeles Dodgers,141,119,656302.0,660271.0,4,3,1
824374,2026-04-08,Colorado Rockies,Houston Astros,115,117,547179.0,664299.0,9,1,1
823234,2026-04-08,San Francisco Giants,Philadelphia Phillies,137,143,641816.0,605400.0,5,0,1
822753,2026-04-08,Washington Nationals,St. Louis Cardinals,120,138,571945.0,700241.0,1,6,0
824050,2026-04-08,Los Angeles Angels,Atlanta Braves,108,144,672282.0,656550.0,2,8,0
823646,2026-04-08,New York Mets,Arizona Diamondbacks,121,109,656849.0,669194.0,2,7,0
823000,2026-04-08,Tampa Bay Rays,Chicago Cubs,139,112,671212.0,607067.0,2,6,0
823885,2026-04-08,Miami Marlins,Cincinnati Reds,146,113,691587.0,663903.0,7,4,1
823564,2026-04-08,New York Yankees,Athletics,147,133,701542.0,622663.0,2,3,0
823726,2026-04-08,Minnesota Twins,Detroit Tigers,142,116,641927.0,664285.0,8,6,1
823884,2026-04-09,Miami Marlins,Cincinnati Reds,146,113,676974.0,695076.0,1,0,1
823565,2026-04-09,New York Yankees,Athletics,147,133,677960.0,605488.0,0,0,0
823724,2026-04-09,Minnesota Twins,Detroit Tigers,142,116,690953.0,656427.0,0,0,0
